FormationDate,ActualFormationDate,Model,SelectionMethod,CorrelationThreshold,WeightingMethod,InitialCapital,FinalValue,NetPnL,TotalReturn,CAGR,AnnualizedVolatility,MaxDrawdown,Sharpe,Sortino,GainLossRatio,WinRate
2021-01-01T00:00:00.000000,2021-01-01T00:00:00.000000,momentum_12_1,top_n,None,equal,100000000,971340847.3183436,871340847.3183436,8.777072664299169,0.5155352456497662,0.32970034617111926,-0.38955443974310655,1.4490327876722964,1.8910655575491102,1.0442578076893312,0.5600589535740604
2021-01-01T00:00:00.000000,2021-01-01T00:00:00.000000,momentum_12_1,top_n,None,alpha,100000000,972396390.7806123,872396390.7806123,8.787898987350276,0.5158411255489015,0.3287826745242239,-0.3894484449076602,1.4528474310117012,1.8966100943233881,1.044274810062015,0.5600589535740604
2021-01-01T00:00:00.000000,2021-01-01T00:00:00.000000,momentum_12_1,top_n,None,alpha_volatility,100000000,865385820.8540816,765385820.8540816,7.70185439945549,0.48367779783497356,0.3220071287562737,-0.3845395450635126,1.408700388688104,1.8202800692490506,1.046525460138982,0.5578481945467944
2021-01-01T00:00:00.000000,2021-01-01T00:00:00.000000,momentum_12_1,top_n,None,inverse_volatility,100000000,864191435.2603059,764191435.2603059,7.689697860499871,0.4832996207720177,0.3229083401903712,-0.38466762209086625,1.4048010352199451,1.8153240590376674,1.0496190913706072,0.5571112748710391
2021-01-01T00:00:00.000000,2021-01-01T00:00:00.000000,momentum_12_1,correlation_filtered,None,equal,100000000,971340847.3183436,871340847.3183436,8.777072664299169,0.5155352456497662,0.32970034617111926,-0.38955443974310655,1.4490327876722964,1.8910655575491102,1.0442578076893312,0.5600589535740604
2021-01-01T00:00:00.000000,2021-01-01T00:00:00.000000,momentum_12_1,correlation_filtered,None,alpha,100000000,972396390.7806123,872396390.7806123,8.787898987350276,0.5158411255489015,0.3287826745242239,-0.3894484449076602,1.4528474310117012,1.8966100943233881,1.044274810062015,0.5600589535740604
2021-01-01T00:00:00.000000,2021-01-01T00:00:00.000000,momentum_12_1,correlation_filtered,None,alpha_volatility,100000000,865385820.8540816,765385820.8540816,7.70185439945549,0.48367779783497356,0.3220071287562737,-0.3845395450635126,1.408700388688104,1.8202800692490506,1.046525460138982,0.5578481945467944
2021-01-01T00:00:00.000000,2021-01-01T00:00:00.000000,momentum_12_1,correlation_filtered,None,inverse_volatility,100000000,864191435.2603059,764191435.2603059,7.689697860499871,0.4832996207720177,0.3229083401903712,-0.38466762209086625,1.4048010352199451,1.8153240590376674,1.0496190913706072,0.5571112748710391
2021-01-01T00:00:00.000000,2021-01-01T00:00:00.000000,momentum_12_1,correlation_filtered,0.7,equal,100000000,971340847.3183436,871340847.3183436,8.777072664299169,0.5155352456497662,0.32970034617111926,-0.38955443974310655,1.4490327876722964,1.8910655575491102,1.0442578076893312,0.5600589535740604
2021-01-01T00:00:00.000000,2021-01-01T00:00:00.000000,momentum_12_1,correlation_filtered,0.7,alpha,100000000,972396390.7806123,872396390.7806123,8.787898987350276,0.5158411255489015,0.3287826745242239,-0.3894484449076602,1.4528474310117012,1.8966100943233881,1.044274810062015,0.5600589535740604
2021-01-01T00:00:00.000000,2021-01-01T00:00:00.000000,momentum_12_1,correlation_filtered,0.7,alpha_volatility,100000000,865385820.8540816,765385820.8540816,7.70185439945549,0.48367779783497356,0.3220071287562737,-0.3845395450635126,1.408700388688104,1.8202800692490506,1.046525460138982,0.5578481945467944
2021-01-01T00:00:00.000000,2021-01-01T00:00:00.000000,momentum_12_1,correlation_filtered,0.7,inverse_volatility,100000000,864191435.2603059,764191435.2603059,7.689697860499871,0.4832996207720177,0.3229083401903712,-0.38466762209086625,1.4048010352199451,1.8153240590376674,1.0496190913706072,0.5571112748710391
2021-01-01T00:00:00.000000,2021-01-01T00:00:00.000000,momentum_12_1,correlation_filtered,0.75,equal,100000000,971340847.3183436,871340847.3183436,8.777072664299169,0.5155352456497662,0.32970034617111926,-0.38955443974310655,1.4490327876722964,1.8910655575491102,1.0442578076893312,0.5600589535740604
2021-01-01T00:00:00.000000,2021-01-01T00:00:00.000000,momentum_12_1,correlation_filtered,0.75,alpha,100000000,972396390.7806123,872396390.7806123,8.787898987350276,0.5158411255489015,0.3287826745242239,-0.3894484449076602,1.4528474310117012,1.8966100943233881,1.044274810062015,0.5600589535740604
2021-01-01T00:00:00.000000,2021-01-01T00:00:00.000000,momentum_12_1,correlation_filtered,0.75,alpha_volatility,100000000,865385820.8540816,765385820.8540816,7.70185439945549,0.48367779783497356,0.3220071287562737,-0.3845395450635126,1.408700388688104,1.8202800692490506,1.046525460138982,0.5578481945467944
2021-01-01T00:00:00.000000,2021-01-01T00:00:00.000000,momentum_12_1,correlation_filtered,0.75,inverse_volatility,100000000,864191435.2603059,764191435.2603059,7.689697860499871,0.4832996207720177,0.3229083401903712,-0.38466762209086625,1.4048010352199451,1.8153240590376674,1.0496190913706072,0.5571112748710391
2021-01-01T00:00:00.000000,2021-01-01T00:00:00.000000,momentum_12_1,correlation_filtered,0.8,equal,100000000,971340847.3183436,871340847.3183436,8.777072664299169,0.5155352456497662,0.32970034617111926,-0.38955443974310655,1.4490327876722964,1.8910655575491102,1.0442578076893312,0.5600589535740604
2021-01-01T00:00:00.000000,2021-01-01T00:00:00.000000,momentum_12_1,correlation_filtered,0.8,alpha,100000000,972396390.7806123,872396390.7806123,8.787898987350276,0.5158411255489015,0.3287826745242239,-0.3894484449076602,1.4528474310117012,1.8966100943233881,1.044274810062015,0.5600589535740604
2021-01-01T00:00:00.000000,2021-01-01T00:00:00.000000,momentum_12_1,correlation_filtered,0.8,alpha_volatility,100000000,865385820.8540816,765385820.8540816,7.70185439945549,0.48367779783497356,0.3220071287562737,-0.3845395450635126,1.408700388688104,1.8202800692490506,1.046525460138982,0.5578481945467944
2021-01-01T00:00:00.000000,2021-01-01T00:00:00.000000,momentum_12_1,correlation_filtered,0.8,inverse_volatility,100000000,864191435.2603059,764191435.2603059,7.689697860499871,0.4832996207720177,0.3229083401903712,-0.38466762209086625,1.4048010352199451,1.8153240590376674,1.0496190913706072,0.5571112748710391
2021-01-01T00:00:00.000000,2021-01-01T00:00:00.000000,momentum_12_1,correlation_filtered,0.85,equal,100000000,971340847.3183436,871340847.3183436,8.777072664299169,0.5155352456497662,0.32970034617111926,-0.38955443974310655,1.4490327876722964,1.8910655575491102,1.0442578076893312,0.5600589535740604
2021-01-01T00:00:00.000000,2021-01-01T00:00:00.000000,momentum_12_1,correlation_filtered,0.85,alpha,100000000,972396390.7806123,872396390.7806123,8.787898987350276,0.5158411255489015,0.3287826745242239,-0.3894484449076602,1.4528474310117012,1.8966100943233881,1.044274810062015,0.5600589535740604
2021-01-01T00:00:00.000000,2021-01-01T00:00:00.000000,momentum_12_1,correlation_filtered,0.85,alpha_volatility,100000000,865385820.8540816,765385820.8540816,7.70185439945549,0.48367779783497356,0.3220071287562737,-0.3845395450635126,1.408700388688104,1.8202800692490506,1.046525460138982,0.5578481945467944
2021-01-01T00:00:00.000000,2021-01-01T00:00:00.000000,momentum_12_1,correlation_filtered,0.85,inverse_volatility,100000000,864191435.2603059,764191435.2603059,7.689697860499871,0.4832996207720177,0.3229083401903712,-0.38466762209086625,1.4048010352199451,1.8153240590376674,1.0496190913706072,0.5571112748710391
2021-01-01T00:00:00.000000,2021-01-01T00:00:00.000000,momentum_6m,top_n,None,equal,100000000,1120471139.1937995,1020471139.1937995,10.260295579082735,0.5550761226184793,0.318770221935481,-0.32267101966214806,1.571260742225309,1.986584482964839,0.966197834078037,0.58069270449521
2021-01-01T00:00:00.000000,2021-01-01T00:00:00.000000,momentum_6m,top_n,None,alpha,100000000,1125423854.7693555,1025423854.7693555,10.310884837636086,0.5563477890448445,0.31894566947505415,-0.32444546468577773,1.573194263557988,1.9888303458077978,0.9635553760618695,0.5814296241709653
2021-01-01T00:00:00.000000,2021-01-01T00:00:00.000000,momentum_6m,top_n,None,alpha_volatility,100000000,1082872393.996386,982872393.996386,9.868377798799987,0.5450628984725587,0.3212388739015827,-0.315101228302738,1.5409504558379683,1.9368281600230746,0.9729180031729295,0.578481945467944
2021-01-01T00:00:00.000000,2021-01-01T00:00:00.000000,momentum_6m,top_n,None,inverse_volatility,100000000,1078064064.5291452,978064064.5291452,9.819342419183254,0.5437893872669994,0.32113517515275136,-0.3133334999249492,1.538713895914745,1.9333483329685535,0.9696811462164386,0.5792188651436994
2021-01-01T00:00:00.000000,2021-01-01T00:00:00.000000,momentum_6m,correlation_filtered,None,equal,100000000,1120471139.1937995,1020471139.1937995,10.260295579082735,0.5550761226184793,0.318770221935481,-0.32267101966214806,1.571260742225309,1.986584482964839,0.966197834078037,0.58069270449521
2021-01-01T00:00:00.000000,2021-01-01T00:00:00.000000,momentum_6m,correlation_filtered,None,alpha,100000000,1125423854.7693555,1025423854.7693555,10.310884837636086,0.5563477890448445,0.31894566947505415,-0.32444546468577773,1.573194263557988,1.9888303458077978,0.9635553760618695,0.5814296241709653
2021-01-01T00:00:00.000000,2021-01-01T00:00:00.000000,momentum_6m,correlation_filtered,None,alpha_volatility,100000000,1082872393.996386,982872393.996386,9.868377798799987,0.5450628984725587,0.3212388739015827,-0.315101228302738,1.5409504558379683,1.9368281600230746,0.9729180031729295,0.578481945467944
2021-01-01T00:00:00.000000,2021-01-01T00:00:00.000000,momentum_6m,correlation_filtered,None,inverse_volatility,100000000,1078064064.5291452,978064064.5291452,9.819342419183254,0.5437893872669994,0.32113517515275136,-0.3133334999249492,1.538713895914745,1.9333483329685535,0.9696811462164386,0.5792188651436994
2021-01-01T00:00:00.000000,2021-01-01T00:00:00.000000,momentum_6m,correlation_filtered,0.7,equal,100000000,1120471139.1937995,1020471139.1937995,10.260295579082735,0.5550761226184793,0.318770221935481,-0.32267101966214806,1.571260742225309,1.986584482964839,0.966197834078037,0.58069270449521
2021-01-01T00:00:00.000000,2021-01-01T00:00:00.000000,momentum_6m,correlation_filtered,0.7,alpha,100000000,1125423854.7693555,1025423854.7693555,10.310884837636086,0.5563477890448445,0.31894566947505415,-0.32444546468577773,1.573194263557988,1.9888303458077978,0.9635553760618695,0.5814296241709653
2021-01-01T00:00:00.000000,2021-01-01T00:00:00.000000,momentum_6m,correlation_filtered,0.7,alpha_volatility,100000000,1082872393.996386,982872393.996386,9.868377798799987,0.5450628984725587,0.3212388739015827,-0.315101228302738,1.5409504558379683,1.9368281600230746,0.9729180031729295,0.578481945467944
2021-01-01T00:00:00.000000,2021-01-01T00:00:00.000000,momentum_6m,correlation_filtered,0.7,inverse_volatility,100000000,1078064064.5291452,978064064.5291452,9.819342419183254,0.5437893872669994,0.32113517515275136,-0.3133334999249492,1.538713895914745,1.9333483329685535,0.9696811462164386,0.5792188651436994
2021-01-01T00:00:00.000000,2021-01-01T00:00:00.000000,momentum_6m,correlation_filtered,0.75,equal,100000000,1120471139.1937995,1020471139.1937995,10.260295579082735,0.5550761226184793,0.318770221935481,-0.32267101966214806,1.571260742225309,1.986584482964839,0.966197834078037,0.58069270449521
2021-01-01T00:00:00.000000,2021-01-01T00:00:00.000000,momentum_6m,correlation_filtered,0.75,alpha,100000000,1125423854.7693555,1025423854.7693555,10.310884837636086,0.5563477890448445,0.31894566947505415,-0.32444546468577773,1.573194263557988,1.9888303458077978,0.9635553760618695,0.5814296241709653
2021-01-01T00:00:00.000000,2021-01-01T00:00:00.000000,momentum_6m,correlation_filtered,0.75,alpha_volatility,100000000,1082872393.996386,982872393.996386,9.868377798799987,0.5450628984725587,0.3212388739015827,-0.315101228302738,1.5409504558379683,1.9368281600230746,0.9729180031729295,0.578481945467944
2021-01-01T00:00:00.000000,2021-01-01T00:00:00.000000,momentum_6m,correlation_filtered,0.75,inverse_volatility,100000000,1078064064.5291452,978064064.5291452,9.819342419183254,0.5437893872669994,0.32113517515275136,-0.3133334999249492,1.538713895914745,1.9333483329685535,0.9696811462164386,0.5792188651436994
2021-01-01T00:00:00.000000,2021-01-01T00:00:00.000000,momentum_6m,correlation_filtered,0.8,equal,100000000,1120471139.1937995,1020471139.1937995,10.260295579082735,0.5550761226184793,0.318770221935481,-0.32267101966214806,1.571260742225309,1.986584482964839,0.966197834078037,0.58069270449521
2021-01-01T00:00:00.000000,2021-01-01T00:00:00.000000,momentum_6m,correlation_filtered,0.8,alpha,100000000,1125423854.7693555,1025423854.7693555,10.310884837636086,0.5563477890448445,0.31894566947505415,-0.32444546468577773,1.573194263557988,1.9888303458077978,0.9635553760618695,0.5814296241709653
2021-01-01T00:00:00.000000,2021-01-01T00:00:00.000000,momentum_6m,correlation_filtered,0.8,alpha_volatility,100000000,1082872393.996386,982872393.996386,9.868377798799987,0.5450628984725587,0.3212388739015827,-0.315101228302738,1.5409504558379683,1.9368281600230746,0.9729180031729295,0.578481945467944
2021-01-01T00:00:00.000000,2021-01-01T00:00:00.000000,momentum_6m,correlation_filtered,0.8,inverse_volatility,100000000,1078064064.5291452,978064064.5291452,9.819342419183254,0.5437893872669994,0.32113517515275136,-0.3133334999249492,1.538713895914745,1.9333483329685535,0.9696811462164386,0.5792188651436994
2021-01-01T00:00:00.000000,2021-01-01T00:00:00.000000,momentum_6m,correlation_filtered,0.85,equal,100000000,1120471139.1937995,1020471139.1937995,10.260295579082735,0.5550761226184793,0.318770221935481,-0.32267101966214806,1.571260742225309,1.986584482964839,0.966197834078037,0.58069270449521
2021-01-01T00:00:00.000000,2021-01-01T00:00:00.000000,momentum_6m,correlation_filtered,0.85,alpha,100000000,1125423854.7693555,1025423854.7693555,10.310884837636086,0.5563477890448445,0.31894566947505415,-0.32444546468577773,1.573194263557988,1.9888303458077978,0.9635553760618695,0.5814296241709653
2021-01-01T00:00:00.000000,2021-01-01T00:00:00.000000,momentum_6m,correlation_filtered,0.85,alpha_volatility,100000000,1082872393.996386,982872393.996386,9.868377798799987,0.5450628984725587,0.3212388739015827,-0.315101228302738,1.5409504558379683,1.9368281600230746,0.9729180031729295,0.578481945467944
2021-01-01T00:00:00.000000,2021-01-01T00:00:00.000000,momentum_6m,correlation_filtered,0.85,inverse_volatility,100000000,1078064064.5291452,978064064.5291452,9.819342419183254,0.5437893872669994,0.32113517515275136,-0.3133334999249492,1.538713895914745,1.9333483329685535,0.9696811462164386,0.5792188651436994
2021-01-01T00:00:00.000000,2021-01-01T00:00:00.000000,momentum_3m,top_n,None,equal,100000000,803419597.2940718,703419597.2940718,7.0651508409195145,0.4632620983952862,0.3276785345720803,-0.38359248831731785,1.348718499423411,1.7753603696117093,1.0248248117103136,0.5534266764922623
2021-01-01T00:00:00.000000,2021-01-01T00:00:00.000000,momentum_3m,top_n,None,alpha,100000000,809760943.1951586,709760943.1951586,7.129179450479995,0.46537358286056096,0.3281085554630907,-0.3844636994279178,1.351862057316709,1.7803982188375083,1.0223089469624917,0.5541635961680177
2021-01-01T00:00:00.000000,2021-01-01T00:00:00.000000,momentum_3m,top_n,None,alpha_volatility,100000000,733455175.2511837,633455175.2511837,6.3251297339991375,0.4378061848660877,0.32091842269074566,-0.3787383533954417,1.3145189894075138,1.7223714329962327,0.9999949010324186,0.5578481945467944
2021-01-01T00:00:00.000000,2021-01-01T00:00:00.000000,momentum_3m,top_n,None,inverse_volatility,100000000,727846014.4722741,627846014.4722741,6.268807273444532,0.4357838860558638,0.32049507554374446,-0.37834307723608906,1.3113535652301793,1.7171155224831027,0.9994695272484844,0.5578481945467944
2021-01-01T00:00:00.000000,2021-01-01T00:00:00.000000,momentum_3m,correlation_filtered,None,equal,100000000,803419597.2940718,703419597.2940718,7.0651508409195145,0.4632620983952862,0.3276785345720803,-0.38359248831731785,1.348718499423411,1.7753603696117093,1.0248248117103136,0.5534266764922623
2021-01-01T00:00:00.000000,2021-01-01T00:00:00.000000,momentum_3m,correlation_filtered,None,alpha,100000000,809760943.1951586,709760943.1951586,7.129179450479995,0.46537358286056096,0.3281085554630907,-0.3844636994279178,1.351862057316709,1.7803982188375083,1.0223089469624917,0.5541635961680177
2021-01-01T00:00:00.000000,2021-01-01T00:00:00.000000,momentum_3m,correlation_filtered,None,alpha_volatility,100000000,733455175.2511837,633455175.2511837,6.3251297339991375,0.4378061848660877,0.32091842269074566,-0.3787383533954417,1.3145189894075138,1.7223714329962327,0.9999949010324186,0.5578481945467944
2021-01-01T00:00:00.000000,2021-01-01T00:00:00.000000,momentum_3m,correlation_filtered,None,inverse_volatility,100000000,727846014.4722741,627846014.4722741,6.268807273444532,0.4357838860558638,0.32049507554374446,-0.37834307723608906,1.3113535652301793,1.7171155224831027,0.9994695272484844,0.5578481945467944
2021-01-01T00:00:00.000000,2021-01-01T00:00:00.000000,momentum_3m,correlation_filtered,0.7,equal,100000000,824683799.535752,724683799.535752,7.33951406483482,0.472215451727386,0.32159133908779897,-0.3809326589878289,1.3872959794492243,1.8208651638772442,0.977950016595576,0.5666912306558585
2021-01-01T00:00:00.000000,2021-01-01T00:00:00.000000,momentum_3m,correlation_filtered,0.7,alpha,100000000,831039162.4678082,731039162.4678082,7.403172307883736,0.47425833421808083,0.3221265866183868,-0.38196455366402016,1.389920108869406,1.8250309999043686,0.9784109913403993,0.5666912306558585
2021-01-01T00:00:00.000000,2021-01-01T00:00:00.000000,momentum_3m,correlation_filtered,0.7,alpha_volatility,100000000,765069260.3182508,665069260.3182508,6.696514783306226,0.45083169918307564,0.3161407469934722,-0.36011053442441265,1.3585312652807957,1.7787887732397547,0.9810279868595846,0.5644804716285925
2021-01-01T00:00:00.000000,2021-01-01T00:00:00.000000,momentum_3m,correlation_filtered,0.7,inverse_volatility,100000000,759549288.9467006,659549288.9467006,6.641585670679864,0.4489380235692162,0.31561369152198493,-0.35900412427274153,1.3560484905170747,1.775136530421097,0.9864789803149285,0.5630066322770818
2021-01-01T00:00:00.000000,2021-01-01T00:00:00.000000,momentum_3m,correlation_filtered,0.75,equal,100000000,803419597.2940718,703419597.2940718,7.0651508409195145,0.4632620983952862,0.3276785345720803,-0.38359248831731785,1.348718499423411,1.7753603696117093,1.0248248117103136,0.5534266764922623
2021-01-01T00:00:00.000000,2021-01-01T00:00:00.000000,momentum_3m,correlation_filtered,0.75,alpha,100000000,809760943.1951586,709760943.1951586,7.129179450479995,0.46537358286056096,0.3281085554630907,-0.3844636994279178,1.351862057316709,1.7803982188375083,1.0223089469624917,0.5541635961680177
2021-01-01T00:00:00.000000,2021-01-01T00:00:00.000000,momentum_3m,correlation_filtered,0.75,alpha_volatility,100000000,733455175.2511837,633455175.2511837,6.3251297339991375,0.4378061848660877,0.32091842269074566,-0.3787383533954417,1.3145189894075138,1.7223714329962327,0.9999949010324186,0.5578481945467944
2021-01-01T00:00:00.000000,2021-01-01T00:00:00.000000,momentum_3m,correlation_filtered,0.75,inverse_volatility,100000000,727846014.4722741,627846014.4722741,6.268807273444532,0.4357838860558638,0.32049507554374446,-0.37834307723608906,1.3113535652301793,1.7171155224831027,0.9994695272484844,0.5578481945467944
2021-01-01T00:00:00.000000,2021-01-01T00:00:00.000000,momentum_3m,correlation_filtered,0.8,equal,100000000,803419597.2940718,703419597.2940718,7.0651508409195145,0.4632620983952862,0.3276785345720803,-0.38359248831731785,1.348718499423411,1.7753603696117093,1.0248248117103136,0.5534266764922623
2021-01-01T00:00:00.000000,2021-01-01T00:00:00.000000,momentum_3m,correlation_filtered,0.8,alpha,100000000,809760943.1951586,709760943.1951586,7.129179450479995,0.46537358286056096,0.3281085554630907,-0.3844636994279178,1.351862057316709,1.7803982188375083,1.0223089469624917,0.5541635961680177
2021-01-01T00:00:00.000000,2021-01-01T00:00:00.000000,momentum_3m,correlation_filtered,0.8,alpha_volatility,100000000,733455175.2511837,633455175.2511837,6.3251297339991375,0.4378061848660877,0.32091842269074566,-0.3787383533954417,1.3145189894075138,1.7223714329962327,0.9999949010324186,0.5578481945467944
2021-01-01T00:00:00.000000,2021-01-01T00:00:00.000000,momentum_3m,correlation_filtered,0.8,inverse_volatility,100000000,727846014.4722741,627846014.4722741,6.268807273444532,0.4357838860558638,0.32049507554374446,-0.37834307723608906,1.3113535652301793,1.7171155224831027,0.9994695272484844,0.5578481945467944
2021-01-01T00:00:00.000000,2021-01-01T00:00:00.000000,momentum_3m,correlation_filtered,0.85,equal,100000000,803419597.2940718,703419597.2940718,7.0651508409195145,0.4632620983952862,0.3276785345720803,-0.38359248831731785,1.348718499423411,1.7753603696117093,1.0248248117103136,0.5534266764922623
2021-01-01T00:00:00.000000,2021-01-01T00:00:00.000000,momentum_3m,correlation_filtered,0.85,alpha,100000000,809760943.1951586,709760943.1951586,7.129179450479995,0.46537358286056096,0.3281085554630907,-0.3844636994279178,1.351862057316709,1.7803982188375083,1.0223089469624917,0.5541635961680177
2021-01-01T00:00:00.000000,2021-01-01T00:00:00.000000,momentum_3m,correlation_filtered,0.85,alpha_volatility,100000000,733455175.2511837,633455175.2511837,6.3251297339991375,0.4378061848660877,0.32091842269074566,-0.3787383533954417,1.3145189894075138,1.7223714329962327,0.9999949010324186,0.5578481945467944
2021-01-01T00:00:00.000000,2021-01-01T00:00:00.000000,momentum_3m,correlation_filtered,0.85,inverse_volatility,100000000,727846014.4722741,627846014.4722741,6.268807273444532,0.4357838860558638,0.32049507554374446,-0.37834307723608906,1.3113535652301793,1.7171155224831027,0.9994695272484844,0.5578481945467944
2021-01-01T00:00:00.000000,2021-01-01T00:00:00.000000,multi_horizon_momentum,top_n,None,equal,100000000,906225569.5724263,806225569.5724263,8.134129288327138,0.4968527187124907,0.3340969454610456,-0.38934184327311727,1.3972228585575532,1.7614987436314447,0.9581111366218954,0.576271186440678
2021-01-01T00:00:00.000000,2021-01-01T00:00:00.000000,multi_horizon_momentum,top_n,None,alpha,100000000,927330883.27678,827330883.27678,8.349328326478101,0.5032223968240055,0.3344678758330152,-0.39109765019791487,1.4091036340683445,1.7787595444784645,0.9534143647292888,0.5777450257921887
2021-01-01T00:00:00.000000,2021-01-01T00:00:00.000000,multi_horizon_momentum,top_n,None,alpha_volatility,100000000,856957691.7730066,756957691.7730066,7.622937692131934,0.48121503775635155,0.3249061442263183,-0.3819970106077114,1.3944455779473066,1.7537216342805477,0.9368464328406069,0.5814296241709653
2021-01-01T00:00:00.000000,2021-01-01T00:00:00.000000,multi_horizon_momentum,top_n,None,inverse_volatility,100000000,836707705.709369,736707705.709369,7.4169405313292724,0.47469851065112634,0.3242695714110708,-0.38030446497133685,1.3825702973688883,1.7370244390432366,0.9385232777748899,0.58069270449521
2021-01-01T00:00:00.000000,2021-01-01T00:00:00.000000,multi_horizon_momentum,correlation_filtered,None,equal,100000000,906225569.5724263,806225569.5724263,8.134129288327138,0.4968527187124907,0.3340969454610456,-0.38934184327311727,1.3972228585575532,1.7614987436314447,0.9581111366218954,0.576271186440678
2021-01-01T00:00:00.000000,2021-01-01T00:00:00.000000,multi_horizon_momentum,correlation_filtered,None,alpha,100000000,927330883.27678,827330883.27678,8.349328326478101,0.5032223968240055,0.3344678758330152,-0.39109765019791487,1.4091036340683445,1.7787595444784645,0.9534143647292888,0.5777450257921887
2021-01-01T00:00:00.000000,2021-01-01T00:00:00.000000,multi_horizon_momentum,correlation_filtered,None,alpha_volatility,100000000,856957691.7730066,756957691.7730066,7.622937692131934,0.48121503775635155,0.3249061442263183,-0.3819970106077114,1.3944455779473066,1.7537216342805477,0.9368464328406069,0.5814296241709653
2021-01-01T00:00:00.000000,2021-01-01T00:00:00.000000,multi_horizon_momentum,correlation_filtered,None,inverse_volatility,100000000,836707705.709369,736707705.709369,7.4169405313292724,0.47469851065112634,0.3242695714110708,-0.38030446497133685,1.3825702973688883,1.7370244390432366,0.9385232777748899,0.58069270449521
2021-01-01T00:00:00.000000,2021-01-01T00:00:00.000000,multi_horizon_momentum,correlation_filtered,0.7,equal,100000000,906225569.5724263,806225569.5724263,8.134129288327138,0.4968527187124907,0.3340969454610456,-0.38934184327311727,1.3972228585575532,1.7614987436314447,0.9581111366218954,0.576271186440678
2021-01-01T00:00:00.000000,2021-01-01T00:00:00.000000,multi_horizon_momentum,correlation_filtered,0.7,alpha,100000000,927330883.27678,827330883.27678,8.349328326478101,0.5032223968240055,0.3344678758330152,-0.39109765019791487,1.4091036340683445,1.7787595444784645,0.9534143647292888,0.5777450257921887
2021-01-01T00:00:00.000000,2021-01-01T00:00:00.000000,multi_horizon_momentum,correlation_filtered,0.7,alpha_volatility,100000000,856957691.7730066,756957691.7730066,7.622937692131934,0.48121503775635155,0.3249061442263183,-0.3819970106077114,1.3944455779473066,1.7537216342805477,0.9368464328406069,0.5814296241709653
2021-01-01T00:00:00.000000,2021-01-01T00:00:00.000000,multi_horizon_momentum,correlation_filtered,0.7,inverse_volatility,100000000,836707705.709369,736707705.709369,7.4169405313292724,0.47469851065112634,0.3242695714110708,-0.38030446497133685,1.3825702973688883,1.7370244390432366,0.9385232777748899,0.58069270449521
2021-01-01T00:00:00.000000,2021-01-01T00:00:00.000000,multi_horizon_momentum,correlation_filtered,0.75,equal,100000000,906225569.5724263,806225569.5724263,8.134129288327138,0.4968527187124907,0.3340969454610456,-0.38934184327311727,1.3972228585575532,1.7614987436314447,0.9581111366218954,0.576271186440678
2021-01-01T00:00:00.000000,2021-01-01T00:00:00.000000,multi_horizon_momentum,correlation_filtered,0.75,alpha,100000000,927330883.27678,827330883.27678,8.349328326478101,0.5032223968240055,0.3344678758330152,-0.39109765019791487,1.4091036340683445,1.7787595444784645,0.9534143647292888,0.5777450257921887
2021-01-01T00:00:00.000000,2021-01-01T00:00:00.000000,multi_horizon_momentum,correlation_filtered,0.75,alpha_volatility,100000000,856957691.7730066,756957691.7730066,7.622937692131934,0.48121503775635155,0.3249061442263183,-0.3819970106077114,1.3944455779473066,1.7537216342805477,0.9368464328406069,0.5814296241709653
2021-01-01T00:00:00.000000,2021-01-01T00:00:00.000000,multi_horizon_momentum,correlation_filtered,0.75,inverse_volatility,100000000,836707705.709369,736707705.709369,7.4169405313292724,0.47469851065112634,0.3242695714110708,-0.38030446497133685,1.3825702973688883,1.7370244390432366,0.9385232777748899,0.58069270449521
2021-01-01T00:00:00.000000,2021-01-01T00:00:00.000000,multi_horizon_momentum,correlation_filtered,0.8,equal,100000000,906225569.5724263,806225569.5724263,8.134129288327138,0.4968527187124907,0.3340969454610456,-0.38934184327311727,1.3972228585575532,1.7614987436314447,0.9581111366218954,0.576271186440678
2021-01-01T00:00:00.000000,2021-01-01T00:00:00.000000,multi_horizon_momentum,correlation_filtered,0.8,alpha,100000000,927330883.27678,827330883.27678,8.349328326478101,0.5032223968240055,0.3344678758330152,-0.39109765019791487,1.4091036340683445,1.7787595444784645,0.9534143647292888,0.5777450257921887
2021-01-01T00:00:00.000000,2021-01-01T00:00:00.000000,multi_horizon_momentum,correlation_filtered,0.8,alpha_volatility,100000000,856957691.7730066,756957691.7730066,7.622937692131934,0.48121503775635155,0.3249061442263183,-0.3819970106077114,1.3944455779473066,1.7537216342805477,0.9368464328406069,0.5814296241709653
2021-01-01T00:00:00.000000,2021-01-01T00:00:00.000000,multi_horizon_momentum,correlation_filtered,0.8,inverse_volatility,100000000,836707705.709369,736707705.709369,7.4169405313292724,0.47469851065112634,0.3242695714110708,-0.38030446497133685,1.3825702973688883,1.7370244390432366,0.9385232777748899,0.58069270449521
2021-01-01T00:00:00.000000,2021-01-01T00:00:00.000000,multi_horizon_momentum,correlation_filtered,0.85,equal,100000000,906225569.5724263,806225569.5724263,8.134129288327138,0.4968527187124907,0.3340969454610456,-0.38934184327311727,1.3972228585575532,1.7614987436314447,0.9581111366218954,0.576271186440678
2021-01-01T00:00:00.000000,2021-01-01T00:00:00.000000,multi_horizon_momentum,correlation_filtered,0.85,alpha,100000000,927330883.27678,827330883.27678,8.349328326478101,0.5032223968240055,0.3344678758330152,-0.39109765019791487,1.4091036340683445,1.7787595444784645,0.9534143647292888,0.5777450257921887
2021-01-01T00:00:00.000000,2021-01-01T00:00:00.000000,multi_horizon_momentum,correlation_filtered,0.85,alpha_volatility,100000000,856957691.7730066,756957691.7730066,7.622937692131934,0.48121503775635155,0.3249061442263183,-0.3819970106077114,1.3944455779473066,1.7537216342805477,0.9368464328406069,0.5814296241709653
2021-01-01T00:00:00.000000,2021-01-01T00:00:00.000000,multi_horizon_momentum,correlation_filtered,0.85,inverse_volatility,100000000,836707705.709369,736707705.709369,7.4169405313292724,0.47469851065112634,0.3242695714110708,-0.38030446497133685,1.3825702973688883,1.7370244390432366,0.9385232777748899,0.58069270449521
2021-01-01T00:00:00.000000,2021-01-01T00:00:00.000000,relative_strength,top_n,None,equal,100000000,937651664.6507497,837651664.6507497,8.357370703784591,0.5034581100046875,0.3167760915104379,-0.3733952392237333,1.4700663087593666,1.8515459848147973,0.933515471711136,0.5858511422254974
2021-01-01T00:00:00.000000,2021-01-01T00:00:00.000000,relative_strength,top_n,None,alpha,100000000,945283152.2497321,845283152.2497321,8.434570038854117,0.5057123510471948,0.3163834515936013,-0.373159965964759,1.4763663897094477,1.8602944334107743,0.9283823472059732,0.5873249815770081
2021-01-01T00:00:00.000000,2021-01-01T00:00:00.000000,relative_strength,top_n,None,alpha_volatility,100000000,894679945.7616551,794679945.7616551,7.910640622650202,0.49010644149994254,0.31182605459521845,-0.3536147262441304,1.4592039361117255,1.8326558630481296,0.9349795985035793,0.5851142225497421
2021-01-01T00:00:00.000000,2021-01-01T00:00:00.000000,relative_strength,top_n,None,inverse_volatility,100000000,887440114.3458276,787440114.3458276,7.837580045351915,0.4878710101783372,0.31224514640604917,-0.353744987498973,1.452719597377152,1.8236500407929364,0.9372637378006352,0.5843773028739867
2021-01-01T00:00:00.000000,2021-01-01T00:00:00.000000,relative_strength,correlation_filtered,None,equal,100000000,937651664.6507497,837651664.6507497,8.357370703784591,0.5034581100046875,0.3167760915104379,-0.3733952392237333,1.4700663087593666,1.8515459848147973,0.933515471711136,0.5858511422254974
2021-01-01T00:00:00.000000,2021-01-01T00:00:00.000000,relative_strength,correlation_filtered,None,alpha,100000000,945283152.2497321,845283152.2497321,8.434570038854117,0.5057123510471948,0.3163834515936013,-0.373159965964759,1.4763663897094477,1.8602944334107743,0.9283823472059732,0.5873249815770081
2021-01-01T00:00:00.000000,2021-01-01T00:00:00.000000,relative_strength,correlation_filtered,None,alpha_volatility,100000000,894679945.7616551,794679945.7616551,7.910640622650202,0.49010644149994254,0.31182605459521845,-0.3536147262441304,1.4592039361117255,1.8326558630481296,0.9349795985035793,0.5851142225497421
2021-01-01T00:00:00.000000,2021-01-01T00:00:00.000000,relative_strength,correlation_filtered,None,inverse_volatility,100000000,887440114.3458276,787440114.3458276,7.837580045351915,0.4878710101783372,0.31224514640604917,-0.353744987498973,1.452719597377152,1.8236500407929364,0.9372637378006352,0.5843773028739867
2021-01-01T00:00:00.000000,2021-01-01T00:00:00.000000,relative_strength,correlation_filtered,0.7,equal,100000000,937651664.6507497,837651664.6507497,8.357370703784591,0.5034581100046875,0.3167760915104379,-0.3733952392237333,1.4700663087593666,1.8515459848147973,0.933515471711136,0.5858511422254974
2021-01-01T00:00:00.000000,2021-01-01T00:00:00.000000,relative_strength,correlation_filtered,0.7,alpha,100000000,945283152.2497321,845283152.2497321,8.434570038854117,0.5057123510471948,0.3163834515936013,-0.373159965964759,1.4763663897094477,1.8602944334107743,0.9283823472059732,0.5873249815770081
2021-01-01T00:00:00.000000,2021-01-01T00:00:00.000000,relative_strength,correlation_filtered,0.7,alpha_volatility,100000000,894679945.7616551,794679945.7616551,7.910640622650202,0.49010644149994254,0.31182605459521845,-0.3536147262441304,1.4592039361117255,1.8326558630481296,0.9349795985035793,0.5851142225497421
2021-01-01T00:00:00.000000,2021-01-01T00:00:00.000000,relative_strength,correlation_filtered,0.7,inverse_volatility,100000000,887440114.3458276,787440114.3458276,7.837580045351915,0.4878710101783372,0.31224514640604917,-0.353744987498973,1.452719597377152,1.8236500407929364,0.9372637378006352,0.5843773028739867
2021-01-01T00:00:00.000000,2021-01-01T00:00:00.000000,relative_strength,correlation_filtered,0.75,equal,100000000,937651664.6507497,837651664.6507497,8.357370703784591,0.5034581100046875,0.3167760915104379,-0.3733952392237333,1.4700663087593666,1.8515459848147973,0.933515471711136,0.5858511422254974
2021-01-01T00:00:00.000000,2021-01-01T00:00:00.000000,relative_strength,correlation_filtered,0.75,alpha,100000000,945283152.2497321,845283152.2497321,8.434570038854117,0.5057123510471948,0.3163834515936013,-0.373159965964759,1.4763663897094477,1.8602944334107743,0.9283823472059732,0.5873249815770081
2021-01-01T00:00:00.000000,2021-01-01T00:00:00.000000,relative_strength,correlation_filtered,0.75,alpha_volatility,100000000,894679945.7616551,794679945.7616551,7.910640622650202,0.49010644149994254,0.31182605459521845,-0.3536147262441304,1.4592039361117255,1.8326558630481296,0.9349795985035793,0.5851142225497421
2021-01-01T00:00:00.000000,2021-01-01T00:00:00.000000,relative_strength,correlation_filtered,0.75,inverse_volatility,100000000,887440114.3458276,787440114.3458276,7.837580045351915,0.4878710101783372,0.31224514640604917,-0.353744987498973,1.452719597377152,1.8236500407929364,0.9372637378006352,0.5843773028739867
2021-01-01T00:00:00.000000,2021-01-01T00:00:00.000000,relative_strength,correlation_filtered,0.8,equal,100000000,937651664.6507497,837651664.6507497,8.357370703784591,0.5034581100046875,0.3167760915104379,-0.3733952392237333,1.4700663087593666,1.8515459848147973,0.933515471711136,0.5858511422254974
2021-01-01T00:00:00.000000,2021-01-01T00:00:00.000000,relative_strength,correlation_filtered,0.8,alpha,100000000,945283152.2497321,845283152.2497321,8.434570038854117,0.5057123510471948,0.3163834515936013,-0.373159965964759,1.4763663897094477,1.8602944334107743,0.9283823472059732,0.5873249815770081
2021-01-01T00:00:00.000000,2021-01-01T00:00:00.000000,relative_strength,correlation_filtered,0.8,alpha_volatility,100000000,894679945.7616551,794679945.7616551,7.910640622650202,0.49010644149994254,0.31182605459521845,-0.3536147262441304,1.4592039361117255,1.8326558630481296,0.9349795985035793,0.5851142225497421
2021-01-01T00:00:00.000000,2021-01-01T00:00:00.000000,relative_strength,correlation_filtered,0.8,inverse_volatility,100000000,887440114.3458276,787440114.3458276,7.837580045351915,0.4878710101783372,0.31224514640604917,-0.353744987498973,1.452719597377152,1.8236500407929364,0.9372637378006352,0.5843773028739867
2021-01-01T00:00:00.000000,2021-01-01T00:00:00.000000,relative_strength,correlation_filtered,0.85,equal,100000000,937651664.6507497,837651664.6507497,8.357370703784591,0.5034581100046875,0.3167760915104379,-0.3733952392237333,1.4700663087593666,1.8515459848147973,0.933515471711136,0.5858511422254974
2021-01-01T00:00:00.000000,2021-01-01T00:00:00.000000,relative_strength,correlation_filtered,0.85,alpha,100000000,945283152.2497321,845283152.2497321,8.434570038854117,0.5057123510471948,0.3163834515936013,-0.373159965964759,1.4763663897094477,1.8602944334107743,0.9283823472059732,0.5873249815770081
2021-01-01T00:00:00.000000,2021-01-01T00:00:00.000000,relative_strength,correlation_filtered,0.85,alpha_volatility,100000000,894679945.7616551,794679945.7616551,7.910640622650202,0.49010644149994254,0.31182605459521845,-0.3536147262441304,1.4592039361117255,1.8326558630481296,0.9349795985035793,0.5851142225497421
2021-01-01T00:00:00.000000,2021-01-01T00:00:00.000000,relative_strength,correlation_filtered,0.85,inverse_volatility,100000000,887440114.3458276,787440114.3458276,7.837580045351915,0.4878710101783372,0.31224514640604917,-0.353744987498973,1.452719597377152,1.8236500407929364,0.9372637378006352,0.5843773028739867
2021-01-01T00:00:00.000000,2021-01-01T00:00:00.000000,trend_strength,top_n,None,equal,100000000,908510488.4058621,808510488.4058621,8.079084942081694,0.4952037725944023,0.3246534248586026,-0.3531755122422413,1.4250580775490218,1.801156755566823,0.9761682771568175,0.5725865880619012
2021-01-01T00:00:00.000000,2021-01-01T00:00:00.000000,trend_strength,top_n,None,alpha,100000000,917435172.3448367,817435172.3448367,8.169813604105876,0.4979173666456205,0.3243678250937284,-0.3543347778129541,1.4317787273804048,1.8118030719761302,0.9826647152946402,0.5711127487103905
2021-01-01T00:00:00.000000,2021-01-01T00:00:00.000000,trend_strength,top_n,None,alpha_volatility,100000000,840655442.195953,740655442.195953,7.384797607439689,0.47366996703028597,0.3128659167023464,-0.3352196549390194,1.4194020880940164,1.7974161688201462,0.9858135183359177,0.5696389093588798
2021-01-01T00:00:00.000000,2021-01-01T00:00:00.000000,trend_strength,top_n,None,inverse_volatility,100000000,832369790.5252295,732369790.5252295,7.300897330257001,0.4709699648959593,0.31306750471991796,-0.33395210013787635,1.4126651084005255,1.7880768634907866,0.985152640338701,0.5696389093588798
2021-01-01T00:00:00.000000,2021-01-01T00:00:00.000000,trend_strength,correlation_filtered,None,equal,100000000,908510488.4058621,808510488.4058621,8.079084942081694,0.4952037725944023,0.3246534248586026,-0.3531755122422413,1.4250580775490218,1.801156755566823,0.9761682771568175,0.5725865880619012
2021-01-01T00:00:00.000000,2021-01-01T00:00:00.000000,trend_strength,correlation_filtered,None,alpha,100000000,917435172.3448367,817435172.3448367,8.169813604105876,0.4979173666456205,0.3243678250937284,-0.3543347778129541,1.4317787273804048,1.8118030719761302,0.9826647152946402,0.5711127487103905
2021-01-01T00:00:00.000000,2021-01-01T00:00:00.000000,trend_strength,correlation_filtered,None,alpha_volatility,100000000,840655442.195953,740655442.195953,7.384797607439689,0.47366996703028597,0.3128659167023464,-0.3352196549390194,1.4194020880940164,1.7974161688201462,0.9858135183359177,0.5696389093588798
2021-01-01T00:00:00.000000,2021-01-01T00:00:00.000000,trend_strength,correlation_filtered,None,inverse_volatility,100000000,832369790.5252295,732369790.5252295,7.300897330257001,0.4709699648959593,0.31306750471991796,-0.33395210013787635,1.4126651084005255,1.7880768634907866,0.985152640338701,0.5696389093588798
2021-01-01T00:00:00.000000,2021-01-01T00:00:00.000000,trend_strength,correlation_filtered,0.7,equal,100000000,908510488.4058621,808510488.4058621,8.079084942081694,0.4952037725944023,0.3246534248586026,-0.3531755122422413,1.4250580775490218,1.801156755566823,0.9761682771568175,0.5725865880619012
2021-01-01T00:00:00.000000,2021-01-01T00:00:00.000000,trend_strength,correlation_filtered,0.7,alpha,100000000,917435172.3448367,817435172.3448367,8.169813604105876,0.4979173666456205,0.3243678250937284,-0.3543347778129541,1.4317787273804048,1.8118030719761302,0.9826647152946402,0.5711127487103905
2021-01-01T00:00:00.000000,2021-01-01T00:00:00.000000,trend_strength,correlation_filtered,0.7,alpha_volatility,100000000,840655442.195953,740655442.195953,7.384797607439689,0.47366996703028597,0.3128659167023464,-0.3352196549390194,1.4194020880940164,1.7974161688201462,0.9858135183359177,0.5696389093588798
2021-01-01T00:00:00.000000,2021-01-01T00:00:00.000000,trend_strength,correlation_filtered,0.7,inverse_volatility,100000000,832369790.5252295,732369790.5252295,7.300897330257001,0.4709699648959593,0.31306750471991796,-0.33395210013787635,1.4126651084005255,1.7880768634907866,0.985152640338701,0.5696389093588798
2021-01-01T00:00:00.000000,2021-01-01T00:00:00.000000,trend_strength,correlation_filtered,0.75,equal,100000000,908510488.4058621,808510488.4058621,8.079084942081694,0.4952037725944023,0.3246534248586026,-0.3531755122422413,1.4250580775490218,1.801156755566823,0.9761682771568175,0.5725865880619012
2021-01-01T00:00:00.000000,2021-01-01T00:00:00.000000,trend_strength,correlation_filtered,0.75,alpha,100000000,917435172.3448367,817435172.3448367,8.169813604105876,0.4979173666456205,0.3243678250937284,-0.3543347778129541,1.4317787273804048,1.8118030719761302,0.9826647152946402,0.5711127487103905
2021-01-01T00:00:00.000000,2021-01-01T00:00:00.000000,trend_strength,correlation_filtered,0.75,alpha_volatility,100000000,840655442.195953,740655442.195953,7.384797607439689,0.47366996703028597,0.3128659167023464,-0.3352196549390194,1.4194020880940164,1.7974161688201462,0.9858135183359177,0.5696389093588798
2021-01-01T00:00:00.000000,2021-01-01T00:00:00.000000,trend_strength,correlation_filtered,0.75,inverse_volatility,100000000,832369790.5252295,732369790.5252295,7.300897330257001,0.4709699648959593,0.31306750471991796,-0.33395210013787635,1.4126651084005255,1.7880768634907866,0.985152640338701,0.5696389093588798
2021-01-01T00:00:00.000000,2021-01-01T00:00:00.000000,trend_strength,correlation_filtered,0.8,equal,100000000,908510488.4058621,808510488.4058621,8.079084942081694,0.4952037725944023,0.3246534248586026,-0.3531755122422413,1.4250580775490218,1.801156755566823,0.9761682771568175,0.5725865880619012
2021-01-01T00:00:00.000000,2021-01-01T00:00:00.000000,trend_strength,correlation_filtered,0.8,alpha,100000000,917435172.3448367,817435172.3448367,8.169813604105876,0.4979173666456205,0.3243678250937284,-0.3543347778129541,1.4317787273804048,1.8118030719761302,0.9826647152946402,0.5711127487103905
2021-01-01T00:00:00.000000,2021-01-01T00:00:00.000000,trend_strength,correlation_filtered,0.8,alpha_volatility,100000000,840655442.195953,740655442.195953,7.384797607439689,0.47366996703028597,0.3128659167023464,-0.3352196549390194,1.4194020880940164,1.7974161688201462,0.9858135183359177,0.5696389093588798
2021-01-01T00:00:00.000000,2021-01-01T00:00:00.000000,trend_strength,correlation_filtered,0.8,inverse_volatility,100000000,832369790.5252295,732369790.5252295,7.300897330257001,0.4709699648959593,0.31306750471991796,-0.33395210013787635,1.4126651084005255,1.7880768634907866,0.985152640338701,0.5696389093588798
2021-01-01T00:00:00.000000,2021-01-01T00:00:00.000000,trend_strength,correlation_filtered,0.85,equal,100000000,908510488.4058621,808510488.4058621,8.079084942081694,0.4952037725944023,0.3246534248586026,-0.3531755122422413,1.4250580775490218,1.801156755566823,0.9761682771568175,0.5725865880619012
2021-01-01T00:00:00.000000,2021-01-01T00:00:00.000000,trend_strength,correlation_filtered,0.85,alpha,100000000,917435172.3448367,817435172.3448367,8.169813604105876,0.4979173666456205,0.3243678250937284,-0.3543347778129541,1.4317787273804048,1.8118030719761302,0.9826647152946402,0.5711127487103905
2021-01-01T00:00:00.000000,2021-01-01T00:00:00.000000,trend_strength,correlation_filtered,0.85,alpha_volatility,100000000,840655442.195953,740655442.195953,7.384797607439689,0.47366996703028597,0.3128659167023464,-0.3352196549390194,1.4194020880940164,1.7974161688201462,0.9858135183359177,0.5696389093588798
2021-01-01T00:00:00.000000,2021-01-01T00:00:00.000000,trend_strength,correlation_filtered,0.85,inverse_volatility,100000000,832369790.5252295,732369790.5252295,7.300897330257001,0.4709699648959593,0.31306750471991796,-0.33395210013787635,1.4126651084005255,1.7880768634907866,0.985152640338701,0.5696389093588798
2021-01-01T00:00:00.000000,2021-01-01T00:00:00.000000,high_52w,top_n,None,equal,100000000,457749091.7973049,357749091.7973049,3.522541242716967,0.3167701432557557,0.4299320118470558,-0.5028399656983705,0.8442436894116935,1.1712149560065948,1.0390707289821897,0.554900515843773
2021-01-01T00:00:00.000000,2021-01-01T00:00:00.000000,high_52w,top_n,None,alpha,100000000,460392204.05221075,360392204.05221075,3.548321142754971,0.31813569498404504,0.43154481145766566,-0.5031466982797341,0.844814839888186,1.173448065030341,1.0395073991514874,0.554900515843773
2021-01-01T00:00:00.000000,2021-01-01T00:00:00.000000,high_52w,top_n,None,alpha_volatility,100000000,400163320.87180954,300163320.87180954,2.963756517079199,0.28548107324487315,0.449814923639562,-0.5199075805361457,0.7649348748302691,1.074953507735359,1.0204315783847573,0.5600589535740604
2021-01-01T00:00:00.000000,2021-01-01T00:00:00.000000,high_52w,top_n,None,inverse_volatility,100000000,397636019.05260915,297636019.05260915,2.9389875675178767,0.28401252621007855,0.44763978017201445,-0.5191645950848404,0.764395807560822,1.0730732972164112,1.0227951245032278,0.559322033898305
2021-01-01T00:00:00.000000,2021-01-01T00:00:00.000000,high_52w,correlation_filtered,None,equal,100000000,457749091.7973049,357749091.7973049,3.522541242716967,0.3167701432557557,0.4299320118470558,-0.5028399656983705,0.8442436894116935,1.1712149560065948,1.0390707289821897,0.554900515843773
2021-01-01T00:00:00.000000,2021-01-01T00:00:00.000000,high_52w,correlation_filtered,None,alpha,100000000,460392204.05221075,360392204.05221075,3.548321142754971,0.31813569498404504,0.43154481145766566,-0.5031466982797341,0.844814839888186,1.173448065030341,1.0395073991514874,0.554900515843773
2021-01-01T00:00:00.000000,2021-01-01T00:00:00.000000,high_52w,correlation_filtered,None,alpha_volatility,100000000,400163320.87180954,300163320.87180954,2.963756517079199,0.28548107324487315,0.449814923639562,-0.5199075805361457,0.7649348748302691,1.074953507735359,1.0204315783847573,0.5600589535740604
2021-01-01T00:00:00.000000,2021-01-01T00:00:00.000000,high_52w,correlation_filtered,None,inverse_volatility,100000000,397636019.05260915,297636019.05260915,2.9389875675178767,0.28401252621007855,0.44763978017201445,-0.5191645950848404,0.764395807560822,1.0730732972164112,1.0227951245032278,0.559322033898305
2021-01-01T00:00:00.000000,2021-01-01T00:00:00.000000,high_52w,correlation_filtered,0.7,equal,100000000,457749091.7973049,357749091.7973049,3.522541242716967,0.3167701432557557,0.4299320118470558,-0.5028399656983705,0.8442436894116935,1.1712149560065948,1.0390707289821897,0.554900515843773
2021-01-01T00:00:00.000000,2021-01-01T00:00:00.000000,high_52w,correlation_filtered,0.7,alpha,100000000,460392204.05221075,360392204.05221075,3.548321142754971,0.31813569498404504,0.43154481145766566,-0.5031466982797341,0.844814839888186,1.173448065030341,1.0395073991514874,0.554900515843773
2021-01-01T00:00:00.000000,2021-01-01T00:00:00.000000,high_52w,correlation_filtered,0.7,alpha_volatility,100000000,400163320.87180954,300163320.87180954,2.963756517079199,0.28548107324487315,0.449814923639562,-0.5199075805361457,0.7649348748302691,1.074953507735359,1.0204315783847573,0.5600589535740604
2021-01-01T00:00:00.000000,2021-01-01T00:00:00.000000,high_52w,correlation_filtered,0.7,inverse_volatility,100000000,397636019.05260915,297636019.05260915,2.9389875675178767,0.28401252621007855,0.44763978017201445,-0.5191645950848404,0.764395807560822,1.0730732972164112,1.0227951245032278,0.559322033898305
2021-01-01T00:00:00.000000,2021-01-01T00:00:00.000000,high_52w,correlation_filtered,0.75,equal,100000000,457749091.7973049,357749091.7973049,3.522541242716967,0.3167701432557557,0.4299320118470558,-0.5028399656983705,0.8442436894116935,1.1712149560065948,1.0390707289821897,0.554900515843773
2021-01-01T00:00:00.000000,2021-01-01T00:00:00.000000,high_52w,correlation_filtered,0.75,alpha,100000000,460392204.05221075,360392204.05221075,3.548321142754971,0.31813569498404504,0.43154481145766566,-0.5031466982797341,0.844814839888186,1.173448065030341,1.0395073991514874,0.554900515843773
2021-01-01T00:00:00.000000,2021-01-01T00:00:00.000000,high_52w,correlation_filtered,0.75,alpha_volatility,100000000,400163320.87180954,300163320.87180954,2.963756517079199,0.28548107324487315,0.449814923639562,-0.5199075805361457,0.7649348748302691,1.074953507735359,1.0204315783847573,0.5600589535740604
2021-01-01T00:00:00.000000,2021-01-01T00:00:00.000000,high_52w,correlation_filtered,0.75,inverse_volatility,100000000,397636019.05260915,297636019.05260915,2.9389875675178767,0.28401252621007855,0.44763978017201445,-0.5191645950848404,0.764395807560822,1.0730732972164112,1.0227951245032278,0.559322033898305
2021-01-01T00:00:00.000000,2021-01-01T00:00:00.000000,high_52w,correlation_filtered,0.8,equal,100000000,457749091.7973049,357749091.7973049,3.522541242716967,0.3167701432557557,0.4299320118470558,-0.5028399656983705,0.8442436894116935,1.1712149560065948,1.0390707289821897,0.554900515843773
2021-01-01T00:00:00.000000,2021-01-01T00:00:00.000000,high_52w,correlation_filtered,0.8,alpha,100000000,460392204.05221075,360392204.05221075,3.548321142754971,0.31813569498404504,0.43154481145766566,-0.5031466982797341,0.844814839888186,1.173448065030341,1.0395073991514874,0.554900515843773
2021-01-01T00:00:00.000000,2021-01-01T00:00:00.000000,high_52w,correlation_filtered,0.8,alpha_volatility,100000000,400163320.87180954,300163320.87180954,2.963756517079199,0.28548107324487315,0.449814923639562,-0.5199075805361457,0.7649348748302691,1.074953507735359,1.0204315783847573,0.5600589535740604
2021-01-01T00:00:00.000000,2021-01-01T00:00:00.000000,high_52w,correlation_filtered,0.8,inverse_volatility,100000000,397636019.05260915,297636019.05260915,2.9389875675178767,0.28401252621007855,0.44763978017201445,-0.5191645950848404,0.764395807560822,1.0730732972164112,1.0227951245032278,0.559322033898305
2021-01-01T00:00:00.000000,2021-01-01T00:00:00.000000,high_52w,correlation_filtered,0.85,equal,100000000,457749091.7973049,357749091.7973049,3.522541242716967,0.3167701432557557,0.4299320118470558,-0.5028399656983705,0.8442436894116935,1.1712149560065948,1.0390707289821897,0.554900515843773
2021-01-01T00:00:00.000000,2021-01-01T00:00:00.000000,high_52w,correlation_filtered,0.85,alpha,100000000,460392204.05221075,360392204.05221075,3.548321142754971,0.31813569498404504,0.43154481145766566,-0.5031466982797341,0.844814839888186,1.173448065030341,1.0395073991514874,0.554900515843773
2021-01-01T00:00:00.000000,2021-01-01T00:00:00.000000,high_52w,correlation_filtered,0.85,alpha_volatility,100000000,400163320.87180954,300163320.87180954,2.963756517079199,0.28548107324487315,0.449814923639562,-0.5199075805361457,0.7649348748302691,1.074953507735359,1.0204315783847573,0.5600589535740604
2021-01-01T00:00:00.000000,2021-01-01T00:00:00.000000,high_52w,correlation_filtered,0.85,inverse_volatility,100000000,397636019.05260915,297636019.05260915,2.9389875675178767,0.28401252621007855,0.44763978017201445,-0.5191645950848404,0.764395807560822,1.0730732972164112,1.0227951245032278,0.559322033898305
2021-01-01T00:00:00.000000,2021-01-01T00:00:00.000000,breakout,top_n,None,equal,100000000,456156873.057896,356156873.057896,3.495707343201669,0.31534198449792883,0.4275229127798728,-0.4995575381879782,0.8442738932121336,1.1755671325526131,1.0574300268340302,0.5504789977892409
2021-01-01T00:00:00.000000,2021-01-01T00:00:00.000000,breakout,top_n,None,alpha,100000000,458507513.4623618,358507513.4623618,3.5188803669117332,0.31657571227158354,0.42920336158831157,-0.5000094499570451,0.8445203274038452,1.1753939796082793,1.0484835845173683,0.552689756816507
2021-01-01T00:00:00.000000,2021-01-01T00:00:00.000000,breakout,top_n,None,alpha_volatility,100000000,401316895.1988491,301316895.1988491,2.9629233378517763,0.285431796302656,0.4497012504281239,-0.5175564267691142,0.7646024470464349,1.075556245599906,1.0117138588143777,0.5622697126013264
2021-01-01T00:00:00.000000,2021-01-01T00:00:00.000000,breakout,top_n,None,inverse_volatility,100000000,399044975.4439728,299044975.4439728,2.9404409519816115,0.28409890536233484,0.44755025469788917,-0.5167373708908498,0.7642829190033762,1.0734022706301927,1.0110352794496784,0.5622697126013264
2021-01-01T00:00:00.000000,2021-01-01T00:00:00.000000,breakout,correlation_filtered,None,equal,100000000,456156873.057896,356156873.057896,3.495707343201669,0.31534198449792883,0.4275229127798728,-0.4995575381879782,0.8442738932121336,1.1755671325526131,1.0574300268340302,0.5504789977892409
2021-01-01T00:00:00.000000,2021-01-01T00:00:00.000000,breakout,correlation_filtered,None,alpha,100000000,458507513.4623618,358507513.4623618,3.5188803669117332,0.31657571227158354,0.42920336158831157,-0.5000094499570451,0.8445203274038452,1.1753939796082793,1.0484835845173683,0.552689756816507
2021-01-01T00:00:00.000000,2021-01-01T00:00:00.000000,breakout,correlation_filtered,None,alpha_volatility,100000000,401316895.1988491,301316895.1988491,2.9629233378517763,0.285431796302656,0.4497012504281239,-0.5175564267691142,0.7646024470464349,1.075556245599906,1.0117138588143777,0.5622697126013264
2021-01-01T00:00:00.000000,2021-01-01T00:00:00.000000,breakout,correlation_filtered,None,inverse_volatility,100000000,399044975.4439728,299044975.4439728,2.9404409519816115,0.28409890536233484,0.44755025469788917,-0.5167373708908498,0.7642829190033762,1.0734022706301927,1.0110352794496784,0.5622697126013264
2021-01-01T00:00:00.000000,2021-01-01T00:00:00.000000,breakout,correlation_filtered,0.7,equal,100000000,456156873.057896,356156873.057896,3.495707343201669,0.31534198449792883,0.4275229127798728,-0.4995575381879782,0.8442738932121336,1.1755671325526131,1.0574300268340302,0.5504789977892409
2021-01-01T00:00:00.000000,2021-01-01T00:00:00.000000,breakout,correlation_filtered,0.7,alpha,100000000,458507513.4623618,358507513.4623618,3.5188803669117332,0.31657571227158354,0.42920336158831157,-0.5000094499570451,0.8445203274038452,1.1753939796082793,1.0484835845173683,0.552689756816507
2021-01-01T00:00:00.000000,2021-01-01T00:00:00.000000,breakout,correlation_filtered,0.7,alpha_volatility,100000000,401316895.1988491,301316895.1988491,2.9629233378517763,0.285431796302656,0.4497012504281239,-0.5175564267691142,0.7646024470464349,1.075556245599906,1.0117138588143777,0.5622697126013264
2021-01-01T00:00:00.000000,2021-01-01T00:00:00.000000,breakout,correlation_filtered,0.7,inverse_volatility,100000000,399044975.4439728,299044975.4439728,2.9404409519816115,0.28409890536233484,0.44755025469788917,-0.5167373708908498,0.7642829190033762,1.0734022706301927,1.0110352794496784,0.5622697126013264
2021-01-01T00:00:00.000000,2021-01-01T00:00:00.000000,breakout,correlation_filtered,0.75,equal,100000000,456156873.057896,356156873.057896,3.495707343201669,0.31534198449792883,0.4275229127798728,-0.4995575381879782,0.8442738932121336,1.1755671325526131,1.0574300268340302,0.5504789977892409
2021-01-01T00:00:00.000000,2021-01-01T00:00:00.000000,breakout,correlation_filtered,0.75,alpha,100000000,458507513.4623618,358507513.4623618,3.5188803669117332,0.31657571227158354,0.42920336158831157,-0.5000094499570451,0.8445203274038452,1.1753939796082793,1.0484835845173683,0.552689756816507
2021-01-01T00:00:00.000000,2021-01-01T00:00:00.000000,breakout,correlation_filtered,0.75,alpha_volatility,100000000,401316895.1988491,301316895.1988491,2.9629233378517763,0.285431796302656,0.4497012504281239,-0.5175564267691142,0.7646024470464349,1.075556245599906,1.0117138588143777,0.5622697126013264
2021-01-01T00:00:00.000000,2021-01-01T00:00:00.000000,breakout,correlation_filtered,0.75,inverse_volatility,100000000,399044975.4439728,299044975.4439728,2.9404409519816115,0.28409890536233484,0.44755025469788917,-0.5167373708908498,0.7642829190033762,1.0734022706301927,1.0110352794496784,0.5622697126013264
2021-01-01T00:00:00.000000,2021-01-01T00:00:00.000000,breakout,correlation_filtered,0.8,equal,100000000,456156873.057896,356156873.057896,3.495707343201669,0.31534198449792883,0.4275229127798728,-0.4995575381879782,0.8442738932121336,1.1755671325526131,1.0574300268340302,0.5504789977892409
2021-01-01T00:00:00.000000,2021-01-01T00:00:00.000000,breakout,correlation_filtered,0.8,alpha,100000000,458507513.4623618,358507513.4623618,3.5188803669117332,0.31657571227158354,0.42920336158831157,-0.5000094499570451,0.8445203274038452,1.1753939796082793,1.0484835845173683,0.552689756816507
2021-01-01T00:00:00.000000,2021-01-01T00:00:00.000000,breakout,correlation_filtered,0.8,alpha_volatility,100000000,401316895.1988491,301316895.1988491,2.9629233378517763,0.285431796302656,0.4497012504281239,-0.5175564267691142,0.7646024470464349,1.075556245599906,1.0117138588143777,0.5622697126013264
2021-01-01T00:00:00.000000,2021-01-01T00:00:00.000000,breakout,correlation_filtered,0.8,inverse_volatility,100000000,399044975.4439728,299044975.4439728,2.9404409519816115,0.28409890536233484,0.44755025469788917,-0.5167373708908498,0.7642829190033762,1.0734022706301927,1.0110352794496784,0.5622697126013264
2021-01-01T00:00:00.000000,2021-01-01T00:00:00.000000,breakout,correlation_filtered,0.85,equal,100000000,456156873.057896,356156873.057896,3.495707343201669,0.31534198449792883,0.4275229127798728,-0.4995575381879782,0.8442738932121336,1.1755671325526131,1.0574300268340302,0.5504789977892409
2021-01-01T00:00:00.000000,2021-01-01T00:00:00.000000,breakout,correlation_filtered,0.85,alpha,100000000,458507513.4623618,358507513.4623618,3.5188803669117332,0.31657571227158354,0.42920336158831157,-0.5000094499570451,0.8445203274038452,1.1753939796082793,1.0484835845173683,0.552689756816507
2021-01-01T00:00:00.000000,2021-01-01T00:00:00.000000,breakout,correlation_filtered,0.85,alpha_volatility,100000000,401316895.1988491,301316895.1988491,2.9629233378517763,0.285431796302656,0.4497012504281239,-0.5175564267691142,0.7646024470464349,1.075556245599906,1.0117138588143777,0.5622697126013264
2021-01-01T00:00:00.000000,2021-01-01T00:00:00.000000,breakout,correlation_filtered,0.85,inverse_volatility,100000000,399044975.4439728,299044975.4439728,2.9404409519816115,0.28409890536233484,0.44755025469788917,-0.5167373708908498,0.7642829190033762,1.0734022706301927,1.0110352794496784,0.5622697126013264
2021-01-01T00:00:00.000000,2021-01-01T00:00:00.000000,volume_confirmation,top_n,None,equal,100000000,639629335.9359483,539629335.9359483,5.184274562081197,0.39409596842709016,0.2562377411249294,-0.2954151352535399,1.4499569354635493,1.942850121532743,0.9913480517868638,0.5630066322770818
2021-01-01T00:00:00.000000,2021-01-01T00:00:00.000000,volume_confirmation,top_n,None,alpha,100000000,639022210.0966179,539022210.0966179,5.178559303890771,0.39386094390174264,0.2561375315398182,-0.2951441879413833,1.4497549131358247,1.9419622830374919,0.9883491079199196,0.5637435519528371
2021-01-01T00:00:00.000000,2021-01-01T00:00:00.000000,volume_confirmation,top_n,None,alpha_volatility,100000000,616490857.177119,516490857.177119,4.964973417847295,0.38494764007602167,0.25356525994078827,-0.3005201875150231,1.436041391619088,1.9308334245646084,0.9685868219828125,0.5681650700073692
2021-01-01T00:00:00.000000,2021-01-01T00:00:00.000000,volume_confirmation,top_n,None,inverse_volatility,100000000,616928880.5589354,516928880.5589354,4.969222815369663,0.38512750025802145,0.2537290165293237,-0.3008319959162319,1.4357975195995043,1.9310562363064132,0.9773315758123025,0.5659543109801032
2021-01-01T00:00:00.000000,2021-01-01T00:00:00.000000,volume_confirmation,correlation_filtered,None,equal,100000000,639629335.9359483,539629335.9359483,5.184274562081197,0.39409596842709016,0.2562377411249294,-0.2954151352535399,1.4499569354635493,1.942850121532743,0.9913480517868638,0.5630066322770818
2021-01-01T00:00:00.000000,2021-01-01T00:00:00.000000,volume_confirmation,correlation_filtered,None,alpha,100000000,639022210.0966179,539022210.0966179,5.178559303890771,0.39386094390174264,0.2561375315398182,-0.2951441879413833,1.4497549131358247,1.9419622830374919,0.9883491079199196,0.5637435519528371
2021-01-01T00:00:00.000000,2021-01-01T00:00:00.000000,volume_confirmation,correlation_filtered,None,alpha_volatility,100000000,616490857.177119,516490857.177119,4.964973417847295,0.38494764007602167,0.25356525994078827,-0.3005201875150231,1.436041391619088,1.9308334245646084,0.9685868219828125,0.5681650700073692
2021-01-01T00:00:00.000000,2021-01-01T00:00:00.000000,volume_confirmation,correlation_filtered,None,inverse_volatility,100000000,616928880.5589354,516928880.5589354,4.969222815369663,0.38512750025802145,0.2537290165293237,-0.3008319959162319,1.4357975195995043,1.9310562363064132,0.9773315758123025,0.5659543109801032
2021-01-01T00:00:00.000000,2021-01-01T00:00:00.000000,volume_confirmation,correlation_filtered,0.7,equal,100000000,639629335.9359483,539629335.9359483,5.184274562081197,0.39409596842709016,0.2562377411249294,-0.2954151352535399,1.4499569354635493,1.942850121532743,0.9913480517868638,0.5630066322770818
2021-01-01T00:00:00.000000,2021-01-01T00:00:00.000000,volume_confirmation,correlation_filtered,0.7,alpha,100000000,639022210.0966179,539022210.0966179,5.178559303890771,0.39386094390174264,0.2561375315398182,-0.2951441879413833,1.4497549131358247,1.9419622830374919,0.9883491079199196,0.5637435519528371
2021-01-01T00:00:00.000000,2021-01-01T00:00:00.000000,volume_confirmation,correlation_filtered,0.7,alpha_volatility,100000000,616490857.177119,516490857.177119,4.964973417847295,0.38494764007602167,0.25356525994078827,-0.3005201875150231,1.436041391619088,1.9308334245646084,0.9685868219828125,0.5681650700073692
2021-01-01T00:00:00.000000,2021-01-01T00:00:00.000000,volume_confirmation,correlation_filtered,0.7,inverse_volatility,100000000,616928880.5589354,516928880.5589354,4.969222815369663,0.38512750025802145,0.2537290165293237,-0.3008319959162319,1.4357975195995043,1.9310562363064132,0.9773315758123025,0.5659543109801032
2021-01-01T00:00:00.000000,2021-01-01T00:00:00.000000,volume_confirmation,correlation_filtered,0.75,equal,100000000,639629335.9359483,539629335.9359483,5.184274562081197,0.39409596842709016,0.2562377411249294,-0.2954151352535399,1.4499569354635493,1.942850121532743,0.9913480517868638,0.5630066322770818
2021-01-01T00:00:00.000000,2021-01-01T00:00:00.000000,volume_confirmation,correlation_filtered,0.75,alpha,100000000,639022210.0966179,539022210.0966179,5.178559303890771,0.39386094390174264,0.2561375315398182,-0.2951441879413833,1.4497549131358247,1.9419622830374919,0.9883491079199196,0.5637435519528371
2021-01-01T00:00:00.000000,2021-01-01T00:00:00.000000,volume_confirmation,correlation_filtered,0.75,alpha_volatility,100000000,616490857.177119,516490857.177119,4.964973417847295,0.38494764007602167,0.25356525994078827,-0.3005201875150231,1.436041391619088,1.9308334245646084,0.9685868219828125,0.5681650700073692
2021-01-01T00:00:00.000000,2021-01-01T00:00:00.000000,volume_confirmation,correlation_filtered,0.75,inverse_volatility,100000000,616928880.5589354,516928880.5589354,4.969222815369663,0.38512750025802145,0.2537290165293237,-0.3008319959162319,1.4357975195995043,1.9310562363064132,0.9773315758123025,0.5659543109801032
2021-01-01T00:00:00.000000,2021-01-01T00:00:00.000000,volume_confirmation,correlation_filtered,0.8,equal,100000000,639629335.9359483,539629335.9359483,5.184274562081197,0.39409596842709016,0.2562377411249294,-0.2954151352535399,1.4499569354635493,1.942850121532743,0.9913480517868638,0.5630066322770818
2021-01-01T00:00:00.000000,2021-01-01T00:00:00.000000,volume_confirmation,correlation_filtered,0.8,alpha,100000000,639022210.0966179,539022210.0966179,5.178559303890771,0.39386094390174264,0.2561375315398182,-0.2951441879413833,1.4497549131358247,1.9419622830374919,0.9883491079199196,0.5637435519528371
2021-01-01T00:00:00.000000,2021-01-01T00:00:00.000000,volume_confirmation,correlation_filtered,0.8,alpha_volatility,100000000,616490857.177119,516490857.177119,4.964973417847295,0.38494764007602167,0.25356525994078827,-0.3005201875150231,1.436041391619088,1.9308334245646084,0.9685868219828125,0.5681650700073692
2021-01-01T00:00:00.000000,2021-01-01T00:00:00.000000,volume_confirmation,correlation_filtered,0.8,inverse_volatility,100000000,616928880.5589354,516928880.5589354,4.969222815369663,0.38512750025802145,0.2537290165293237,-0.3008319959162319,1.4357975195995043,1.9310562363064132,0.9773315758123025,0.5659543109801032
2021-01-01T00:00:00.000000,2021-01-01T00:00:00.000000,volume_confirmation,correlation_filtered,0.85,equal,100000000,639629335.9359483,539629335.9359483,5.184274562081197,0.39409596842709016,0.2562377411249294,-0.2954151352535399,1.4499569354635493,1.942850121532743,0.9913480517868638,0.5630066322770818
2021-01-01T00:00:00.000000,2021-01-01T00:00:00.000000,volume_confirmation,correlation_filtered,0.85,alpha,100000000,639022210.0966179,539022210.0966179,5.178559303890771,0.39386094390174264,0.2561375315398182,-0.2951441879413833,1.4497549131358247,1.9419622830374919,0.9883491079199196,0.5637435519528371
2021-01-01T00:00:00.000000,2021-01-01T00:00:00.000000,volume_confirmation,correlation_filtered,0.85,alpha_volatility,100000000,616490857.177119,516490857.177119,4.964973417847295,0.38494764007602167,0.25356525994078827,-0.3005201875150231,1.436041391619088,1.9308334245646084,0.9685868219828125,0.5681650700073692
2021-01-01T00:00:00.000000,2021-01-01T00:00:00.000000,volume_confirmation,correlation_filtered,0.85,inverse_volatility,100000000,616928880.5589354,516928880.5589354,4.969222815369663,0.38512750025802145,0.2537290165293237,-0.3008319959162319,1.4357975195995043,1.9310562363064132,0.9773315758123025,0.5659543109801032
2021-01-01T00:00:00.000000,2021-01-01T00:00:00.000000,technical_composite,top_n,None,equal,100000000,629395810.8998082,529395810.89980817,5.243557723412668,0.39652341140459146,0.25244942458874053,-0.26615116908601943,1.4759925106882894,1.9366309057752809,0.9312949371215965,0.5796460176991151
2021-01-01T00:00:00.000000,2021-01-01T00:00:00.000000,technical_composite,top_n,None,alpha,100000000,631399392.1819711,531399392.1819711,5.261852795590075,0.397268726366927,0.2528100392546673,-0.2653180158573165,1.4764131445465978,1.9342147478138927,0.9286384869942006,0.5803834808259587
2021-01-01T00:00:00.000000,2021-01-01T00:00:00.000000,technical_composite,top_n,None,alpha_volatility,100000000,576376124.1429181,476376124.1429181,4.701694258328398,0.37359413956480303,0.2396109184813079,-0.24710019332179378,1.4712863407539047,1.9377393992822058,0.9413065198337572,0.5766961651917404
2021-01-01T00:00:00.000000,2021-01-01T00:00:00.000000,technical_composite,top_n,None,inverse_volatility,100000000,574025987.3451598,474025987.34515977,4.679687670313234,0.3726258553784416,0.2391539233419088,-0.24730167312396523,1.470622262677007,1.9390473614098773,0.9439856395082772,0.5759587020648967
2021-01-01T00:00:00.000000,2021-01-01T00:00:00.000000,technical_composite,correlation_filtered,None,equal,100000000,629395810.8998082,529395810.89980817,5.243557723412668,0.39652341140459146,0.25244942458874053,-0.26615116908601943,1.4759925106882894,1.9366309057752809,0.9312949371215965,0.5796460176991151
2021-01-01T00:00:00.000000,2021-01-01T00:00:00.000000,technical_composite,correlation_filtered,None,alpha,100000000,631399392.1819711,531399392.1819711,5.261852795590075,0.397268726366927,0.2528100392546673,-0.2653180158573165,1.4764131445465978,1.9342147478138927,0.9286384869942006,0.5803834808259587
2021-01-01T00:00:00.000000,2021-01-01T00:00:00.000000,technical_composite,correlation_filtered,None,alpha_volatility,100000000,576376124.1429181,476376124.1429181,4.701694258328398,0.37359413956480303,0.2396109184813079,-0.24710019332179378,1.4712863407539047,1.9377393992822058,0.9413065198337572,0.5766961651917404
2021-01-01T00:00:00.000000,2021-01-01T00:00:00.000000,technical_composite,correlation_filtered,None,inverse_volatility,100000000,574025987.3451598,474025987.34515977,4.679687670313234,0.3726258553784416,0.2391539233419088,-0.24730167312396523,1.470622262677007,1.9390473614098773,0.9439856395082772,0.5759587020648967
2021-01-01T00:00:00.000000,2021-01-01T00:00:00.000000,technical_composite,correlation_filtered,0.7,equal,100000000,629395810.8998082,529395810.89980817,5.243557723412668,0.39652341140459146,0.25244942458874053,-0.26615116908601943,1.4759925106882894,1.9366309057752809,0.9312949371215965,0.5796460176991151
2021-01-01T00:00:00.000000,2021-01-01T00:00:00.000000,technical_composite,correlation_filtered,0.7,alpha,100000000,631399392.1819711,531399392.1819711,5.261852795590075,0.397268726366927,0.2528100392546673,-0.2653180158573165,1.4764131445465978,1.9342147478138927,0.9286384869942006,0.5803834808259587
2021-01-01T00:00:00.000000,2021-01-01T00:00:00.000000,technical_composite,correlation_filtered,0.7,alpha_volatility,100000000,576376124.1429181,476376124.1429181,4.701694258328398,0.37359413956480303,0.2396109184813079,-0.24710019332179378,1.4712863407539047,1.9377393992822058,0.9413065198337572,0.5766961651917404
2021-01-01T00:00:00.000000,2021-01-01T00:00:00.000000,technical_composite,correlation_filtered,0.7,inverse_volatility,100000000,574025987.3451598,474025987.34515977,4.679687670313234,0.3726258553784416,0.2391539233419088,-0.24730167312396523,1.470622262677007,1.9390473614098773,0.9439856395082772,0.5759587020648967
2021-01-01T00:00:00.000000,2021-01-01T00:00:00.000000,technical_composite,correlation_filtered,0.75,equal,100000000,629395810.8998082,529395810.89980817,5.243557723412668,0.39652341140459146,0.25244942458874053,-0.26615116908601943,1.4759925106882894,1.9366309057752809,0.9312949371215965,0.5796460176991151
2021-01-01T00:00:00.000000,2021-01-01T00:00:00.000000,technical_composite,correlation_filtered,0.75,alpha,100000000,631399392.1819711,531399392.1819711,5.261852795590075,0.397268726366927,0.2528100392546673,-0.2653180158573165,1.4764131445465978,1.9342147478138927,0.9286384869942006,0.5803834808259587
2021-01-01T00:00:00.000000,2021-01-01T00:00:00.000000,technical_composite,correlation_filtered,0.75,alpha_volatility,100000000,576376124.1429181,476376124.1429181,4.701694258328398,0.37359413956480303,0.2396109184813079,-0.24710019332179378,1.4712863407539047,1.9377393992822058,0.9413065198337572,0.5766961651917404
2021-01-01T00:00:00.000000,2021-01-01T00:00:00.000000,technical_composite,correlation_filtered,0.75,inverse_volatility,100000000,574025987.3451598,474025987.34515977,4.679687670313234,0.3726258553784416,0.2391539233419088,-0.24730167312396523,1.470622262677007,1.9390473614098773,0.9439856395082772,0.5759587020648967
2021-01-01T00:00:00.000000,2021-01-01T00:00:00.000000,technical_composite,correlation_filtered,0.8,equal,100000000,629395810.8998082,529395810.89980817,5.243557723412668,0.39652341140459146,0.25244942458874053,-0.26615116908601943,1.4759925106882894,1.9366309057752809,0.9312949371215965,0.5796460176991151
2021-01-01T00:00:00.000000,2021-01-01T00:00:00.000000,technical_composite,correlation_filtered,0.8,alpha,100000000,631399392.1819711,531399392.1819711,5.261852795590075,0.397268726366927,0.2528100392546673,-0.2653180158573165,1.4764131445465978,1.9342147478138927,0.9286384869942006,0.5803834808259587
2021-01-01T00:00:00.000000,2021-01-01T00:00:00.000000,technical_composite,correlation_filtered,0.8,alpha_volatility,100000000,576376124.1429181,476376124.1429181,4.701694258328398,0.37359413956480303,0.2396109184813079,-0.24710019332179378,1.4712863407539047,1.9377393992822058,0.9413065198337572,0.5766961651917404
2021-01-01T00:00:00.000000,2021-01-01T00:00:00.000000,technical_composite,correlation_filtered,0.8,inverse_volatility,100000000,574025987.3451598,474025987.34515977,4.679687670313234,0.3726258553784416,0.2391539233419088,-0.24730167312396523,1.470622262677007,1.9390473614098773,0.9439856395082772,0.5759587020648967
2021-01-01T00:00:00.000000,2021-01-01T00:00:00.000000,technical_composite,correlation_filtered,0.85,equal,100000000,629395810.8998082,529395810.89980817,5.243557723412668,0.39652341140459146,0.25244942458874053,-0.26615116908601943,1.4759925106882894,1.9366309057752809,0.9312949371215965,0.5796460176991151
2021-01-01T00:00:00.000000,2021-01-01T00:00:00.000000,technical_composite,correlation_filtered,0.85,alpha,100000000,631399392.1819711,531399392.1819711,5.261852795590075,0.397268726366927,0.2528100392546673,-0.2653180158573165,1.4764131445465978,1.9342147478138927,0.9286384869942006,0.5803834808259587
2021-01-01T00:00:00.000000,2021-01-01T00:00:00.000000,technical_composite,correlation_filtered,0.85,alpha_volatility,100000000,576376124.1429181,476376124.1429181,4.701694258328398,0.37359413956480303,0.2396109184813079,-0.24710019332179378,1.4712863407539047,1.9377393992822058,0.9413065198337572,0.5766961651917404
2021-01-01T00:00:00.000000,2021-01-01T00:00:00.000000,technical_composite,correlation_filtered,0.85,inverse_volatility,100000000,574025987.3451598,474025987.34515977,4.679687670313234,0.3726258553784416,0.2391539233419088,-0.24730167312396523,1.470622262677007,1.9390473614098773,0.9439856395082772,0.5759587020648967
2021-07-01T00:00:00.000000,2021-07-01T00:00:00.000000,momentum_12_1,top_n,None,equal,100000000,430830206.923239,330830206.923239,3.3390557872893494,0.34164092965785264,0.2926101283216702,-0.34812482067827877,1.1712728335269778,1.494339307567657,0.9474122533732047,0.5643724696356275
2021-07-01T00:00:00.000000,2021-07-01T00:00:00.000000,momentum_12_1,top_n,None,alpha,100000000,432581297.365611,332581297.365611,3.3566211775252093,0.34272676098032817,0.2928622668583272,-0.34910358668249375,1.1733355311750782,1.4968985560194568,0.9415881467795808,0.5659919028340081
2021-07-01T00:00:00.000000,2021-07-01T00:00:00.000000,momentum_12_1,top_n,None,alpha_volatility,100000000,438708463.4298514,338708463.4298514,3.4133276891538946,0.34620842938255536,0.28440900201818786,-0.3184171228867414,1.2087280292681661,1.5559535408991598,0.9439492579097006,0.5668016194331984
2021-07-01T00:00:00.000000,2021-07-01T00:00:00.000000,momentum_12_1,top_n,None,inverse_volatility,100000000,436434953.96450996,336434953.96450996,3.3905369854470147,0.344813449555351,0.28413307658617554,-0.3178488241887778,1.205904307548994,1.5517927087626182,0.9434321571377529,0.5668016194331984
2021-07-01T00:00:00.000000,2021-07-01T00:00:00.000000,momentum_12_1,correlation_filtered,None,equal,100000000,430830206.923239,330830206.923239,3.3390557872893494,0.34164092965785264,0.2926101283216702,-0.34812482067827877,1.1712728335269778,1.494339307567657,0.9474122533732047,0.5643724696356275
2021-07-01T00:00:00.000000,2021-07-01T00:00:00.000000,momentum_12_1,correlation_filtered,None,alpha,100000000,432581297.365611,332581297.365611,3.3566211775252093,0.34272676098032817,0.2928622668583272,-0.34910358668249375,1.1733355311750782,1.4968985560194568,0.9415881467795808,0.5659919028340081
2021-07-01T00:00:00.000000,2021-07-01T00:00:00.000000,momentum_12_1,correlation_filtered,None,alpha_volatility,100000000,438708463.4298514,338708463.4298514,3.4133276891538946,0.34620842938255536,0.28440900201818786,-0.3184171228867414,1.2087280292681661,1.5559535408991598,0.9439492579097006,0.5668016194331984
2021-07-01T00:00:00.000000,2021-07-01T00:00:00.000000,momentum_12_1,correlation_filtered,None,inverse_volatility,100000000,436434953.96450996,336434953.96450996,3.3905369854470147,0.344813449555351,0.28413307658617554,-0.3178488241887778,1.205904307548994,1.5517927087626182,0.9434321571377529,0.5668016194331984
2021-07-01T00:00:00.000000,2021-07-01T00:00:00.000000,momentum_12_1,correlation_filtered,0.7,equal,100000000,430830206.923239,330830206.923239,3.3390557872893494,0.34164092965785264,0.2926101283216702,-0.34812482067827877,1.1712728335269778,1.494339307567657,0.9474122533732047,0.5643724696356275
2021-07-01T00:00:00.000000,2021-07-01T00:00:00.000000,momentum_12_1,correlation_filtered,0.7,alpha,100000000,432581297.365611,332581297.365611,3.3566211775252093,0.34272676098032817,0.2928622668583272,-0.34910358668249375,1.1733355311750782,1.4968985560194568,0.9415881467795808,0.5659919028340081
2021-07-01T00:00:00.000000,2021-07-01T00:00:00.000000,momentum_12_1,correlation_filtered,0.7,alpha_volatility,100000000,438708463.4298514,338708463.4298514,3.4133276891538946,0.34620842938255536,0.28440900201818786,-0.3184171228867414,1.2087280292681661,1.5559535408991598,0.9439492579097006,0.5668016194331984
2021-07-01T00:00:00.000000,2021-07-01T00:00:00.000000,momentum_12_1,correlation_filtered,0.7,inverse_volatility,100000000,436434953.96450996,336434953.96450996,3.3905369854470147,0.344813449555351,0.28413307658617554,-0.3178488241887778,1.205904307548994,1.5517927087626182,0.9434321571377529,0.5668016194331984
2021-07-01T00:00:00.000000,2021-07-01T00:00:00.000000,momentum_12_1,correlation_filtered,0.75,equal,100000000,430830206.923239,330830206.923239,3.3390557872893494,0.34164092965785264,0.2926101283216702,-0.34812482067827877,1.1712728335269778,1.494339307567657,0.9474122533732047,0.5643724696356275
2021-07-01T00:00:00.000000,2021-07-01T00:00:00.000000,momentum_12_1,correlation_filtered,0.75,alpha,100000000,432581297.365611,332581297.365611,3.3566211775252093,0.34272676098032817,0.2928622668583272,-0.34910358668249375,1.1733355311750782,1.4968985560194568,0.9415881467795808,0.5659919028340081
2021-07-01T00:00:00.000000,2021-07-01T00:00:00.000000,momentum_12_1,correlation_filtered,0.75,alpha_volatility,100000000,438708463.4298514,338708463.4298514,3.4133276891538946,0.34620842938255536,0.28440900201818786,-0.3184171228867414,1.2087280292681661,1.5559535408991598,0.9439492579097006,0.5668016194331984
2021-07-01T00:00:00.000000,2021-07-01T00:00:00.000000,momentum_12_1,correlation_filtered,0.75,inverse_volatility,100000000,436434953.96450996,336434953.96450996,3.3905369854470147,0.344813449555351,0.28413307658617554,-0.3178488241887778,1.205904307548994,1.5517927087626182,0.9434321571377529,0.5668016194331984
2021-07-01T00:00:00.000000,2021-07-01T00:00:00.000000,momentum_12_1,correlation_filtered,0.8,equal,100000000,430830206.923239,330830206.923239,3.3390557872893494,0.34164092965785264,0.2926101283216702,-0.34812482067827877,1.1712728335269778,1.494339307567657,0.9474122533732047,0.5643724696356275
2021-07-01T00:00:00.000000,2021-07-01T00:00:00.000000,momentum_12_1,correlation_filtered,0.8,alpha,100000000,432581297.365611,332581297.365611,3.3566211775252093,0.34272676098032817,0.2928622668583272,-0.34910358668249375,1.1733355311750782,1.4968985560194568,0.9415881467795808,0.5659919028340081
2021-07-01T00:00:00.000000,2021-07-01T00:00:00.000000,momentum_12_1,correlation_filtered,0.8,alpha_volatility,100000000,438708463.4298514,338708463.4298514,3.4133276891538946,0.34620842938255536,0.28440900201818786,-0.3184171228867414,1.2087280292681661,1.5559535408991598,0.9439492579097006,0.5668016194331984
2021-07-01T00:00:00.000000,2021-07-01T00:00:00.000000,momentum_12_1,correlation_filtered,0.8,inverse_volatility,100000000,436434953.96450996,336434953.96450996,3.3905369854470147,0.344813449555351,0.28413307658617554,-0.3178488241887778,1.205904307548994,1.5517927087626182,0.9434321571377529,0.5668016194331984
2021-07-01T00:00:00.000000,2021-07-01T00:00:00.000000,momentum_12_1,correlation_filtered,0.85,equal,100000000,430830206.923239,330830206.923239,3.3390557872893494,0.34164092965785264,0.2926101283216702,-0.34812482067827877,1.1712728335269778,1.494339307567657,0.9474122533732047,0.5643724696356275
2021-07-01T00:00:00.000000,2021-07-01T00:00:00.000000,momentum_12_1,correlation_filtered,0.85,alpha,100000000,432581297.365611,332581297.365611,3.3566211775252093,0.34272676098032817,0.2928622668583272,-0.34910358668249375,1.1733355311750782,1.4968985560194568,0.9415881467795808,0.5659919028340081
2021-07-01T00:00:00.000000,2021-07-01T00:00:00.000000,momentum_12_1,correlation_filtered,0.85,alpha_volatility,100000000,438708463.4298514,338708463.4298514,3.4133276891538946,0.34620842938255536,0.28440900201818786,-0.3184171228867414,1.2087280292681661,1.5559535408991598,0.9439492579097006,0.5668016194331984
2021-07-01T00:00:00.000000,2021-07-01T00:00:00.000000,momentum_12_1,correlation_filtered,0.85,inverse_volatility,100000000,436434953.96450996,336434953.96450996,3.3905369854470147,0.344813449555351,0.28413307658617554,-0.3178488241887778,1.205904307548994,1.5517927087626182,0.9434321571377529,0.5668016194331984
2021-07-01T00:00:00.000000,2021-07-01T00:00:00.000000,momentum_6m,top_n,None,equal,100000000,400784722.1767462,300784722.1767462,3.013705047993361,0.32086366014343004,0.327369776074382,-0.4119588282209372,1.031942287066124,1.2586967049487021,0.9339361348950025,0.562753036437247
2021-07-01T00:00:00.000000,2021-07-01T00:00:00.000000,momentum_6m,top_n,None,alpha,100000000,399772763.4625692,299772763.4625692,3.0036671964282338,0.32020151461875535,0.3274655120278646,-0.4117499794069027,1.0301813096188113,1.2566347246379992,0.9367190076785273,0.5619433198380567
2021-07-01T00:00:00.000000,2021-07-01T00:00:00.000000,momentum_6m,top_n,None,alpha_volatility,100000000,414845306.39533997,314845306.39533997,3.1578737510908077,0.33023062394038316,0.32955157524181694,-0.4239549721166239,1.0492204020687756,1.2770133777382127,0.937131927619073,0.562753036437247
2021-07-01T00:00:00.000000,2021-07-01T00:00:00.000000,momentum_6m,top_n,None,inverse_volatility,100000000,415911729.975129,315911729.975129,3.1684365299152653,0.33090664229289546,0.3294928322412278,-0.42416976416510666,1.0509151293373742,1.2786549339889133,0.9281882364210501,0.5651821862348179
2021-07-01T00:00:00.000000,2021-07-01T00:00:00.000000,momentum_6m,correlation_filtered,None,equal,100000000,400784722.1767462,300784722.1767462,3.013705047993361,0.32086366014343004,0.327369776074382,-0.4119588282209372,1.031942287066124,1.2586967049487021,0.9339361348950025,0.562753036437247
2021-07-01T00:00:00.000000,2021-07-01T00:00:00.000000,momentum_6m,correlation_filtered,None,alpha,100000000,399772763.4625692,299772763.4625692,3.0036671964282338,0.32020151461875535,0.3274655120278646,-0.4117499794069027,1.0301813096188113,1.2566347246379992,0.9367190076785273,0.5619433198380567
2021-07-01T00:00:00.000000,2021-07-01T00:00:00.000000,momentum_6m,correlation_filtered,None,alpha_volatility,100000000,414845306.39533997,314845306.39533997,3.1578737510908077,0.33023062394038316,0.32955157524181694,-0.4239549721166239,1.0492204020687756,1.2770133777382127,0.937131927619073,0.562753036437247
2021-07-01T00:00:00.000000,2021-07-01T00:00:00.000000,momentum_6m,correlation_filtered,None,inverse_volatility,100000000,415911729.975129,315911729.975129,3.1684365299152653,0.33090664229289546,0.3294928322412278,-0.42416976416510666,1.0509151293373742,1.2786549339889133,0.9281882364210501,0.5651821862348179
2021-07-01T00:00:00.000000,2021-07-01T00:00:00.000000,momentum_6m,correlation_filtered,0.7,equal,100000000,400784722.1767462,300784722.1767462,3.013705047993361,0.32086366014343004,0.327369776074382,-0.4119588282209372,1.031942287066124,1.2586967049487021,0.9339361348950025,0.562753036437247
2021-07-01T00:00:00.000000,2021-07-01T00:00:00.000000,momentum_6m,correlation_filtered,0.7,alpha,100000000,399772763.4625692,299772763.4625692,3.0036671964282338,0.32020151461875535,0.3274655120278646,-0.4117499794069027,1.0301813096188113,1.2566347246379992,0.9367190076785273,0.5619433198380567
2021-07-01T00:00:00.000000,2021-07-01T00:00:00.000000,momentum_6m,correlation_filtered,0.7,alpha_volatility,100000000,414845306.39533997,314845306.39533997,3.1578737510908077,0.33023062394038316,0.32955157524181694,-0.4239549721166239,1.0492204020687756,1.2770133777382127,0.937131927619073,0.562753036437247
2021-07-01T00:00:00.000000,2021-07-01T00:00:00.000000,momentum_6m,correlation_filtered,0.7,inverse_volatility,100000000,415911729.975129,315911729.975129,3.1684365299152653,0.33090664229289546,0.3294928322412278,-0.42416976416510666,1.0509151293373742,1.2786549339889133,0.9281882364210501,0.5651821862348179
2021-07-01T00:00:00.000000,2021-07-01T00:00:00.000000,momentum_6m,correlation_filtered,0.75,equal,100000000,400784722.1767462,300784722.1767462,3.013705047993361,0.32086366014343004,0.327369776074382,-0.4119588282209372,1.031942287066124,1.2586967049487021,0.9339361348950025,0.562753036437247
2021-07-01T00:00:00.000000,2021-07-01T00:00:00.000000,momentum_6m,correlation_filtered,0.75,alpha,100000000,399772763.4625692,299772763.4625692,3.0036671964282338,0.32020151461875535,0.3274655120278646,-0.4117499794069027,1.0301813096188113,1.2566347246379992,0.9367190076785273,0.5619433198380567
2021-07-01T00:00:00.000000,2021-07-01T00:00:00.000000,momentum_6m,correlation_filtered,0.75,alpha_volatility,100000000,414845306.39533997,314845306.39533997,3.1578737510908077,0.33023062394038316,0.32955157524181694,-0.4239549721166239,1.0492204020687756,1.2770133777382127,0.937131927619073,0.562753036437247
2021-07-01T00:00:00.000000,2021-07-01T00:00:00.000000,momentum_6m,correlation_filtered,0.75,inverse_volatility,100000000,415911729.975129,315911729.975129,3.1684365299152653,0.33090664229289546,0.3294928322412278,-0.42416976416510666,1.0509151293373742,1.2786549339889133,0.9281882364210501,0.5651821862348179
2021-07-01T00:00:00.000000,2021-07-01T00:00:00.000000,momentum_6m,correlation_filtered,0.8,equal,100000000,400784722.1767462,300784722.1767462,3.013705047993361,0.32086366014343004,0.327369776074382,-0.4119588282209372,1.031942287066124,1.2586967049487021,0.9339361348950025,0.562753036437247
2021-07-01T00:00:00.000000,2021-07-01T00:00:00.000000,momentum_6m,correlation_filtered,0.8,alpha,100000000,399772763.4625692,299772763.4625692,3.0036671964282338,0.32020151461875535,0.3274655120278646,-0.4117499794069027,1.0301813096188113,1.2566347246379992,0.9367190076785273,0.5619433198380567
2021-07-01T00:00:00.000000,2021-07-01T00:00:00.000000,momentum_6m,correlation_filtered,0.8,alpha_volatility,100000000,414845306.39533997,314845306.39533997,3.1578737510908077,0.33023062394038316,0.32955157524181694,-0.4239549721166239,1.0492204020687756,1.2770133777382127,0.937131927619073,0.562753036437247
2021-07-01T00:00:00.000000,2021-07-01T00:00:00.000000,momentum_6m,correlation_filtered,0.8,inverse_volatility,100000000,415911729.975129,315911729.975129,3.1684365299152653,0.33090664229289546,0.3294928322412278,-0.42416976416510666,1.0509151293373742,1.2786549339889133,0.9281882364210501,0.5651821862348179
2021-07-01T00:00:00.000000,2021-07-01T00:00:00.000000,momentum_6m,correlation_filtered,0.85,equal,100000000,400784722.1767462,300784722.1767462,3.013705047993361,0.32086366014343004,0.327369776074382,-0.4119588282209372,1.031942287066124,1.2586967049487021,0.9339361348950025,0.562753036437247
2021-07-01T00:00:00.000000,2021-07-01T00:00:00.000000,momentum_6m,correlation_filtered,0.85,alpha,100000000,399772763.4625692,299772763.4625692,3.0036671964282338,0.32020151461875535,0.3274655120278646,-0.4117499794069027,1.0301813096188113,1.2566347246379992,0.9367190076785273,0.5619433198380567
2021-07-01T00:00:00.000000,2021-07-01T00:00:00.000000,momentum_6m,correlation_filtered,0.85,alpha_volatility,100000000,414845306.39533997,314845306.39533997,3.1578737510908077,0.33023062394038316,0.32955157524181694,-0.4239549721166239,1.0492204020687756,1.2770133777382127,0.937131927619073,0.562753036437247
2021-07-01T00:00:00.000000,2021-07-01T00:00:00.000000,momentum_6m,correlation_filtered,0.85,inverse_volatility,100000000,415911729.975129,315911729.975129,3.1684365299152653,0.33090664229289546,0.3294928322412278,-0.42416976416510666,1.0509151293373742,1.2786549339889133,0.9281882364210501,0.5651821862348179
2021-07-01T00:00:00.000000,2021-07-01T00:00:00.000000,momentum_3m,top_n,None,equal,100000000,567606506.8022202,467606506.8022202,4.624769618641321,0.4132077374251688,0.32523190667785573,-0.5238503244039507,1.2471893153232223,1.7760050056222907,0.9802254359871103,0.5578947368421052
2021-07-01T00:00:00.000000,2021-07-01T00:00:00.000000,momentum_3m,top_n,None,alpha,100000000,565345201.9436475,465345201.9436475,4.601254899944936,0.41202269560367766,0.32519536050798037,-0.524655696531391,1.2446672796220921,1.77257774871377,0.9765211630848153,0.5587044534412956
2021-07-01T00:00:00.000000,2021-07-01T00:00:00.000000,momentum_3m,top_n,None,alpha_volatility,100000000,745032651.8521211,645032651.8521211,6.37541085218894,0.4920086314579857,0.34065855607839884,-0.4891924389049097,1.367772092194512,2.0140142595214314,1.0199007116845624,0.5538461538461539
2021-07-01T00:00:00.000000,2021-07-01T00:00:00.000000,momentum_3m,top_n,None,inverse_volatility,100000000,747621364.9248875,647621364.9248875,6.402268767416914,0.4930950353666954,0.3407727625446776,-0.488118891685033,1.3695987397964546,2.0171260745331723,1.020325097685875,0.5538461538461539
2021-07-01T00:00:00.000000,2021-07-01T00:00:00.000000,momentum_3m,correlation_filtered,None,equal,100000000,567606506.8022202,467606506.8022202,4.624769618641321,0.4132077374251688,0.32523190667785573,-0.5238503244039507,1.2471893153232223,1.7760050056222907,0.9802254359871103,0.5578947368421052
2021-07-01T00:00:00.000000,2021-07-01T00:00:00.000000,momentum_3m,correlation_filtered,None,alpha,100000000,565345201.9436475,465345201.9436475,4.601254899944936,0.41202269560367766,0.32519536050798037,-0.524655696531391,1.2446672796220921,1.77257774871377,0.9765211630848153,0.5587044534412956
2021-07-01T00:00:00.000000,2021-07-01T00:00:00.000000,momentum_3m,correlation_filtered,None,alpha_volatility,100000000,745032651.8521211,645032651.8521211,6.37541085218894,0.4920086314579857,0.34065855607839884,-0.4891924389049097,1.367772092194512,2.0140142595214314,1.0199007116845624,0.5538461538461539
2021-07-01T00:00:00.000000,2021-07-01T00:00:00.000000,momentum_3m,correlation_filtered,None,inverse_volatility,100000000,747621364.9248875,647621364.9248875,6.402268767416914,0.4930950353666954,0.3407727625446776,-0.488118891685033,1.3695987397964546,2.0171260745331723,1.020325097685875,0.5538461538461539
2021-07-01T00:00:00.000000,2021-07-01T00:00:00.000000,momentum_3m,correlation_filtered,0.7,equal,100000000,567606506.8022202,467606506.8022202,4.624769618641321,0.4132077374251688,0.32523190667785573,-0.5238503244039507,1.2471893153232223,1.7760050056222907,0.9802254359871103,0.5578947368421052
2021-07-01T00:00:00.000000,2021-07-01T00:00:00.000000,momentum_3m,correlation_filtered,0.7,alpha,100000000,565345201.9436475,465345201.9436475,4.601254899944936,0.41202269560367766,0.32519536050798037,-0.524655696531391,1.2446672796220921,1.77257774871377,0.9765211630848153,0.5587044534412956
2021-07-01T00:00:00.000000,2021-07-01T00:00:00.000000,momentum_3m,correlation_filtered,0.7,alpha_volatility,100000000,745032651.8521211,645032651.8521211,6.37541085218894,0.4920086314579857,0.34065855607839884,-0.4891924389049097,1.367772092194512,2.0140142595214314,1.0199007116845624,0.5538461538461539
2021-07-01T00:00:00.000000,2021-07-01T00:00:00.000000,momentum_3m,correlation_filtered,0.7,inverse_volatility,100000000,747621364.9248875,647621364.9248875,6.402268767416914,0.4930950353666954,0.3407727625446776,-0.488118891685033,1.3695987397964546,2.0171260745331723,1.020325097685875,0.5538461538461539
2021-07-01T00:00:00.000000,2021-07-01T00:00:00.000000,momentum_3m,correlation_filtered,0.75,equal,100000000,567606506.8022202,467606506.8022202,4.624769618641321,0.4132077374251688,0.32523190667785573,-0.5238503244039507,1.2471893153232223,1.7760050056222907,0.9802254359871103,0.5578947368421052
2021-07-01T00:00:00.000000,2021-07-01T00:00:00.000000,momentum_3m,correlation_filtered,0.75,alpha,100000000,565345201.9436475,465345201.9436475,4.601254899944936,0.41202269560367766,0.32519536050798037,-0.524655696531391,1.2446672796220921,1.77257774871377,0.9765211630848153,0.5587044534412956
2021-07-01T00:00:00.000000,2021-07-01T00:00:00.000000,momentum_3m,correlation_filtered,0.75,alpha_volatility,100000000,745032651.8521211,645032651.8521211,6.37541085218894,0.4920086314579857,0.34065855607839884,-0.4891924389049097,1.367772092194512,2.0140142595214314,1.0199007116845624,0.5538461538461539
2021-07-01T00:00:00.000000,2021-07-01T00:00:00.000000,momentum_3m,correlation_filtered,0.75,inverse_volatility,100000000,747621364.9248875,647621364.9248875,6.402268767416914,0.4930950353666954,0.3407727625446776,-0.488118891685033,1.3695987397964546,2.0171260745331723,1.020325097685875,0.5538461538461539
2021-07-01T00:00:00.000000,2021-07-01T00:00:00.000000,momentum_3m,correlation_filtered,0.8,equal,100000000,567606506.8022202,467606506.8022202,4.624769618641321,0.4132077374251688,0.32523190667785573,-0.5238503244039507,1.2471893153232223,1.7760050056222907,0.9802254359871103,0.5578947368421052
2021-07-01T00:00:00.000000,2021-07-01T00:00:00.000000,momentum_3m,correlation_filtered,0.8,alpha,100000000,565345201.9436475,465345201.9436475,4.601254899944936,0.41202269560367766,0.32519536050798037,-0.524655696531391,1.2446672796220921,1.77257774871377,0.9765211630848153,0.5587044534412956
2021-07-01T00:00:00.000000,2021-07-01T00:00:00.000000,momentum_3m,correlation_filtered,0.8,alpha_volatility,100000000,745032651.8521211,645032651.8521211,6.37541085218894,0.4920086314579857,0.34065855607839884,-0.4891924389049097,1.367772092194512,2.0140142595214314,1.0199007116845624,0.5538461538461539
2021-07-01T00:00:00.000000,2021-07-01T00:00:00.000000,momentum_3m,correlation_filtered,0.8,inverse_volatility,100000000,747621364.9248875,647621364.9248875,6.402268767416914,0.4930950353666954,0.3407727625446776,-0.488118891685033,1.3695987397964546,2.0171260745331723,1.020325097685875,0.5538461538461539
2021-07-01T00:00:00.000000,2021-07-01T00:00:00.000000,momentum_3m,correlation_filtered,0.85,equal,100000000,567606506.8022202,467606506.8022202,4.624769618641321,0.4132077374251688,0.32523190667785573,-0.5238503244039507,1.2471893153232223,1.7760050056222907,0.9802254359871103,0.5578947368421052
2021-07-01T00:00:00.000000,2021-07-01T00:00:00.000000,momentum_3m,correlation_filtered,0.85,alpha,100000000,565345201.9436475,465345201.9436475,4.601254899944936,0.41202269560367766,0.32519536050798037,-0.524655696531391,1.2446672796220921,1.77257774871377,0.9765211630848153,0.5587044534412956
2021-07-01T00:00:00.000000,2021-07-01T00:00:00.000000,momentum_3m,correlation_filtered,0.85,alpha_volatility,100000000,745032651.8521211,645032651.8521211,6.37541085218894,0.4920086314579857,0.34065855607839884,-0.4891924389049097,1.367772092194512,2.0140142595214314,1.0199007116845624,0.5538461538461539
2021-07-01T00:00:00.000000,2021-07-01T00:00:00.000000,momentum_3m,correlation_filtered,0.85,inverse_volatility,100000000,747621364.9248875,647621364.9248875,6.402268767416914,0.4930950353666954,0.3407727625446776,-0.488118891685033,1.3695987397964546,2.0171260745331723,1.020325097685875,0.5538461538461539
2021-07-01T00:00:00.000000,2021-07-01T00:00:00.000000,multi_horizon_momentum,top_n,None,equal,100000000,206488074.31666645,106488074.31666645,1.0734182356208435,0.15721888591566846,0.2717967375312899,-0.47772694455100695,0.6848563985766516,0.8358601779260275,0.8875326880126748,0.5595141700404859
2021-07-01T00:00:00.000000,2021-07-01T00:00:00.000000,multi_horizon_momentum,top_n,None,alpha,100000000,205788951.77708465,105788951.77708465,1.0667062248626458,0.15646776553931185,0.2729628978781397,-0.48514950401409385,0.6807079792938211,0.8296032354569206,0.886994152734686,0.5595141700404859
2021-07-01T00:00:00.000000,2021-07-01T00:00:00.000000,multi_horizon_momentum,top_n,None,alpha_volatility,100000000,199570635.57310802,99570635.57310802,1.0042437906279584,0.14938256157368524,0.26446213800456947,-0.47007009504866015,0.6701201249801628,0.8171180288451223,0.8940832666136455,0.557085020242915
2021-07-01T00:00:00.000000,2021-07-01T00:00:00.000000,multi_horizon_momentum,top_n,None,inverse_volatility,100000000,200029923.85895237,100029923.85895237,1.008504889280616,0.14987147519099064,0.2632373304787909,-0.4626223327756226,0.6736179252825979,0.8226521788515991,0.8915909911140748,0.5578947368421052
2021-07-01T00:00:00.000000,2021-07-01T00:00:00.000000,multi_horizon_momentum,correlation_filtered,None,equal,100000000,206488074.31666645,106488074.31666645,1.0734182356208435,0.15721888591566846,0.2717967375312899,-0.47772694455100695,0.6848563985766516,0.8358601779260275,0.8875326880126748,0.5595141700404859
2021-07-01T00:00:00.000000,2021-07-01T00:00:00.000000,multi_horizon_momentum,correlation_filtered,None,alpha,100000000,205788951.77708465,105788951.77708465,1.0667062248626458,0.15646776553931185,0.2729628978781397,-0.48514950401409385,0.6807079792938211,0.8296032354569206,0.886994152734686,0.5595141700404859
2021-07-01T00:00:00.000000,2021-07-01T00:00:00.000000,multi_horizon_momentum,correlation_filtered,None,alpha_volatility,100000000,199570635.57310802,99570635.57310802,1.0042437906279584,0.14938256157368524,0.26446213800456947,-0.47007009504866015,0.6701201249801628,0.8171180288451223,0.8940832666136455,0.557085020242915
2021-07-01T00:00:00.000000,2021-07-01T00:00:00.000000,multi_horizon_momentum,correlation_filtered,None,inverse_volatility,100000000,200029923.85895237,100029923.85895237,1.008504889280616,0.14987147519099064,0.2632373304787909,-0.4626223327756226,0.6736179252825979,0.8226521788515991,0.8915909911140748,0.5578947368421052
2021-07-01T00:00:00.000000,2021-07-01T00:00:00.000000,multi_horizon_momentum,correlation_filtered,0.7,equal,100000000,206488074.31666645,106488074.31666645,1.0734182356208435,0.15721888591566846,0.2717967375312899,-0.47772694455100695,0.6848563985766516,0.8358601779260275,0.8875326880126748,0.5595141700404859
2021-07-01T00:00:00.000000,2021-07-01T00:00:00.000000,multi_horizon_momentum,correlation_filtered,0.7,alpha,100000000,205788951.77708465,105788951.77708465,1.0667062248626458,0.15646776553931185,0.2729628978781397,-0.48514950401409385,0.6807079792938211,0.8296032354569206,0.886994152734686,0.5595141700404859
2021-07-01T00:00:00.000000,2021-07-01T00:00:00.000000,multi_horizon_momentum,correlation_filtered,0.7,alpha_volatility,100000000,199570635.57310802,99570635.57310802,1.0042437906279584,0.14938256157368524,0.26446213800456947,-0.47007009504866015,0.6701201249801628,0.8171180288451223,0.8940832666136455,0.557085020242915
2021-07-01T00:00:00.000000,2021-07-01T00:00:00.000000,multi_horizon_momentum,correlation_filtered,0.7,inverse_volatility,100000000,200029923.85895237,100029923.85895237,1.008504889280616,0.14987147519099064,0.2632373304787909,-0.4626223327756226,0.6736179252825979,0.8226521788515991,0.8915909911140748,0.5578947368421052
2021-07-01T00:00:00.000000,2021-07-01T00:00:00.000000,multi_horizon_momentum,correlation_filtered,0.75,equal,100000000,206488074.31666645,106488074.31666645,1.0734182356208435,0.15721888591566846,0.2717967375312899,-0.47772694455100695,0.6848563985766516,0.8358601779260275,0.8875326880126748,0.5595141700404859
2021-07-01T00:00:00.000000,2021-07-01T00:00:00.000000,multi_horizon_momentum,correlation_filtered,0.75,alpha,100000000,205788951.77708465,105788951.77708465,1.0667062248626458,0.15646776553931185,0.2729628978781397,-0.48514950401409385,0.6807079792938211,0.8296032354569206,0.886994152734686,0.5595141700404859
2021-07-01T00:00:00.000000,2021-07-01T00:00:00.000000,multi_horizon_momentum,correlation_filtered,0.75,alpha_volatility,100000000,199570635.57310802,99570635.57310802,1.0042437906279584,0.14938256157368524,0.26446213800456947,-0.47007009504866015,0.6701201249801628,0.8171180288451223,0.8940832666136455,0.557085020242915
2021-07-01T00:00:00.000000,2021-07-01T00:00:00.000000,multi_horizon_momentum,correlation_filtered,0.75,inverse_volatility,100000000,200029923.85895237,100029923.85895237,1.008504889280616,0.14987147519099064,0.2632373304787909,-0.4626223327756226,0.6736179252825979,0.8226521788515991,0.8915909911140748,0.5578947368421052
2021-07-01T00:00:00.000000,2021-07-01T00:00:00.000000,multi_horizon_momentum,correlation_filtered,0.8,equal,100000000,206488074.31666645,106488074.31666645,1.0734182356208435,0.15721888591566846,0.2717967375312899,-0.47772694455100695,0.6848563985766516,0.8358601779260275,0.8875326880126748,0.5595141700404859
2021-07-01T00:00:00.000000,2021-07-01T00:00:00.000000,multi_horizon_momentum,correlation_filtered,0.8,alpha,100000000,205788951.77708465,105788951.77708465,1.0667062248626458,0.15646776553931185,0.2729628978781397,-0.48514950401409385,0.6807079792938211,0.8296032354569206,0.886994152734686,0.5595141700404859
2021-07-01T00:00:00.000000,2021-07-01T00:00:00.000000,multi_horizon_momentum,correlation_filtered,0.8,alpha_volatility,100000000,199570635.57310802,99570635.57310802,1.0042437906279584,0.14938256157368524,0.26446213800456947,-0.47007009504866015,0.6701201249801628,0.8171180288451223,0.8940832666136455,0.557085020242915
2021-07-01T00:00:00.000000,2021-07-01T00:00:00.000000,multi_horizon_momentum,correlation_filtered,0.8,inverse_volatility,100000000,200029923.85895237,100029923.85895237,1.008504889280616,0.14987147519099064,0.2632373304787909,-0.4626223327756226,0.6736179252825979,0.8226521788515991,0.8915909911140748,0.5578947368421052
2021-07-01T00:00:00.000000,2021-07-01T00:00:00.000000,multi_horizon_momentum,correlation_filtered,0.85,equal,100000000,206488074.31666645,106488074.31666645,1.0734182356208435,0.15721888591566846,0.2717967375312899,-0.47772694455100695,0.6848563985766516,0.8358601779260275,0.8875326880126748,0.5595141700404859
2021-07-01T00:00:00.000000,2021-07-01T00:00:00.000000,multi_horizon_momentum,correlation_filtered,0.85,alpha,100000000,205788951.77708465,105788951.77708465,1.0667062248626458,0.15646776553931185,0.2729628978781397,-0.48514950401409385,0.6807079792938211,0.8296032354569206,0.886994152734686,0.5595141700404859
2021-07-01T00:00:00.000000,2021-07-01T00:00:00.000000,multi_horizon_momentum,correlation_filtered,0.85,alpha_volatility,100000000,199570635.57310802,99570635.57310802,1.0042437906279584,0.14938256157368524,0.26446213800456947,-0.47007009504866015,0.6701201249801628,0.8171180288451223,0.8940832666136455,0.557085020242915
2021-07-01T00:00:00.000000,2021-07-01T00:00:00.000000,multi_horizon_momentum,correlation_filtered,0.85,inverse_volatility,100000000,200029923.85895237,100029923.85895237,1.008504889280616,0.14987147519099064,0.2632373304787909,-0.4626223327756226,0.6736179252825979,0.8226521788515991,0.8915909911140748,0.5578947368421052
2021-07-01T00:00:00.000000,2021-07-01T00:00:00.000000,relative_strength,top_n,None,equal,100000000,388212171.2150055,288212171.2150055,2.896626657902728,0.3130567258454191,0.30976107914282136,-0.3528752420797453,1.0523872325941088,1.3260322133679245,0.8834664668537875,0.5765182186234817
2021-07-01T00:00:00.000000,2021-07-01T00:00:00.000000,relative_strength,top_n,None,alpha,100000000,387902675.53806186,287902675.53806186,2.8926902752663537,0.31279100055136433,0.3097923535710811,-0.352721940975127,1.0516447896089385,1.3253663857845863,0.8862717778482202,0.5757085020242915
2021-07-01T00:00:00.000000,2021-07-01T00:00:00.000000,relative_strength,top_n,None,alpha_volatility,100000000,393449016.4581593,293449016.4581593,2.9558724726170804,0.3170304088324829,0.3102993103468434,-0.3551427451753233,1.0610436091637625,1.33585530421454,0.8879803486151664,0.5757085020242915
2021-07-01T00:00:00.000000,2021-07-01T00:00:00.000000,relative_strength,top_n,None,inverse_volatility,100000000,393749839.1873636,293749839.1873636,2.9596966609447573,0.3172852621924862,0.3102559590061011,-0.3545009875125732,1.061784514901628,1.3369797585761096,0.8940016088767032,0.5740890688259109
2021-07-01T00:00:00.000000,2021-07-01T00:00:00.000000,relative_strength,correlation_filtered,None,equal,100000000,388212171.2150055,288212171.2150055,2.896626657902728,0.3130567258454191,0.30976107914282136,-0.3528752420797453,1.0523872325941088,1.3260322133679245,0.8834664668537875,0.5765182186234817
2021-07-01T00:00:00.000000,2021-07-01T00:00:00.000000,relative_strength,correlation_filtered,None,alpha,100000000,387902675.53806186,287902675.53806186,2.8926902752663537,0.31279100055136433,0.3097923535710811,-0.352721940975127,1.0516447896089385,1.3253663857845863,0.8862717778482202,0.5757085020242915
2021-07-01T00:00:00.000000,2021-07-01T00:00:00.000000,relative_strength,correlation_filtered,None,alpha_volatility,100000000,393449016.4581593,293449016.4581593,2.9558724726170804,0.3170304088324829,0.3102993103468434,-0.3551427451753233,1.0610436091637625,1.33585530421454,0.8879803486151664,0.5757085020242915
2021-07-01T00:00:00.000000,2021-07-01T00:00:00.000000,relative_strength,correlation_filtered,None,inverse_volatility,100000000,393749839.1873636,293749839.1873636,2.9596966609447573,0.3172852621924862,0.3102559590061011,-0.3545009875125732,1.061784514901628,1.3369797585761096,0.8940016088767032,0.5740890688259109
2021-07-01T00:00:00.000000,2021-07-01T00:00:00.000000,relative_strength,correlation_filtered,0.7,equal,100000000,388212171.2150055,288212171.2150055,2.896626657902728,0.3130567258454191,0.30976107914282136,-0.3528752420797453,1.0523872325941088,1.3260322133679245,0.8834664668537875,0.5765182186234817
2021-07-01T00:00:00.000000,2021-07-01T00:00:00.000000,relative_strength,correlation_filtered,0.7,alpha,100000000,387902675.53806186,287902675.53806186,2.8926902752663537,0.31279100055136433,0.3097923535710811,-0.352721940975127,1.0516447896089385,1.3253663857845863,0.8862717778482202,0.5757085020242915
2021-07-01T00:00:00.000000,2021-07-01T00:00:00.000000,relative_strength,correlation_filtered,0.7,alpha_volatility,100000000,393449016.4581593,293449016.4581593,2.9558724726170804,0.3170304088324829,0.3102993103468434,-0.3551427451753233,1.0610436091637625,1.33585530421454,0.8879803486151664,0.5757085020242915
2021-07-01T00:00:00.000000,2021-07-01T00:00:00.000000,relative_strength,correlation_filtered,0.7,inverse_volatility,100000000,393749839.1873636,293749839.1873636,2.9596966609447573,0.3172852621924862,0.3102559590061011,-0.3545009875125732,1.061784514901628,1.3369797585761096,0.8940016088767032,0.5740890688259109
2021-07-01T00:00:00.000000,2021-07-01T00:00:00.000000,relative_strength,correlation_filtered,0.75,equal,100000000,388212171.2150055,288212171.2150055,2.896626657902728,0.3130567258454191,0.30976107914282136,-0.3528752420797453,1.0523872325941088,1.3260322133679245,0.8834664668537875,0.5765182186234817
2021-07-01T00:00:00.000000,2021-07-01T00:00:00.000000,relative_strength,correlation_filtered,0.75,alpha,100000000,387902675.53806186,287902675.53806186,2.8926902752663537,0.31279100055136433,0.3097923535710811,-0.352721940975127,1.0516447896089385,1.3253663857845863,0.8862717778482202,0.5757085020242915
2021-07-01T00:00:00.000000,2021-07-01T00:00:00.000000,relative_strength,correlation_filtered,0.75,alpha_volatility,100000000,393449016.4581593,293449016.4581593,2.9558724726170804,0.3170304088324829,0.3102993103468434,-0.3551427451753233,1.0610436091637625,1.33585530421454,0.8879803486151664,0.5757085020242915
2021-07-01T00:00:00.000000,2021-07-01T00:00:00.000000,relative_strength,correlation_filtered,0.75,inverse_volatility,100000000,393749839.1873636,293749839.1873636,2.9596966609447573,0.3172852621924862,0.3102559590061011,-0.3545009875125732,1.061784514901628,1.3369797585761096,0.8940016088767032,0.5740890688259109
2021-07-01T00:00:00.000000,2021-07-01T00:00:00.000000,relative_strength,correlation_filtered,0.8,equal,100000000,388212171.2150055,288212171.2150055,2.896626657902728,0.3130567258454191,0.30976107914282136,-0.3528752420797453,1.0523872325941088,1.3260322133679245,0.8834664668537875,0.5765182186234817
2021-07-01T00:00:00.000000,2021-07-01T00:00:00.000000,relative_strength,correlation_filtered,0.8,alpha,100000000,387902675.53806186,287902675.53806186,2.8926902752663537,0.31279100055136433,0.3097923535710811,-0.352721940975127,1.0516447896089385,1.3253663857845863,0.8862717778482202,0.5757085020242915
2021-07-01T00:00:00.000000,2021-07-01T00:00:00.000000,relative_strength,correlation_filtered,0.8,alpha_volatility,100000000,393449016.4581593,293449016.4581593,2.9558724726170804,0.3170304088324829,0.3102993103468434,-0.3551427451753233,1.0610436091637625,1.33585530421454,0.8879803486151664,0.5757085020242915
2021-07-01T00:00:00.000000,2021-07-01T00:00:00.000000,relative_strength,correlation_filtered,0.8,inverse_volatility,100000000,393749839.1873636,293749839.1873636,2.9596966609447573,0.3172852621924862,0.3102559590061011,-0.3545009875125732,1.061784514901628,1.3369797585761096,0.8940016088767032,0.5740890688259109
2021-07-01T00:00:00.000000,2021-07-01T00:00:00.000000,relative_strength,correlation_filtered,0.85,equal,100000000,388212171.2150055,288212171.2150055,2.896626657902728,0.3130567258454191,0.30976107914282136,-0.3528752420797453,1.0523872325941088,1.3260322133679245,0.8834664668537875,0.5765182186234817
2021-07-01T00:00:00.000000,2021-07-01T00:00:00.000000,relative_strength,correlation_filtered,0.85,alpha,100000000,387902675.53806186,287902675.53806186,2.8926902752663537,0.31279100055136433,0.3097923535710811,-0.352721940975127,1.0516447896089385,1.3253663857845863,0.8862717778482202,0.5757085020242915
2021-07-01T00:00:00.000000,2021-07-01T00:00:00.000000,relative_strength,correlation_filtered,0.85,alpha_volatility,100000000,393449016.4581593,293449016.4581593,2.9558724726170804,0.3170304088324829,0.3102993103468434,-0.3551427451753233,1.0610436091637625,1.33585530421454,0.8879803486151664,0.5757085020242915
2021-07-01T00:00:00.000000,2021-07-01T00:00:00.000000,relative_strength,correlation_filtered,0.85,inverse_volatility,100000000,393749839.1873636,293749839.1873636,2.9596966609447573,0.3172852621924862,0.3102559590061011,-0.3545009875125732,1.061784514901628,1.3369797585761096,0.8940016088767032,0.5740890688259109
2021-07-01T00:00:00.000000,2021-07-01T00:00:00.000000,trend_strength,top_n,None,equal,100000000,347312506.4238615,247312506.4238615,2.4547261777540004,0.2817861023433599,0.3003697984153243,-0.552243024194098,0.9938345837278877,1.292189966292501,0.9712522371115672,0.5506072874493927
2021-07-01T00:00:00.000000,2021-07-01T00:00:00.000000,trend_strength,top_n,None,alpha,100000000,345565395.10518855,245565395.10518855,2.436976297736523,0.28046463376618225,0.3005718916162685,-0.553790979642266,0.9898758924856295,1.2861379206459378,0.9642581094083839,0.5522267206477732
2021-07-01T00:00:00.000000,2021-07-01T00:00:00.000000,trend_strength,top_n,None,alpha_volatility,100000000,343729083.40301657,243729083.40301657,2.425781768740756,0.27962839818105545,0.2995266298674904,-0.5539834549954752,0.9900834312872391,1.2838114579703133,0.974027002116729,0.5497975708502024
2021-07-01T00:00:00.000000,2021-07-01T00:00:00.000000,trend_strength,top_n,None,inverse_volatility,100000000,345400220.2998564,245400220.29985642,2.4428128267937765,0.28089976111850334,0.29933186816890645,-0.5524603727615828,0.9939080618469943,1.2896801309963242,0.9778615948888533,0.5489878542510122
2021-07-01T00:00:00.000000,2021-07-01T00:00:00.000000,trend_strength,correlation_filtered,None,equal,100000000,347312506.4238615,247312506.4238615,2.4547261777540004,0.2817861023433599,0.3003697984153243,-0.552243024194098,0.9938345837278877,1.292189966292501,0.9712522371115672,0.5506072874493927
2021-07-01T00:00:00.000000,2021-07-01T00:00:00.000000,trend_strength,correlation_filtered,None,alpha,100000000,345565395.10518855,245565395.10518855,2.436976297736523,0.28046463376618225,0.3005718916162685,-0.553790979642266,0.9898758924856295,1.2861379206459378,0.9642581094083839,0.5522267206477732
2021-07-01T00:00:00.000000,2021-07-01T00:00:00.000000,trend_strength,correlation_filtered,None,alpha_volatility,100000000,343729083.40301657,243729083.40301657,2.425781768740756,0.27962839818105545,0.2995266298674904,-0.5539834549954752,0.9900834312872391,1.2838114579703133,0.974027002116729,0.5497975708502024
2021-07-01T00:00:00.000000,2021-07-01T00:00:00.000000,trend_strength,correlation_filtered,None,inverse_volatility,100000000,345400220.2998564,245400220.29985642,2.4428128267937765,0.28089976111850334,0.29933186816890645,-0.5524603727615828,0.9939080618469943,1.2896801309963242,0.9778615948888533,0.5489878542510122
2021-07-01T00:00:00.000000,2021-07-01T00:00:00.000000,trend_strength,correlation_filtered,0.7,equal,100000000,347312506.4238615,247312506.4238615,2.4547261777540004,0.2817861023433599,0.3003697984153243,-0.552243024194098,0.9938345837278877,1.292189966292501,0.9712522371115672,0.5506072874493927
2021-07-01T00:00:00.000000,2021-07-01T00:00:00.000000,trend_strength,correlation_filtered,0.7,alpha,100000000,345565395.10518855,245565395.10518855,2.436976297736523,0.28046463376618225,0.3005718916162685,-0.553790979642266,0.9898758924856295,1.2861379206459378,0.9642581094083839,0.5522267206477732
2021-07-01T00:00:00.000000,2021-07-01T00:00:00.000000,trend_strength,correlation_filtered,0.7,alpha_volatility,100000000,343729083.40301657,243729083.40301657,2.425781768740756,0.27962839818105545,0.2995266298674904,-0.5539834549954752,0.9900834312872391,1.2838114579703133,0.974027002116729,0.5497975708502024
2021-07-01T00:00:00.000000,2021-07-01T00:00:00.000000,trend_strength,correlation_filtered,0.7,inverse_volatility,100000000,345400220.2998564,245400220.29985642,2.4428128267937765,0.28089976111850334,0.29933186816890645,-0.5524603727615828,0.9939080618469943,1.2896801309963242,0.9778615948888533,0.5489878542510122
2021-07-01T00:00:00.000000,2021-07-01T00:00:00.000000,trend_strength,correlation_filtered,0.75,equal,100000000,347312506.4238615,247312506.4238615,2.4547261777540004,0.2817861023433599,0.3003697984153243,-0.552243024194098,0.9938345837278877,1.292189966292501,0.9712522371115672,0.5506072874493927
2021-07-01T00:00:00.000000,2021-07-01T00:00:00.000000,trend_strength,correlation_filtered,0.75,alpha,100000000,345565395.10518855,245565395.10518855,2.436976297736523,0.28046463376618225,0.3005718916162685,-0.553790979642266,0.9898758924856295,1.2861379206459378,0.9642581094083839,0.5522267206477732
2021-07-01T00:00:00.000000,2021-07-01T00:00:00.000000,trend_strength,correlation_filtered,0.75,alpha_volatility,100000000,343729083.40301657,243729083.40301657,2.425781768740756,0.27962839818105545,0.2995266298674904,-0.5539834549954752,0.9900834312872391,1.2838114579703133,0.974027002116729,0.5497975708502024
2021-07-01T00:00:00.000000,2021-07-01T00:00:00.000000,trend_strength,correlation_filtered,0.75,inverse_volatility,100000000,345400220.2998564,245400220.29985642,2.4428128267937765,0.28089976111850334,0.29933186816890645,-0.5524603727615828,0.9939080618469943,1.2896801309963242,0.9778615948888533,0.5489878542510122
2021-07-01T00:00:00.000000,2021-07-01T00:00:00.000000,trend_strength,correlation_filtered,0.8,equal,100000000,347312506.4238615,247312506.4238615,2.4547261777540004,0.2817861023433599,0.3003697984153243,-0.552243024194098,0.9938345837278877,1.292189966292501,0.9712522371115672,0.5506072874493927
2021-07-01T00:00:00.000000,2021-07-01T00:00:00.000000,trend_strength,correlation_filtered,0.8,alpha,100000000,345565395.10518855,245565395.10518855,2.436976297736523,0.28046463376618225,0.3005718916162685,-0.553790979642266,0.9898758924856295,1.2861379206459378,0.9642581094083839,0.5522267206477732
2021-07-01T00:00:00.000000,2021-07-01T00:00:00.000000,trend_strength,correlation_filtered,0.8,alpha_volatility,100000000,343729083.40301657,243729083.40301657,2.425781768740756,0.27962839818105545,0.2995266298674904,-0.5539834549954752,0.9900834312872391,1.2838114579703133,0.974027002116729,0.5497975708502024
2021-07-01T00:00:00.000000,2021-07-01T00:00:00.000000,trend_strength,correlation_filtered,0.8,inverse_volatility,100000000,345400220.2998564,245400220.29985642,2.4428128267937765,0.28089976111850334,0.29933186816890645,-0.5524603727615828,0.9939080618469943,1.2896801309963242,0.9778615948888533,0.5489878542510122
2021-07-01T00:00:00.000000,2021-07-01T00:00:00.000000,trend_strength,correlation_filtered,0.85,equal,100000000,347312506.4238615,247312506.4238615,2.4547261777540004,0.2817861023433599,0.3003697984153243,-0.552243024194098,0.9938345837278877,1.292189966292501,0.9712522371115672,0.5506072874493927
2021-07-01T00:00:00.000000,2021-07-01T00:00:00.000000,trend_strength,correlation_filtered,0.85,alpha,100000000,345565395.10518855,245565395.10518855,2.436976297736523,0.28046463376618225,0.3005718916162685,-0.553790979642266,0.9898758924856295,1.2861379206459378,0.9642581094083839,0.5522267206477732
2021-07-01T00:00:00.000000,2021-07-01T00:00:00.000000,trend_strength,correlation_filtered,0.85,alpha_volatility,100000000,343729083.40301657,243729083.40301657,2.425781768740756,0.27962839818105545,0.2995266298674904,-0.5539834549954752,0.9900834312872391,1.2838114579703133,0.974027002116729,0.5497975708502024
2021-07-01T00:00:00.000000,2021-07-01T00:00:00.000000,trend_strength,correlation_filtered,0.85,inverse_volatility,100000000,345400220.2998564,245400220.29985642,2.4428128267937765,0.28089976111850334,0.29933186816890645,-0.5524603727615828,0.9939080618469943,1.2896801309963242,0.9778615948888533,0.5489878542510122
2021-07-01T00:00:00.000000,2021-07-01T00:00:00.000000,high_52w,top_n,None,equal,100000000,308817823.97269917,208817823.97269917,2.1232874348966417,0.25615842873541794,0.4091358036936872,-0.4871052952445266,0.7517341208519844,1.0265256277978112,1.003108727658359,0.5578947368421052
2021-07-01T00:00:00.000000,2021-07-01T00:00:00.000000,high_52w,top_n,None,alpha,100000000,309979923.46515095,209979923.46515095,2.1354522641825224,0.25713663068069925,0.4094399519454664,-0.4865368619914493,0.7533784191208983,1.0296664267446085,1.0067661859980976,0.557085020242915
2021-07-01T00:00:00.000000,2021-07-01T00:00:00.000000,high_52w,top_n,None,alpha_volatility,100000000,270005984.78502375,170005984.78502375,1.7230330510495877,0.22213143425607162,0.41529607480786823,-0.49834137798139166,0.6765708349995507,0.9273810529650443,0.9820606563925349,0.5611336032388664
2021-07-01T00:00:00.000000,2021-07-01T00:00:00.000000,high_52w,top_n,None,inverse_volatility,100000000,269251442.3820616,169251442.3820616,1.7151640196583262,0.22142340026605467,0.4152153943079638,-0.4988534317443887,0.6752035856408621,0.9254262132526256,0.9817570140831843,0.5611336032388664
2021-07-01T00:00:00.000000,2021-07-01T00:00:00.000000,high_52w,correlation_filtered,None,equal,100000000,308817823.97269917,208817823.97269917,2.1232874348966417,0.25615842873541794,0.4091358036936872,-0.4871052952445266,0.7517341208519844,1.0265256277978112,1.003108727658359,0.5578947368421052
2021-07-01T00:00:00.000000,2021-07-01T00:00:00.000000,high_52w,correlation_filtered,None,alpha,100000000,309979923.46515095,209979923.46515095,2.1354522641825224,0.25713663068069925,0.4094399519454664,-0.4865368619914493,0.7533784191208983,1.0296664267446085,1.0067661859980976,0.557085020242915
2021-07-01T00:00:00.000000,2021-07-01T00:00:00.000000,high_52w,correlation_filtered,None,alpha_volatility,100000000,270005984.78502375,170005984.78502375,1.7230330510495877,0.22213143425607162,0.41529607480786823,-0.49834137798139166,0.6765708349995507,0.9273810529650443,0.9820606563925349,0.5611336032388664
2021-07-01T00:00:00.000000,2021-07-01T00:00:00.000000,high_52w,correlation_filtered,None,inverse_volatility,100000000,269251442.3820616,169251442.3820616,1.7151640196583262,0.22142340026605467,0.4152153943079638,-0.4988534317443887,0.6752035856408621,0.9254262132526256,0.9817570140831843,0.5611336032388664
2021-07-01T00:00:00.000000,2021-07-01T00:00:00.000000,high_52w,correlation_filtered,0.7,equal,100000000,308817823.97269917,208817823.97269917,2.1232874348966417,0.25615842873541794,0.4091358036936872,-0.4871052952445266,0.7517341208519844,1.0265256277978112,1.003108727658359,0.5578947368421052
2021-07-01T00:00:00.000000,2021-07-01T00:00:00.000000,high_52w,correlation_filtered,0.7,alpha,100000000,309979923.46515095,209979923.46515095,2.1354522641825224,0.25713663068069925,0.4094399519454664,-0.4865368619914493,0.7533784191208983,1.0296664267446085,1.0067661859980976,0.557085020242915
2021-07-01T00:00:00.000000,2021-07-01T00:00:00.000000,high_52w,correlation_filtered,0.7,alpha_volatility,100000000,270005984.78502375,170005984.78502375,1.7230330510495877,0.22213143425607162,0.41529607480786823,-0.49834137798139166,0.6765708349995507,0.9273810529650443,0.9820606563925349,0.5611336032388664
2021-07-01T00:00:00.000000,2021-07-01T00:00:00.000000,high_52w,correlation_filtered,0.7,inverse_volatility,100000000,269251442.3820616,169251442.3820616,1.7151640196583262,0.22142340026605467,0.4152153943079638,-0.4988534317443887,0.6752035856408621,0.9254262132526256,0.9817570140831843,0.5611336032388664
2021-07-01T00:00:00.000000,2021-07-01T00:00:00.000000,high_52w,correlation_filtered,0.75,equal,100000000,308817823.97269917,208817823.97269917,2.1232874348966417,0.25615842873541794,0.4091358036936872,-0.4871052952445266,0.7517341208519844,1.0265256277978112,1.003108727658359,0.5578947368421052
2021-07-01T00:00:00.000000,2021-07-01T00:00:00.000000,high_52w,correlation_filtered,0.75,alpha,100000000,309979923.46515095,209979923.46515095,2.1354522641825224,0.25713663068069925,0.4094399519454664,-0.4865368619914493,0.7533784191208983,1.0296664267446085,1.0067661859980976,0.557085020242915
2021-07-01T00:00:00.000000,2021-07-01T00:00:00.000000,high_52w,correlation_filtered,0.75,alpha_volatility,100000000,270005984.78502375,170005984.78502375,1.7230330510495877,0.22213143425607162,0.41529607480786823,-0.49834137798139166,0.6765708349995507,0.9273810529650443,0.9820606563925349,0.5611336032388664
2021-07-01T00:00:00.000000,2021-07-01T00:00:00.000000,high_52w,correlation_filtered,0.75,inverse_volatility,100000000,269251442.3820616,169251442.3820616,1.7151640196583262,0.22142340026605467,0.4152153943079638,-0.4988534317443887,0.6752035856408621,0.9254262132526256,0.9817570140831843,0.5611336032388664
2021-07-01T00:00:00.000000,2021-07-01T00:00:00.000000,high_52w,correlation_filtered,0.8,equal,100000000,308817823.97269917,208817823.97269917,2.1232874348966417,0.25615842873541794,0.4091358036936872,-0.4871052952445266,0.7517341208519844,1.0265256277978112,1.003108727658359,0.5578947368421052
2021-07-01T00:00:00.000000,2021-07-01T00:00:00.000000,high_52w,correlation_filtered,0.8,alpha,100000000,309979923.46515095,209979923.46515095,2.1354522641825224,0.25713663068069925,0.4094399519454664,-0.4865368619914493,0.7533784191208983,1.0296664267446085,1.0067661859980976,0.557085020242915
2021-07-01T00:00:00.000000,2021-07-01T00:00:00.000000,high_52w,correlation_filtered,0.8,alpha_volatility,100000000,270005984.78502375,170005984.78502375,1.7230330510495877,0.22213143425607162,0.41529607480786823,-0.49834137798139166,0.6765708349995507,0.9273810529650443,0.9820606563925349,0.5611336032388664
2021-07-01T00:00:00.000000,2021-07-01T00:00:00.000000,high_52w,correlation_filtered,0.8,inverse_volatility,100000000,269251442.3820616,169251442.3820616,1.7151640196583262,0.22142340026605467,0.4152153943079638,-0.4988534317443887,0.6752035856408621,0.9254262132526256,0.9817570140831843,0.5611336032388664
2021-07-01T00:00:00.000000,2021-07-01T00:00:00.000000,high_52w,correlation_filtered,0.85,equal,100000000,308817823.97269917,208817823.97269917,2.1232874348966417,0.25615842873541794,0.4091358036936872,-0.4871052952445266,0.7517341208519844,1.0265256277978112,1.003108727658359,0.5578947368421052
2021-07-01T00:00:00.000000,2021-07-01T00:00:00.000000,high_52w,correlation_filtered,0.85,alpha,100000000,309979923.46515095,209979923.46515095,2.1354522641825224,0.25713663068069925,0.4094399519454664,-0.4865368619914493,0.7533784191208983,1.0296664267446085,1.0067661859980976,0.557085020242915
2021-07-01T00:00:00.000000,2021-07-01T00:00:00.000000,high_52w,correlation_filtered,0.85,alpha_volatility,100000000,270005984.78502375,170005984.78502375,1.7230330510495877,0.22213143425607162,0.41529607480786823,-0.49834137798139166,0.6765708349995507,0.9273810529650443,0.9820606563925349,0.5611336032388664
2021-07-01T00:00:00.000000,2021-07-01T00:00:00.000000,high_52w,correlation_filtered,0.85,inverse_volatility,100000000,269251442.3820616,169251442.3820616,1.7151640196583262,0.22142340026605467,0.4152153943079638,-0.4988534317443887,0.6752035856408621,0.9254262132526256,0.9817570140831843,0.5611336032388664
2021-07-01T00:00:00.000000,2021-07-01T00:00:00.000000,breakout,top_n,None,equal,100000000,308817823.97269917,208817823.97269917,2.1232874348966413,0.25615842873541794,0.4091358036936873,-0.4871052952445265,0.7517341208519845,1.0265256277978116,1.003108727658359,0.5578947368421052
2021-07-01T00:00:00.000000,2021-07-01T00:00:00.000000,breakout,top_n,None,alpha,100000000,309412145.3070777,209412145.3070777,2.1294914517828842,0.2566576880041289,0.4095510326656827,-0.4866233688194397,0.7522856755124264,1.0282329069620584,1.0067748098743863,0.557085020242915
2021-07-01T00:00:00.000000,2021-07-01T00:00:00.000000,breakout,top_n,None,alpha_volatility,100000000,269282049.63492906,169282049.63492906,1.7155814970574141,0.22146100493981447,0.4148803305865506,-0.49814241767186196,0.6755582497633674,0.9257211499371404,0.9818186811395808,0.5611336032388664
2021-07-01T00:00:00.000000,2021-07-01T00:00:00.000000,breakout,top_n,None,inverse_volatility,100000000,269251442.38206166,169251442.38206166,1.715164019658327,0.22142340026605467,0.4152153943079639,-0.4988534317443887,0.6752035856408622,0.9254262132526261,0.9817570140831845,0.5611336032388664
2021-07-01T00:00:00.000000,2021-07-01T00:00:00.000000,breakout,correlation_filtered,None,equal,100000000,308817823.97269917,208817823.97269917,2.1232874348966413,0.25615842873541794,0.4091358036936873,-0.4871052952445265,0.7517341208519845,1.0265256277978116,1.003108727658359,0.5578947368421052
2021-07-01T00:00:00.000000,2021-07-01T00:00:00.000000,breakout,correlation_filtered,None,alpha,100000000,309412145.3070777,209412145.3070777,2.1294914517828842,0.2566576880041289,0.4095510326656827,-0.4866233688194397,0.7522856755124264,1.0282329069620584,1.0067748098743863,0.557085020242915
2021-07-01T00:00:00.000000,2021-07-01T00:00:00.000000,breakout,correlation_filtered,None,alpha_volatility,100000000,269282049.63492906,169282049.63492906,1.7155814970574141,0.22146100493981447,0.4148803305865506,-0.49814241767186196,0.6755582497633674,0.9257211499371404,0.9818186811395808,0.5611336032388664
2021-07-01T00:00:00.000000,2021-07-01T00:00:00.000000,breakout,correlation_filtered,None,inverse_volatility,100000000,269251442.38206166,169251442.38206166,1.715164019658327,0.22142340026605467,0.4152153943079639,-0.4988534317443887,0.6752035856408622,0.9254262132526261,0.9817570140831845,0.5611336032388664
2021-07-01T00:00:00.000000,2021-07-01T00:00:00.000000,breakout,correlation_filtered,0.7,equal,100000000,308817823.97269917,208817823.97269917,2.1232874348966413,0.25615842873541794,0.4091358036936873,-0.4871052952445265,0.7517341208519845,1.0265256277978116,1.003108727658359,0.5578947368421052
2021-07-01T00:00:00.000000,2021-07-01T00:00:00.000000,breakout,correlation_filtered,0.7,alpha,100000000,309412145.3070777,209412145.3070777,2.1294914517828842,0.2566576880041289,0.4095510326656827,-0.4866233688194397,0.7522856755124264,1.0282329069620584,1.0067748098743863,0.557085020242915
2021-07-01T00:00:00.000000,2021-07-01T00:00:00.000000,breakout,correlation_filtered,0.7,alpha_volatility,100000000,269282049.63492906,169282049.63492906,1.7155814970574141,0.22146100493981447,0.4148803305865506,-0.49814241767186196,0.6755582497633674,0.9257211499371404,0.9818186811395808,0.5611336032388664
2021-07-01T00:00:00.000000,2021-07-01T00:00:00.000000,breakout,correlation_filtered,0.7,inverse_volatility,100000000,269251442.38206166,169251442.38206166,1.715164019658327,0.22142340026605467,0.4152153943079639,-0.4988534317443887,0.6752035856408622,0.9254262132526261,0.9817570140831845,0.5611336032388664
2021-07-01T00:00:00.000000,2021-07-01T00:00:00.000000,breakout,correlation_filtered,0.75,equal,100000000,308817823.97269917,208817823.97269917,2.1232874348966413,0.25615842873541794,0.4091358036936873,-0.4871052952445265,0.7517341208519845,1.0265256277978116,1.003108727658359,0.5578947368421052
2021-07-01T00:00:00.000000,2021-07-01T00:00:00.000000,breakout,correlation_filtered,0.75,alpha,100000000,309412145.3070777,209412145.3070777,2.1294914517828842,0.2566576880041289,0.4095510326656827,-0.4866233688194397,0.7522856755124264,1.0282329069620584,1.0067748098743863,0.557085020242915
2021-07-01T00:00:00.000000,2021-07-01T00:00:00.000000,breakout,correlation_filtered,0.75,alpha_volatility,100000000,269282049.63492906,169282049.63492906,1.7155814970574141,0.22146100493981447,0.4148803305865506,-0.49814241767186196,0.6755582497633674,0.9257211499371404,0.9818186811395808,0.5611336032388664
2021-07-01T00:00:00.000000,2021-07-01T00:00:00.000000,breakout,correlation_filtered,0.75,inverse_volatility,100000000,269251442.38206166,169251442.38206166,1.715164019658327,0.22142340026605467,0.4152153943079639,-0.4988534317443887,0.6752035856408622,0.9254262132526261,0.9817570140831845,0.5611336032388664
2021-07-01T00:00:00.000000,2021-07-01T00:00:00.000000,breakout,correlation_filtered,0.8,equal,100000000,308817823.97269917,208817823.97269917,2.1232874348966413,0.25615842873541794,0.4091358036936873,-0.4871052952445265,0.7517341208519845,1.0265256277978116,1.003108727658359,0.5578947368421052
2021-07-01T00:00:00.000000,2021-07-01T00:00:00.000000,breakout,correlation_filtered,0.8,alpha,100000000,309412145.3070777,209412145.3070777,2.1294914517828842,0.2566576880041289,0.4095510326656827,-0.4866233688194397,0.7522856755124264,1.0282329069620584,1.0067748098743863,0.557085020242915
2021-07-01T00:00:00.000000,2021-07-01T00:00:00.000000,breakout,correlation_filtered,0.8,alpha_volatility,100000000,269282049.63492906,169282049.63492906,1.7155814970574141,0.22146100493981447,0.4148803305865506,-0.49814241767186196,0.6755582497633674,0.9257211499371404,0.9818186811395808,0.5611336032388664
2021-07-01T00:00:00.000000,2021-07-01T00:00:00.000000,breakout,correlation_filtered,0.8,inverse_volatility,100000000,269251442.38206166,169251442.38206166,1.715164019658327,0.22142340026605467,0.4152153943079639,-0.4988534317443887,0.6752035856408622,0.9254262132526261,0.9817570140831845,0.5611336032388664
2021-07-01T00:00:00.000000,2021-07-01T00:00:00.000000,breakout,correlation_filtered,0.85,equal,100000000,308817823.97269917,208817823.97269917,2.1232874348966413,0.25615842873541794,0.4091358036936873,-0.4871052952445265,0.7517341208519845,1.0265256277978116,1.003108727658359,0.5578947368421052
2021-07-01T00:00:00.000000,2021-07-01T00:00:00.000000,breakout,correlation_filtered,0.85,alpha,100000000,309412145.3070777,209412145.3070777,2.1294914517828842,0.2566576880041289,0.4095510326656827,-0.4866233688194397,0.7522856755124264,1.0282329069620584,1.0067748098743863,0.557085020242915
2021-07-01T00:00:00.000000,2021-07-01T00:00:00.000000,breakout,correlation_filtered,0.85,alpha_volatility,100000000,269282049.63492906,169282049.63492906,1.7155814970574141,0.22146100493981447,0.4148803305865506,-0.49814241767186196,0.6755582497633674,0.9257211499371404,0.9818186811395808,0.5611336032388664
2021-07-01T00:00:00.000000,2021-07-01T00:00:00.000000,breakout,correlation_filtered,0.85,inverse_volatility,100000000,269251442.38206166,169251442.38206166,1.715164019658327,0.22142340026605467,0.4152153943079639,-0.4988534317443887,0.6752035856408622,0.9254262132526261,0.9817570140831845,0.5611336032388664
2021-07-01T00:00:00.000000,2021-07-01T00:00:00.000000,volume_confirmation,top_n,None,equal,100000000,376203022.06337404,276203022.06337404,2.7691897347307983,0.30434286355690143,0.2653688039159303,-0.34667806806225043,1.1535783829639095,1.6488846275534739,1.0244842120082371,0.5425101214574899
2021-07-01T00:00:00.000000,2021-07-01T00:00:00.000000,volume_confirmation,top_n,None,alpha,100000000,374039987.65304095,274039987.65304095,2.7480972883425117,0.3028779563305357,0.26454922869006364,-0.3452802470288263,1.1520024136142049,1.6456593880022352,1.014233813936165,0.5449392712550607
2021-07-01T00:00:00.000000,2021-07-01T00:00:00.000000,volume_confirmation,top_n,None,alpha_volatility,100000000,354380168.70428187,254380168.70428187,2.5550081810549115,0.289151680478436,0.25599456335964105,-0.3276617729833061,1.1395719886017164,1.6383189598745702,1.0251061809715931,0.5417004048582996
2021-07-01T00:00:00.000000,2021-07-01T00:00:00.000000,volume_confirmation,top_n,None,inverse_volatility,100000000,355957106.51306206,255957106.51306206,2.570388461338887,0.29026659870769755,0.25660962817021477,-0.3290274401686809,1.1408884268637578,1.6412215150394514,1.032003492341845,0.540080971659919
2021-07-01T00:00:00.000000,2021-07-01T00:00:00.000000,volume_confirmation,correlation_filtered,None,equal,100000000,376203022.06337404,276203022.06337404,2.7691897347307983,0.30434286355690143,0.2653688039159303,-0.34667806806225043,1.1535783829639095,1.6488846275534739,1.0244842120082371,0.5425101214574899
2021-07-01T00:00:00.000000,2021-07-01T00:00:00.000000,volume_confirmation,correlation_filtered,None,alpha,100000000,374039987.65304095,274039987.65304095,2.7480972883425117,0.3028779563305357,0.26454922869006364,-0.3452802470288263,1.1520024136142049,1.6456593880022352,1.014233813936165,0.5449392712550607
2021-07-01T00:00:00.000000,2021-07-01T00:00:00.000000,volume_confirmation,correlation_filtered,None,alpha_volatility,100000000,354380168.70428187,254380168.70428187,2.5550081810549115,0.289151680478436,0.25599456335964105,-0.3276617729833061,1.1395719886017164,1.6383189598745702,1.0251061809715931,0.5417004048582996
2021-07-01T00:00:00.000000,2021-07-01T00:00:00.000000,volume_confirmation,correlation_filtered,None,inverse_volatility,100000000,355957106.51306206,255957106.51306206,2.570388461338887,0.29026659870769755,0.25660962817021477,-0.3290274401686809,1.1408884268637578,1.6412215150394514,1.032003492341845,0.540080971659919
2021-07-01T00:00:00.000000,2021-07-01T00:00:00.000000,volume_confirmation,correlation_filtered,0.7,equal,100000000,376203022.06337404,276203022.06337404,2.7691897347307983,0.30434286355690143,0.2653688039159303,-0.34667806806225043,1.1535783829639095,1.6488846275534739,1.0244842120082371,0.5425101214574899
2021-07-01T00:00:00.000000,2021-07-01T00:00:00.000000,volume_confirmation,correlation_filtered,0.7,alpha,100000000,374039987.65304095,274039987.65304095,2.7480972883425117,0.3028779563305357,0.26454922869006364,-0.3452802470288263,1.1520024136142049,1.6456593880022352,1.014233813936165,0.5449392712550607
2021-07-01T00:00:00.000000,2021-07-01T00:00:00.000000,volume_confirmation,correlation_filtered,0.7,alpha_volatility,100000000,354380168.70428187,254380168.70428187,2.5550081810549115,0.289151680478436,0.25599456335964105,-0.3276617729833061,1.1395719886017164,1.6383189598745702,1.0251061809715931,0.5417004048582996
2021-07-01T00:00:00.000000,2021-07-01T00:00:00.000000,volume_confirmation,correlation_filtered,0.7,inverse_volatility,100000000,355957106.51306206,255957106.51306206,2.570388461338887,0.29026659870769755,0.25660962817021477,-0.3290274401686809,1.1408884268637578,1.6412215150394514,1.032003492341845,0.540080971659919
2021-07-01T00:00:00.000000,2021-07-01T00:00:00.000000,volume_confirmation,correlation_filtered,0.75,equal,100000000,376203022.06337404,276203022.06337404,2.7691897347307983,0.30434286355690143,0.2653688039159303,-0.34667806806225043,1.1535783829639095,1.6488846275534739,1.0244842120082371,0.5425101214574899
2021-07-01T00:00:00.000000,2021-07-01T00:00:00.000000,volume_confirmation,correlation_filtered,0.75,alpha,100000000,374039987.65304095,274039987.65304095,2.7480972883425117,0.3028779563305357,0.26454922869006364,-0.3452802470288263,1.1520024136142049,1.6456593880022352,1.014233813936165,0.5449392712550607
2021-07-01T00:00:00.000000,2021-07-01T00:00:00.000000,volume_confirmation,correlation_filtered,0.75,alpha_volatility,100000000,354380168.70428187,254380168.70428187,2.5550081810549115,0.289151680478436,0.25599456335964105,-0.3276617729833061,1.1395719886017164,1.6383189598745702,1.0251061809715931,0.5417004048582996
2021-07-01T00:00:00.000000,2021-07-01T00:00:00.000000,volume_confirmation,correlation_filtered,0.75,inverse_volatility,100000000,355957106.51306206,255957106.51306206,2.570388461338887,0.29026659870769755,0.25660962817021477,-0.3290274401686809,1.1408884268637578,1.6412215150394514,1.032003492341845,0.540080971659919
2021-07-01T00:00:00.000000,2021-07-01T00:00:00.000000,volume_confirmation,correlation_filtered,0.8,equal,100000000,376203022.06337404,276203022.06337404,2.7691897347307983,0.30434286355690143,0.2653688039159303,-0.34667806806225043,1.1535783829639095,1.6488846275534739,1.0244842120082371,0.5425101214574899
2021-07-01T00:00:00.000000,2021-07-01T00:00:00.000000,volume_confirmation,correlation_filtered,0.8,alpha,100000000,374039987.65304095,274039987.65304095,2.7480972883425117,0.3028779563305357,0.26454922869006364,-0.3452802470288263,1.1520024136142049,1.6456593880022352,1.014233813936165,0.5449392712550607
2021-07-01T00:00:00.000000,2021-07-01T00:00:00.000000,volume_confirmation,correlation_filtered,0.8,alpha_volatility,100000000,354380168.70428187,254380168.70428187,2.5550081810549115,0.289151680478436,0.25599456335964105,-0.3276617729833061,1.1395719886017164,1.6383189598745702,1.0251061809715931,0.5417004048582996
2021-07-01T00:00:00.000000,2021-07-01T00:00:00.000000,volume_confirmation,correlation_filtered,0.8,inverse_volatility,100000000,355957106.51306206,255957106.51306206,2.570388461338887,0.29026659870769755,0.25660962817021477,-0.3290274401686809,1.1408884268637578,1.6412215150394514,1.032003492341845,0.540080971659919
2021-07-01T00:00:00.000000,2021-07-01T00:00:00.000000,volume_confirmation,correlation_filtered,0.85,equal,100000000,376203022.06337404,276203022.06337404,2.7691897347307983,0.30434286355690143,0.2653688039159303,-0.34667806806225043,1.1535783829639095,1.6488846275534739,1.0244842120082371,0.5425101214574899
2021-07-01T00:00:00.000000,2021-07-01T00:00:00.000000,volume_confirmation,correlation_filtered,0.85,alpha,100000000,374039987.65304095,274039987.65304095,2.7480972883425117,0.3028779563305357,0.26454922869006364,-0.3452802470288263,1.1520024136142049,1.6456593880022352,1.014233813936165,0.5449392712550607
2021-07-01T00:00:00.000000,2021-07-01T00:00:00.000000,volume_confirmation,correlation_filtered,0.85,alpha_volatility,100000000,354380168.70428187,254380168.70428187,2.5550081810549115,0.289151680478436,0.25599456335964105,-0.3276617729833061,1.1395719886017164,1.6383189598745702,1.0251061809715931,0.5417004048582996
2021-07-01T00:00:00.000000,2021-07-01T00:00:00.000000,volume_confirmation,correlation_filtered,0.85,inverse_volatility,100000000,355957106.51306206,255957106.51306206,2.570388461338887,0.29026659870769755,0.25660962817021477,-0.3290274401686809,1.1408884268637578,1.6412215150394514,1.032003492341845,0.540080971659919
2021-07-01T00:00:00.000000,2021-07-01T00:00:00.000000,technical_composite,top_n,None,equal,100000000,292052465.091788,192052465.091788,1.9580632747612636,0.24256093142759205,0.22197703988072245,-0.2954776027104339,1.1086447166039068,1.5179286321558445,0.9612033562766442,0.5562753036437247
2021-07-01T00:00:00.000000,2021-07-01T00:00:00.000000,technical_composite,top_n,None,alpha,100000000,289464093.81718874,189464093.81718874,1.932281627383396,0.2403846993791563,0.2218528884490644,-0.29298195796394677,1.1010783814160197,1.5096345613050703,0.9660736951174393,0.5546558704453441
2021-07-01T00:00:00.000000,2021-07-01T00:00:00.000000,technical_composite,top_n,None,alpha_volatility,100000000,297994300.5276965,197994300.5276965,2.017587500707171,0.24752802783926953,0.2205166649945457,-0.295668842672298,1.132970988903615,1.5519270066581916,0.9743986494742457,0.5538461538461539
2021-07-01T00:00:00.000000,2021-07-01T00:00:00.000000,technical_composite,top_n,None,inverse_volatility,100000000,300471931.97719324,200471931.97719324,2.042307250826355,0.24956780116012056,0.22067608723141668,-0.2979563168675332,1.1398696251225384,1.5576092983387795,0.9918740253913995,0.5497975708502024
2021-07-01T00:00:00.000000,2021-07-01T00:00:00.000000,technical_composite,correlation_filtered,None,equal,100000000,292052465.091788,192052465.091788,1.9580632747612636,0.24256093142759205,0.22197703988072245,-0.2954776027104339,1.1086447166039068,1.5179286321558445,0.9612033562766442,0.5562753036437247
2021-07-01T00:00:00.000000,2021-07-01T00:00:00.000000,technical_composite,correlation_filtered,None,alpha,100000000,289464093.81718874,189464093.81718874,1.932281627383396,0.2403846993791563,0.2218528884490644,-0.29298195796394677,1.1010783814160197,1.5096345613050703,0.9660736951174393,0.5546558704453441
2021-07-01T00:00:00.000000,2021-07-01T00:00:00.000000,technical_composite,correlation_filtered,None,alpha_volatility,100000000,297994300.5276965,197994300.5276965,2.017587500707171,0.24752802783926953,0.2205166649945457,-0.295668842672298,1.132970988903615,1.5519270066581916,0.9743986494742457,0.5538461538461539
2021-07-01T00:00:00.000000,2021-07-01T00:00:00.000000,technical_composite,correlation_filtered,None,inverse_volatility,100000000,300471931.97719324,200471931.97719324,2.042307250826355,0.24956780116012056,0.22067608723141668,-0.2979563168675332,1.1398696251225384,1.5576092983387795,0.9918740253913995,0.5497975708502024
2021-07-01T00:00:00.000000,2021-07-01T00:00:00.000000,technical_composite,correlation_filtered,0.7,equal,100000000,292052465.091788,192052465.091788,1.9580632747612636,0.24256093142759205,0.22197703988072245,-0.2954776027104339,1.1086447166039068,1.5179286321558445,0.9612033562766442,0.5562753036437247
2021-07-01T00:00:00.000000,2021-07-01T00:00:00.000000,technical_composite,correlation_filtered,0.7,alpha,100000000,289464093.81718874,189464093.81718874,1.932281627383396,0.2403846993791563,0.2218528884490644,-0.29298195796394677,1.1010783814160197,1.5096345613050703,0.9660736951174393,0.5546558704453441
2021-07-01T00:00:00.000000,2021-07-01T00:00:00.000000,technical_composite,correlation_filtered,0.7,alpha_volatility,100000000,297994300.5276965,197994300.5276965,2.017587500707171,0.24752802783926953,0.2205166649945457,-0.295668842672298,1.132970988903615,1.5519270066581916,0.9743986494742457,0.5538461538461539
2021-07-01T00:00:00.000000,2021-07-01T00:00:00.000000,technical_composite,correlation_filtered,0.7,inverse_volatility,100000000,300471931.97719324,200471931.97719324,2.042307250826355,0.24956780116012056,0.22067608723141668,-0.2979563168675332,1.1398696251225384,1.5576092983387795,0.9918740253913995,0.5497975708502024
2021-07-01T00:00:00.000000,2021-07-01T00:00:00.000000,technical_composite,correlation_filtered,0.75,equal,100000000,292052465.091788,192052465.091788,1.9580632747612636,0.24256093142759205,0.22197703988072245,-0.2954776027104339,1.1086447166039068,1.5179286321558445,0.9612033562766442,0.5562753036437247
2021-07-01T00:00:00.000000,2021-07-01T00:00:00.000000,technical_composite,correlation_filtered,0.75,alpha,100000000,289464093.81718874,189464093.81718874,1.932281627383396,0.2403846993791563,0.2218528884490644,-0.29298195796394677,1.1010783814160197,1.5096345613050703,0.9660736951174393,0.5546558704453441
2021-07-01T00:00:00.000000,2021-07-01T00:00:00.000000,technical_composite,correlation_filtered,0.75,alpha_volatility,100000000,297994300.5276965,197994300.5276965,2.017587500707171,0.24752802783926953,0.2205166649945457,-0.295668842672298,1.132970988903615,1.5519270066581916,0.9743986494742457,0.5538461538461539
2021-07-01T00:00:00.000000,2021-07-01T00:00:00.000000,technical_composite,correlation_filtered,0.75,inverse_volatility,100000000,300471931.97719324,200471931.97719324,2.042307250826355,0.24956780116012056,0.22067608723141668,-0.2979563168675332,1.1398696251225384,1.5576092983387795,0.9918740253913995,0.5497975708502024
2021-07-01T00:00:00.000000,2021-07-01T00:00:00.000000,technical_composite,correlation_filtered,0.8,equal,100000000,292052465.091788,192052465.091788,1.9580632747612636,0.24256093142759205,0.22197703988072245,-0.2954776027104339,1.1086447166039068,1.5179286321558445,0.9612033562766442,0.5562753036437247
2021-07-01T00:00:00.000000,2021-07-01T00:00:00.000000,technical_composite,correlation_filtered,0.8,alpha,100000000,289464093.81718874,189464093.81718874,1.932281627383396,0.2403846993791563,0.2218528884490644,-0.29298195796394677,1.1010783814160197,1.5096345613050703,0.9660736951174393,0.5546558704453441
2021-07-01T00:00:00.000000,2021-07-01T00:00:00.000000,technical_composite,correlation_filtered,0.8,alpha_volatility,100000000,297994300.5276965,197994300.5276965,2.017587500707171,0.24752802783926953,0.2205166649945457,-0.295668842672298,1.132970988903615,1.5519270066581916,0.9743986494742457,0.5538461538461539
2021-07-01T00:00:00.000000,2021-07-01T00:00:00.000000,technical_composite,correlation_filtered,0.8,inverse_volatility,100000000,300471931.97719324,200471931.97719324,2.042307250826355,0.24956780116012056,0.22067608723141668,-0.2979563168675332,1.1398696251225384,1.5576092983387795,0.9918740253913995,0.5497975708502024
2021-07-01T00:00:00.000000,2021-07-01T00:00:00.000000,technical_composite,correlation_filtered,0.85,equal,100000000,292052465.091788,192052465.091788,1.9580632747612636,0.24256093142759205,0.22197703988072245,-0.2954776027104339,1.1086447166039068,1.5179286321558445,0.9612033562766442,0.5562753036437247
2021-07-01T00:00:00.000000,2021-07-01T00:00:00.000000,technical_composite,correlation_filtered,0.85,alpha,100000000,289464093.81718874,189464093.81718874,1.932281627383396,0.2403846993791563,0.2218528884490644,-0.29298195796394677,1.1010783814160197,1.5096345613050703,0.9660736951174393,0.5546558704453441
2021-07-01T00:00:00.000000,2021-07-01T00:00:00.000000,technical_composite,correlation_filtered,0.85,alpha_volatility,100000000,297994300.5276965,197994300.5276965,2.017587500707171,0.24752802783926953,0.2205166649945457,-0.295668842672298,1.132970988903615,1.5519270066581916,0.9743986494742457,0.5538461538461539
2021-07-01T00:00:00.000000,2021-07-01T00:00:00.000000,technical_composite,correlation_filtered,0.85,inverse_volatility,100000000,300471931.97719324,200471931.97719324,2.042307250826355,0.24956780116012056,0.22067608723141668,-0.2979563168675332,1.1398696251225384,1.5576092983387795,0.9918740253913995,0.5497975708502024
2022-01-01T00:00:00.000000,2021-12-31T00:00:00.000000,momentum_12_1,top_n,None,equal,100000000,244251713.1606116,144251713.1606116,1.4221503399412394,0.2179205113738676,0.2877855429378619,-0.4099496754587971,0.8428569514167201,1.0873597572854798,0.9359400761015506,0.5531531531531532
2022-01-01T00:00:00.000000,2021-12-31T00:00:00.000000,momentum_12_1,top_n,None,alpha,100000000,243664758.82677302,143664758.82677302,1.416856920135408,0.21732685575533583,0.2878104509372164,-0.4095301494720075,0.8410918756038042,1.08403812513696,0.939097076485372,0.5522522522522523
2022-01-01T00:00:00.000000,2021-12-31T00:00:00.000000,momentum_12_1,top_n,None,alpha_volatility,100000000,228557304.4079324,128557304.4079324,1.269179335570442,0.2003423164585485,0.28154426959616313,-0.38081495418184275,0.8027359677858759,1.0217888241056863,0.9327850332596015,0.5522522522522523
2022-01-01T00:00:00.000000,2021-12-31T00:00:00.000000,momentum_12_1,top_n,None,inverse_volatility,100000000,229199190.9013871,129199190.9013871,1.2751625835892986,0.2010469122957188,0.28153348684835716,-0.38133169210847295,0.8048732814714679,1.0252694081588496,0.9331158284636946,0.5522522522522523
2022-01-01T00:00:00.000000,2021-12-31T00:00:00.000000,momentum_12_1,correlation_filtered,None,equal,100000000,244251713.1606116,144251713.1606116,1.4221503399412394,0.2179205113738676,0.2877855429378619,-0.4099496754587971,0.8428569514167201,1.0873597572854798,0.9359400761015506,0.5531531531531532
2022-01-01T00:00:00.000000,2021-12-31T00:00:00.000000,momentum_12_1,correlation_filtered,None,alpha,100000000,243664758.82677302,143664758.82677302,1.416856920135408,0.21732685575533583,0.2878104509372164,-0.4095301494720075,0.8410918756038042,1.08403812513696,0.939097076485372,0.5522522522522523
2022-01-01T00:00:00.000000,2021-12-31T00:00:00.000000,momentum_12_1,correlation_filtered,None,alpha_volatility,100000000,228557304.4079324,128557304.4079324,1.269179335570442,0.2003423164585485,0.28154426959616313,-0.38081495418184275,0.8027359677858759,1.0217888241056863,0.9327850332596015,0.5522522522522523
2022-01-01T00:00:00.000000,2021-12-31T00:00:00.000000,momentum_12_1,correlation_filtered,None,inverse_volatility,100000000,229199190.9013871,129199190.9013871,1.2751625835892986,0.2010469122957188,0.28153348684835716,-0.38133169210847295,0.8048732814714679,1.0252694081588496,0.9331158284636946,0.5522522522522523
2022-01-01T00:00:00.000000,2021-12-31T00:00:00.000000,momentum_12_1,correlation_filtered,0.7,equal,100000000,244251713.1606116,144251713.1606116,1.4221503399412394,0.2179205113738676,0.2877855429378619,-0.4099496754587971,0.8428569514167201,1.0873597572854798,0.9359400761015506,0.5531531531531532
2022-01-01T00:00:00.000000,2021-12-31T00:00:00.000000,momentum_12_1,correlation_filtered,0.7,alpha,100000000,243664758.82677302,143664758.82677302,1.416856920135408,0.21732685575533583,0.2878104509372164,-0.4095301494720075,0.8410918756038042,1.08403812513696,0.939097076485372,0.5522522522522523
2022-01-01T00:00:00.000000,2021-12-31T00:00:00.000000,momentum_12_1,correlation_filtered,0.7,alpha_volatility,100000000,228557304.4079324,128557304.4079324,1.269179335570442,0.2003423164585485,0.28154426959616313,-0.38081495418184275,0.8027359677858759,1.0217888241056863,0.9327850332596015,0.5522522522522523
2022-01-01T00:00:00.000000,2021-12-31T00:00:00.000000,momentum_12_1,correlation_filtered,0.7,inverse_volatility,100000000,229199190.9013871,129199190.9013871,1.2751625835892986,0.2010469122957188,0.28153348684835716,-0.38133169210847295,0.8048732814714679,1.0252694081588496,0.9331158284636946,0.5522522522522523
2022-01-01T00:00:00.000000,2021-12-31T00:00:00.000000,momentum_12_1,correlation_filtered,0.75,equal,100000000,244251713.1606116,144251713.1606116,1.4221503399412394,0.2179205113738676,0.2877855429378619,-0.4099496754587971,0.8428569514167201,1.0873597572854798,0.9359400761015506,0.5531531531531532
2022-01-01T00:00:00.000000,2021-12-31T00:00:00.000000,momentum_12_1,correlation_filtered,0.75,alpha,100000000,243664758.82677302,143664758.82677302,1.416856920135408,0.21732685575533583,0.2878104509372164,-0.4095301494720075,0.8410918756038042,1.08403812513696,0.939097076485372,0.5522522522522523
2022-01-01T00:00:00.000000,2021-12-31T00:00:00.000000,momentum_12_1,correlation_filtered,0.75,alpha_volatility,100000000,228557304.4079324,128557304.4079324,1.269179335570442,0.2003423164585485,0.28154426959616313,-0.38081495418184275,0.8027359677858759,1.0217888241056863,0.9327850332596015,0.5522522522522523
2022-01-01T00:00:00.000000,2021-12-31T00:00:00.000000,momentum_12_1,correlation_filtered,0.75,inverse_volatility,100000000,229199190.9013871,129199190.9013871,1.2751625835892986,0.2010469122957188,0.28153348684835716,-0.38133169210847295,0.8048732814714679,1.0252694081588496,0.9331158284636946,0.5522522522522523
2022-01-01T00:00:00.000000,2021-12-31T00:00:00.000000,momentum_12_1,correlation_filtered,0.8,equal,100000000,244251713.1606116,144251713.1606116,1.4221503399412394,0.2179205113738676,0.2877855429378619,-0.4099496754587971,0.8428569514167201,1.0873597572854798,0.9359400761015506,0.5531531531531532
2022-01-01T00:00:00.000000,2021-12-31T00:00:00.000000,momentum_12_1,correlation_filtered,0.8,alpha,100000000,243664758.82677302,143664758.82677302,1.416856920135408,0.21732685575533583,0.2878104509372164,-0.4095301494720075,0.8410918756038042,1.08403812513696,0.939097076485372,0.5522522522522523
2022-01-01T00:00:00.000000,2021-12-31T00:00:00.000000,momentum_12_1,correlation_filtered,0.8,alpha_volatility,100000000,228557304.4079324,128557304.4079324,1.269179335570442,0.2003423164585485,0.28154426959616313,-0.38081495418184275,0.8027359677858759,1.0217888241056863,0.9327850332596015,0.5522522522522523
2022-01-01T00:00:00.000000,2021-12-31T00:00:00.000000,momentum_12_1,correlation_filtered,0.8,inverse_volatility,100000000,229199190.9013871,129199190.9013871,1.2751625835892986,0.2010469122957188,0.28153348684835716,-0.38133169210847295,0.8048732814714679,1.0252694081588496,0.9331158284636946,0.5522522522522523
2022-01-01T00:00:00.000000,2021-12-31T00:00:00.000000,momentum_12_1,correlation_filtered,0.85,equal,100000000,244251713.1606116,144251713.1606116,1.4221503399412394,0.2179205113738676,0.2877855429378619,-0.4099496754587971,0.8428569514167201,1.0873597572854798,0.9359400761015506,0.5531531531531532
2022-01-01T00:00:00.000000,2021-12-31T00:00:00.000000,momentum_12_1,correlation_filtered,0.85,alpha,100000000,243664758.82677302,143664758.82677302,1.416856920135408,0.21732685575533583,0.2878104509372164,-0.4095301494720075,0.8410918756038042,1.08403812513696,0.939097076485372,0.5522522522522523
2022-01-01T00:00:00.000000,2021-12-31T00:00:00.000000,momentum_12_1,correlation_filtered,0.85,alpha_volatility,100000000,228557304.4079324,128557304.4079324,1.269179335570442,0.2003423164585485,0.28154426959616313,-0.38081495418184275,0.8027359677858759,1.0217888241056863,0.9327850332596015,0.5522522522522523
2022-01-01T00:00:00.000000,2021-12-31T00:00:00.000000,momentum_12_1,correlation_filtered,0.85,inverse_volatility,100000000,229199190.9013871,129199190.9013871,1.2751625835892986,0.2010469122957188,0.28153348684835716,-0.38133169210847295,0.8048732814714679,1.0252694081588496,0.9331158284636946,0.5522522522522523
2022-01-01T00:00:00.000000,2021-12-31T00:00:00.000000,momentum_6m,top_n,None,equal,100000000,346122683.61159086,246122683.61159086,2.43787050050978,0.3167755131773191,0.26117006811636473,-0.2779174733558518,1.2048221461387396,1.6944627969619654,0.9652436241617072,0.5594594594594594
2022-01-01T00:00:00.000000,2021-12-31T00:00:00.000000,momentum_6m,top_n,None,alpha,100000000,347924407.12518793,247924407.12518793,2.455301130858151,0.3182603977319729,0.261533456302078,-0.27854640234747396,1.207899353280986,1.7009665762484283,0.955262002312472,0.5621621621621622
2022-01-01T00:00:00.000000,2021-12-31T00:00:00.000000,momentum_6m,top_n,None,alpha_volatility,100000000,366420567.1948362,266420567.1948362,2.6493510026759144,0.33441022212697136,0.2603963565292491,-0.2757856678493499,1.2597231575928514,1.7822646887554343,0.9948303479491324,0.5540540540540541
2022-01-01T00:00:00.000000,2021-12-31T00:00:00.000000,momentum_6m,top_n,None,inverse_volatility,100000000,364335198.6338719,264335198.6338719,2.6290507214548273,0.33275243838677104,0.2600831710116008,-0.2759547019599471,1.2560586586069626,1.7766080048149202,0.9797671123545377,0.5576576576576576
2022-01-01T00:00:00.000000,2021-12-31T00:00:00.000000,momentum_6m,correlation_filtered,None,equal,100000000,346122683.61159086,246122683.61159086,2.43787050050978,0.3167755131773191,0.26117006811636473,-0.2779174733558518,1.2048221461387396,1.6944627969619654,0.9652436241617072,0.5594594594594594
2022-01-01T00:00:00.000000,2021-12-31T00:00:00.000000,momentum_6m,correlation_filtered,None,alpha,100000000,347924407.12518793,247924407.12518793,2.455301130858151,0.3182603977319729,0.261533456302078,-0.27854640234747396,1.207899353280986,1.7009665762484283,0.955262002312472,0.5621621621621622
2022-01-01T00:00:00.000000,2021-12-31T00:00:00.000000,momentum_6m,correlation_filtered,None,alpha_volatility,100000000,366420567.1948362,266420567.1948362,2.6493510026759144,0.33441022212697136,0.2603963565292491,-0.2757856678493499,1.2597231575928514,1.7822646887554343,0.9948303479491324,0.5540540540540541
2022-01-01T00:00:00.000000,2021-12-31T00:00:00.000000,momentum_6m,correlation_filtered,None,inverse_volatility,100000000,364335198.6338719,264335198.6338719,2.6290507214548273,0.33275243838677104,0.2600831710116008,-0.2759547019599471,1.2560586586069626,1.7766080048149202,0.9797671123545377,0.5576576576576576
2022-01-01T00:00:00.000000,2021-12-31T00:00:00.000000,momentum_6m,correlation_filtered,0.7,equal,100000000,346122683.61159086,246122683.61159086,2.43787050050978,0.3167755131773191,0.26117006811636473,-0.2779174733558518,1.2048221461387396,1.6944627969619654,0.9652436241617072,0.5594594594594594
2022-01-01T00:00:00.000000,2021-12-31T00:00:00.000000,momentum_6m,correlation_filtered,0.7,alpha,100000000,347924407.12518793,247924407.12518793,2.455301130858151,0.3182603977319729,0.261533456302078,-0.27854640234747396,1.207899353280986,1.7009665762484283,0.955262002312472,0.5621621621621622
2022-01-01T00:00:00.000000,2021-12-31T00:00:00.000000,momentum_6m,correlation_filtered,0.7,alpha_volatility,100000000,366420567.1948362,266420567.1948362,2.6493510026759144,0.33441022212697136,0.2603963565292491,-0.2757856678493499,1.2597231575928514,1.7822646887554343,0.9948303479491324,0.5540540540540541
2022-01-01T00:00:00.000000,2021-12-31T00:00:00.000000,momentum_6m,correlation_filtered,0.7,inverse_volatility,100000000,364335198.6338719,264335198.6338719,2.6290507214548273,0.33275243838677104,0.2600831710116008,-0.2759547019599471,1.2560586586069626,1.7766080048149202,0.9797671123545377,0.5576576576576576
2022-01-01T00:00:00.000000,2021-12-31T00:00:00.000000,momentum_6m,correlation_filtered,0.75,equal,100000000,346122683.61159086,246122683.61159086,2.43787050050978,0.3167755131773191,0.26117006811636473,-0.2779174733558518,1.2048221461387396,1.6944627969619654,0.9652436241617072,0.5594594594594594
2022-01-01T00:00:00.000000,2021-12-31T00:00:00.000000,momentum_6m,correlation_filtered,0.75,alpha,100000000,347924407.12518793,247924407.12518793,2.455301130858151,0.3182603977319729,0.261533456302078,-0.27854640234747396,1.207899353280986,1.7009665762484283,0.955262002312472,0.5621621621621622
2022-01-01T00:00:00.000000,2021-12-31T00:00:00.000000,momentum_6m,correlation_filtered,0.75,alpha_volatility,100000000,366420567.1948362,266420567.1948362,2.6493510026759144,0.33441022212697136,0.2603963565292491,-0.2757856678493499,1.2597231575928514,1.7822646887554343,0.9948303479491324,0.5540540540540541
2022-01-01T00:00:00.000000,2021-12-31T00:00:00.000000,momentum_6m,correlation_filtered,0.75,inverse_volatility,100000000,364335198.6338719,264335198.6338719,2.6290507214548273,0.33275243838677104,0.2600831710116008,-0.2759547019599471,1.2560586586069626,1.7766080048149202,0.9797671123545377,0.5576576576576576
2022-01-01T00:00:00.000000,2021-12-31T00:00:00.000000,momentum_6m,correlation_filtered,0.8,equal,100000000,346122683.61159086,246122683.61159086,2.43787050050978,0.3167755131773191,0.26117006811636473,-0.2779174733558518,1.2048221461387396,1.6944627969619654,0.9652436241617072,0.5594594594594594
2022-01-01T00:00:00.000000,2021-12-31T00:00:00.000000,momentum_6m,correlation_filtered,0.8,alpha,100000000,347924407.12518793,247924407.12518793,2.455301130858151,0.3182603977319729,0.261533456302078,-0.27854640234747396,1.207899353280986,1.7009665762484283,0.955262002312472,0.5621621621621622
2022-01-01T00:00:00.000000,2021-12-31T00:00:00.000000,momentum_6m,correlation_filtered,0.8,alpha_volatility,100000000,366420567.1948362,266420567.1948362,2.6493510026759144,0.33441022212697136,0.2603963565292491,-0.2757856678493499,1.2597231575928514,1.7822646887554343,0.9948303479491324,0.5540540540540541
2022-01-01T00:00:00.000000,2021-12-31T00:00:00.000000,momentum_6m,correlation_filtered,0.8,inverse_volatility,100000000,364335198.6338719,264335198.6338719,2.6290507214548273,0.33275243838677104,0.2600831710116008,-0.2759547019599471,1.2560586586069626,1.7766080048149202,0.9797671123545377,0.5576576576576576
2022-01-01T00:00:00.000000,2021-12-31T00:00:00.000000,momentum_6m,correlation_filtered,0.85,equal,100000000,346122683.61159086,246122683.61159086,2.43787050050978,0.3167755131773191,0.26117006811636473,-0.2779174733558518,1.2048221461387396,1.6944627969619654,0.9652436241617072,0.5594594594594594
2022-01-01T00:00:00.000000,2021-12-31T00:00:00.000000,momentum_6m,correlation_filtered,0.85,alpha,100000000,347924407.12518793,247924407.12518793,2.455301130858151,0.3182603977319729,0.261533456302078,-0.27854640234747396,1.207899353280986,1.7009665762484283,0.955262002312472,0.5621621621621622
2022-01-01T00:00:00.000000,2021-12-31T00:00:00.000000,momentum_6m,correlation_filtered,0.85,alpha_volatility,100000000,366420567.1948362,266420567.1948362,2.6493510026759144,0.33441022212697136,0.2603963565292491,-0.2757856678493499,1.2597231575928514,1.7822646887554343,0.9948303479491324,0.5540540540540541
2022-01-01T00:00:00.000000,2021-12-31T00:00:00.000000,momentum_6m,correlation_filtered,0.85,inverse_volatility,100000000,364335198.6338719,264335198.6338719,2.6290507214548273,0.33275243838677104,0.2600831710116008,-0.2759547019599471,1.2560586586069626,1.7766080048149202,0.9797671123545377,0.5576576576576576
2022-01-01T00:00:00.000000,2021-12-31T00:00:00.000000,momentum_3m,top_n,None,equal,100000000,501387248.1507646,401387248.1507646,3.9915795976163455,0.43087550330934077,0.28936503754179216,-0.2728006521580828,1.4083890671306347,1.923325488158764,0.9493720623925445,0.5725879170423805
2022-01-01T00:00:00.000000,2021-12-31T00:00:00.000000,momentum_3m,top_n,None,alpha,100000000,501836267.5320306,401836267.5320306,3.9955691775635627,0.43113028455321145,0.2891223095025855,-0.2721995483843883,1.409954555789942,1.9254024150518623,0.9461404922568422,0.5734896302975654
2022-01-01T00:00:00.000000,2021-12-31T00:00:00.000000,momentum_3m,top_n,None,alpha_volatility,100000000,479899582.7489995,379899582.7489995,3.7779384235206104,0.4169948754410442,0.2847944914375836,-0.27134341298699893,1.391444485941184,1.8960651584782242,0.9605376165252204,0.5689810640216412
2022-01-01T00:00:00.000000,2021-12-31T00:00:00.000000,momentum_3m,top_n,None,inverse_volatility,100000000,479380419.8628894,379380419.8628894,3.773199779100392,0.4166815753234785,0.2850330989478894,-0.271848119813789,1.3897288739167573,1.893841693724317,0.9637834981713161,0.5680793507664562
2022-01-01T00:00:00.000000,2021-12-31T00:00:00.000000,momentum_3m,correlation_filtered,None,equal,100000000,501387248.1507646,401387248.1507646,3.9915795976163455,0.43087550330934077,0.28936503754179216,-0.2728006521580828,1.4083890671306347,1.923325488158764,0.9493720623925445,0.5725879170423805
2022-01-01T00:00:00.000000,2021-12-31T00:00:00.000000,momentum_3m,correlation_filtered,None,alpha,100000000,501836267.5320306,401836267.5320306,3.9955691775635627,0.43113028455321145,0.2891223095025855,-0.2721995483843883,1.409954555789942,1.9254024150518623,0.9461404922568422,0.5734896302975654
2022-01-01T00:00:00.000000,2021-12-31T00:00:00.000000,momentum_3m,correlation_filtered,None,alpha_volatility,100000000,479899582.7489995,379899582.7489995,3.7779384235206104,0.4169948754410442,0.2847944914375836,-0.27134341298699893,1.391444485941184,1.8960651584782242,0.9605376165252204,0.5689810640216412
2022-01-01T00:00:00.000000,2021-12-31T00:00:00.000000,momentum_3m,correlation_filtered,None,inverse_volatility,100000000,479380419.8628894,379380419.8628894,3.773199779100392,0.4166815753234785,0.2850330989478894,-0.271848119813789,1.3897288739167573,1.893841693724317,0.9637834981713161,0.5680793507664562
2022-01-01T00:00:00.000000,2021-12-31T00:00:00.000000,momentum_3m,correlation_filtered,0.7,equal,100000000,501387248.1507646,401387248.1507646,3.9915795976163455,0.43087550330934077,0.28936503754179216,-0.2728006521580828,1.4083890671306347,1.923325488158764,0.9493720623925445,0.5725879170423805
2022-01-01T00:00:00.000000,2021-12-31T00:00:00.000000,momentum_3m,correlation_filtered,0.7,alpha,100000000,501836267.5320306,401836267.5320306,3.9955691775635627,0.43113028455321145,0.2891223095025855,-0.2721995483843883,1.409954555789942,1.9254024150518623,0.9461404922568422,0.5734896302975654
2022-01-01T00:00:00.000000,2021-12-31T00:00:00.000000,momentum_3m,correlation_filtered,0.7,alpha_volatility,100000000,479899582.7489995,379899582.7489995,3.7779384235206104,0.4169948754410442,0.2847944914375836,-0.27134341298699893,1.391444485941184,1.8960651584782242,0.9605376165252204,0.5689810640216412
2022-01-01T00:00:00.000000,2021-12-31T00:00:00.000000,momentum_3m,correlation_filtered,0.7,inverse_volatility,100000000,479380419.8628894,379380419.8628894,3.773199779100392,0.4166815753234785,0.2850330989478894,-0.271848119813789,1.3897288739167573,1.893841693724317,0.9637834981713161,0.5680793507664562
2022-01-01T00:00:00.000000,2021-12-31T00:00:00.000000,momentum_3m,correlation_filtered,0.75,equal,100000000,501387248.1507646,401387248.1507646,3.9915795976163455,0.43087550330934077,0.28936503754179216,-0.2728006521580828,1.4083890671306347,1.923325488158764,0.9493720623925445,0.5725879170423805
2022-01-01T00:00:00.000000,2021-12-31T00:00:00.000000,momentum_3m,correlation_filtered,0.75,alpha,100000000,501836267.5320306,401836267.5320306,3.9955691775635627,0.43113028455321145,0.2891223095025855,-0.2721995483843883,1.409954555789942,1.9254024150518623,0.9461404922568422,0.5734896302975654
2022-01-01T00:00:00.000000,2021-12-31T00:00:00.000000,momentum_3m,correlation_filtered,0.75,alpha_volatility,100000000,479899582.7489995,379899582.7489995,3.7779384235206104,0.4169948754410442,0.2847944914375836,-0.27134341298699893,1.391444485941184,1.8960651584782242,0.9605376165252204,0.5689810640216412
2022-01-01T00:00:00.000000,2021-12-31T00:00:00.000000,momentum_3m,correlation_filtered,0.75,inverse_volatility,100000000,479380419.8628894,379380419.8628894,3.773199779100392,0.4166815753234785,0.2850330989478894,-0.271848119813789,1.3897288739167573,1.893841693724317,0.9637834981713161,0.5680793507664562
2022-01-01T00:00:00.000000,2021-12-31T00:00:00.000000,momentum_3m,correlation_filtered,0.8,equal,100000000,501387248.1507646,401387248.1507646,3.9915795976163455,0.43087550330934077,0.28936503754179216,-0.2728006521580828,1.4083890671306347,1.923325488158764,0.9493720623925445,0.5725879170423805
2022-01-01T00:00:00.000000,2021-12-31T00:00:00.000000,momentum_3m,correlation_filtered,0.8,alpha,100000000,501836267.5320306,401836267.5320306,3.9955691775635627,0.43113028455321145,0.2891223095025855,-0.2721995483843883,1.409954555789942,1.9254024150518623,0.9461404922568422,0.5734896302975654
2022-01-01T00:00:00.000000,2021-12-31T00:00:00.000000,momentum_3m,correlation_filtered,0.8,alpha_volatility,100000000,479899582.7489995,379899582.7489995,3.7779384235206104,0.4169948754410442,0.2847944914375836,-0.27134341298699893,1.391444485941184,1.8960651584782242,0.9605376165252204,0.5689810640216412
2022-01-01T00:00:00.000000,2021-12-31T00:00:00.000000,momentum_3m,correlation_filtered,0.8,inverse_volatility,100000000,479380419.8628894,379380419.8628894,3.773199779100392,0.4166815753234785,0.2850330989478894,-0.271848119813789,1.3897288739167573,1.893841693724317,0.9637834981713161,0.5680793507664562
2022-01-01T00:00:00.000000,2021-12-31T00:00:00.000000,momentum_3m,correlation_filtered,0.85,equal,100000000,501387248.1507646,401387248.1507646,3.9915795976163455,0.43087550330934077,0.28936503754179216,-0.2728006521580828,1.4083890671306347,1.923325488158764,0.9493720623925445,0.5725879170423805
2022-01-01T00:00:00.000000,2021-12-31T00:00:00.000000,momentum_3m,correlation_filtered,0.85,alpha,100000000,501836267.5320306,401836267.5320306,3.9955691775635627,0.43113028455321145,0.2891223095025855,-0.2721995483843883,1.409954555789942,1.9254024150518623,0.9461404922568422,0.5734896302975654
2022-01-01T00:00:00.000000,2021-12-31T00:00:00.000000,momentum_3m,correlation_filtered,0.85,alpha_volatility,100000000,479899582.7489995,379899582.7489995,3.7779384235206104,0.4169948754410442,0.2847944914375836,-0.27134341298699893,1.391444485941184,1.8960651584782242,0.9605376165252204,0.5689810640216412
2022-01-01T00:00:00.000000,2021-12-31T00:00:00.000000,momentum_3m,correlation_filtered,0.85,inverse_volatility,100000000,479380419.8628894,379380419.8628894,3.773199779100392,0.4166815753234785,0.2850330989478894,-0.271848119813789,1.3897288739167573,1.893841693724317,0.9637834981713161,0.5680793507664562
2022-01-01T00:00:00.000000,2021-12-31T00:00:00.000000,multi_horizon_momentum,top_n,None,equal,100000000,490465149.9632824,390465149.9632824,3.893318260624322,0.4245498387432203,0.257997994586449,-0.23176347539175435,1.5274761889179735,2.057665158114692,0.9096675950307312,0.5882882882882883
2022-01-01T00:00:00.000000,2021-12-31T00:00:00.000000,multi_horizon_momentum,top_n,None,alpha,100000000,492418134.13062483,392418134.13062483,3.9118881491968374,0.42575281013186106,0.2583634343743446,-0.23201923590955986,1.529005920540934,2.0625459647769886,0.9166307053332088,0.5864864864864865
2022-01-01T00:00:00.000000,2021-12-31T00:00:00.000000,multi_horizon_momentum,top_n,None,alpha_volatility,100000000,469457135.2338513,369457135.2338513,3.6842678259417667,0.41075642333826723,0.2515718273674573,-0.2346919209266195,1.5205595296501049,2.04079167952159,0.9424685643232604,0.5792792792792792
2022-01-01T00:00:00.000000,2021-12-31T00:00:00.000000,multi_horizon_momentum,top_n,None,inverse_volatility,100000000,467548246.30605674,367548246.30605674,3.66585736467536,0.40951890809516645,0.251342611717642,-0.23827090575026177,1.5181625880304688,2.034613897726959,0.9561603136560582,0.5756756756756757
2022-01-01T00:00:00.000000,2021-12-31T00:00:00.000000,multi_horizon_momentum,correlation_filtered,None,equal,100000000,490465149.9632824,390465149.9632824,3.893318260624322,0.4245498387432203,0.257997994586449,-0.23176347539175435,1.5274761889179735,2.057665158114692,0.9096675950307312,0.5882882882882883
2022-01-01T00:00:00.000000,2021-12-31T00:00:00.000000,multi_horizon_momentum,correlation_filtered,None,alpha,100000000,492418134.13062483,392418134.13062483,3.9118881491968374,0.42575281013186106,0.2583634343743446,-0.23201923590955986,1.529005920540934,2.0625459647769886,0.9166307053332088,0.5864864864864865
2022-01-01T00:00:00.000000,2021-12-31T00:00:00.000000,multi_horizon_momentum,correlation_filtered,None,alpha_volatility,100000000,469457135.2338513,369457135.2338513,3.6842678259417667,0.41075642333826723,0.2515718273674573,-0.2346919209266195,1.5205595296501049,2.04079167952159,0.9424685643232604,0.5792792792792792
2022-01-01T00:00:00.000000,2021-12-31T00:00:00.000000,multi_horizon_momentum,correlation_filtered,None,inverse_volatility,100000000,467548246.30605674,367548246.30605674,3.66585736467536,0.40951890809516645,0.251342611717642,-0.23827090575026177,1.5181625880304688,2.034613897726959,0.9561603136560582,0.5756756756756757
2022-01-01T00:00:00.000000,2021-12-31T00:00:00.000000,multi_horizon_momentum,correlation_filtered,0.7,equal,100000000,490465149.9632824,390465149.9632824,3.893318260624322,0.4245498387432203,0.257997994586449,-0.23176347539175435,1.5274761889179735,2.057665158114692,0.9096675950307312,0.5882882882882883
2022-01-01T00:00:00.000000,2021-12-31T00:00:00.000000,multi_horizon_momentum,correlation_filtered,0.7,alpha,100000000,492418134.13062483,392418134.13062483,3.9118881491968374,0.42575281013186106,0.2583634343743446,-0.23201923590955986,1.529005920540934,2.0625459647769886,0.9166307053332088,0.5864864864864865
2022-01-01T00:00:00.000000,2021-12-31T00:00:00.000000,multi_horizon_momentum,correlation_filtered,0.7,alpha_volatility,100000000,469457135.2338513,369457135.2338513,3.6842678259417667,0.41075642333826723,0.2515718273674573,-0.2346919209266195,1.5205595296501049,2.04079167952159,0.9424685643232604,0.5792792792792792
2022-01-01T00:00:00.000000,2021-12-31T00:00:00.000000,multi_horizon_momentum,correlation_filtered,0.7,inverse_volatility,100000000,467548246.30605674,367548246.30605674,3.66585736467536,0.40951890809516645,0.251342611717642,-0.23827090575026177,1.5181625880304688,2.034613897726959,0.9561603136560582,0.5756756756756757
2022-01-01T00:00:00.000000,2021-12-31T00:00:00.000000,multi_horizon_momentum,correlation_filtered,0.75,equal,100000000,490465149.9632824,390465149.9632824,3.893318260624322,0.4245498387432203,0.257997994586449,-0.23176347539175435,1.5274761889179735,2.057665158114692,0.9096675950307312,0.5882882882882883
2022-01-01T00:00:00.000000,2021-12-31T00:00:00.000000,multi_horizon_momentum,correlation_filtered,0.75,alpha,100000000,492418134.13062483,392418134.13062483,3.9118881491968374,0.42575281013186106,0.2583634343743446,-0.23201923590955986,1.529005920540934,2.0625459647769886,0.9166307053332088,0.5864864864864865
2022-01-01T00:00:00.000000,2021-12-31T00:00:00.000000,multi_horizon_momentum,correlation_filtered,0.75,alpha_volatility,100000000,469457135.2338513,369457135.2338513,3.6842678259417667,0.41075642333826723,0.2515718273674573,-0.2346919209266195,1.5205595296501049,2.04079167952159,0.9424685643232604,0.5792792792792792
2022-01-01T00:00:00.000000,2021-12-31T00:00:00.000000,multi_horizon_momentum,correlation_filtered,0.75,inverse_volatility,100000000,467548246.30605674,367548246.30605674,3.66585736467536,0.40951890809516645,0.251342611717642,-0.23827090575026177,1.5181625880304688,2.034613897726959,0.9561603136560582,0.5756756756756757
2022-01-01T00:00:00.000000,2021-12-31T00:00:00.000000,multi_horizon_momentum,correlation_filtered,0.8,equal,100000000,490465149.9632824,390465149.9632824,3.893318260624322,0.4245498387432203,0.257997994586449,-0.23176347539175435,1.5274761889179735,2.057665158114692,0.9096675950307312,0.5882882882882883
2022-01-01T00:00:00.000000,2021-12-31T00:00:00.000000,multi_horizon_momentum,correlation_filtered,0.8,alpha,100000000,492418134.13062483,392418134.13062483,3.9118881491968374,0.42575281013186106,0.2583634343743446,-0.23201923590955986,1.529005920540934,2.0625459647769886,0.9166307053332088,0.5864864864864865
2022-01-01T00:00:00.000000,2021-12-31T00:00:00.000000,multi_horizon_momentum,correlation_filtered,0.8,alpha_volatility,100000000,469457135.2338513,369457135.2338513,3.6842678259417667,0.41075642333826723,0.2515718273674573,-0.2346919209266195,1.5205595296501049,2.04079167952159,0.9424685643232604,0.5792792792792792
2022-01-01T00:00:00.000000,2021-12-31T00:00:00.000000,multi_horizon_momentum,correlation_filtered,0.8,inverse_volatility,100000000,467548246.30605674,367548246.30605674,3.66585736467536,0.40951890809516645,0.251342611717642,-0.23827090575026177,1.5181625880304688,2.034613897726959,0.9561603136560582,0.5756756756756757
2022-01-01T00:00:00.000000,2021-12-31T00:00:00.000000,multi_horizon_momentum,correlation_filtered,0.85,equal,100000000,490465149.9632824,390465149.9632824,3.893318260624322,0.4245498387432203,0.257997994586449,-0.23176347539175435,1.5274761889179735,2.057665158114692,0.9096675950307312,0.5882882882882883
2022-01-01T00:00:00.000000,2021-12-31T00:00:00.000000,multi_horizon_momentum,correlation_filtered,0.85,alpha,100000000,492418134.13062483,392418134.13062483,3.9118881491968374,0.42575281013186106,0.2583634343743446,-0.23201923590955986,1.529005920540934,2.0625459647769886,0.9166307053332088,0.5864864864864865
2022-01-01T00:00:00.000000,2021-12-31T00:00:00.000000,multi_horizon_momentum,correlation_filtered,0.85,alpha_volatility,100000000,469457135.2338513,369457135.2338513,3.6842678259417667,0.41075642333826723,0.2515718273674573,-0.2346919209266195,1.5205595296501049,2.04079167952159,0.9424685643232604,0.5792792792792792
2022-01-01T00:00:00.000000,2021-12-31T00:00:00.000000,multi_horizon_momentum,correlation_filtered,0.85,inverse_volatility,100000000,467548246.30605674,367548246.30605674,3.66585736467536,0.40951890809516645,0.251342611717642,-0.23827090575026177,1.5181625880304688,2.034613897726959,0.9561603136560582,0.5756756756756757
2022-01-01T00:00:00.000000,2021-12-31T00:00:00.000000,relative_strength,top_n,None,equal,100000000,389045540.19583976,289045540.19583976,2.8593519769404816,0.3511523469780564,0.26475302766730885,-0.25669325091714956,1.292239877202452,1.8009449372093553,0.9392929243935743,0.5707844905320109
2022-01-01T00:00:00.000000,2021-12-31T00:00:00.000000,relative_strength,top_n,None,alpha,100000000,389927179.94767416,289927179.94767416,2.867718839550008,0.35180457326960046,0.2646637109320913,-0.25689076649898235,1.2944454308268691,1.8050587935424651,0.9396066876874304,0.5707844905320109
2022-01-01T00:00:00.000000,2021-12-31T00:00:00.000000,relative_strength,top_n,None,alpha_volatility,100000000,395208071.34299433,295208071.34299433,2.9212881010609726,0.355954700384741,0.25831195140116037,-0.25569208480739636,1.3319355724496915,1.8856641795087739,0.9438181380594448,0.5707844905320109
2022-01-01T00:00:00.000000,2021-12-31T00:00:00.000000,relative_strength,top_n,None,inverse_volatility,100000000,393951122.4262362,293951122.4262362,2.90903435792922,0.35500928104821394,0.2583516325443714,-0.25574618068227495,1.3290170105977717,1.8800222650305503,0.9468700074177754,0.569882777276826
2022-01-01T00:00:00.000000,2021-12-31T00:00:00.000000,relative_strength,correlation_filtered,None,equal,100000000,389045540.19583976,289045540.19583976,2.8593519769404816,0.3511523469780564,0.26475302766730885,-0.25669325091714956,1.292239877202452,1.8009449372093553,0.9392929243935743,0.5707844905320109
2022-01-01T00:00:00.000000,2021-12-31T00:00:00.000000,relative_strength,correlation_filtered,None,alpha,100000000,389927179.94767416,289927179.94767416,2.867718839550008,0.35180457326960046,0.2646637109320913,-0.25689076649898235,1.2944454308268691,1.8050587935424651,0.9396066876874304,0.5707844905320109
2022-01-01T00:00:00.000000,2021-12-31T00:00:00.000000,relative_strength,correlation_filtered,None,alpha_volatility,100000000,395208071.34299433,295208071.34299433,2.9212881010609726,0.355954700384741,0.25831195140116037,-0.25569208480739636,1.3319355724496915,1.8856641795087739,0.9438181380594448,0.5707844905320109
2022-01-01T00:00:00.000000,2021-12-31T00:00:00.000000,relative_strength,correlation_filtered,None,inverse_volatility,100000000,393951122.4262362,293951122.4262362,2.90903435792922,0.35500928104821394,0.2583516325443714,-0.25574618068227495,1.3290170105977717,1.8800222650305503,0.9468700074177754,0.569882777276826
2022-01-01T00:00:00.000000,2021-12-31T00:00:00.000000,relative_strength,correlation_filtered,0.7,equal,100000000,389045540.19583976,289045540.19583976,2.8593519769404816,0.3511523469780564,0.26475302766730885,-0.25669325091714956,1.292239877202452,1.8009449372093553,0.9392929243935743,0.5707844905320109
2022-01-01T00:00:00.000000,2021-12-31T00:00:00.000000,relative_strength,correlation_filtered,0.7,alpha,100000000,389927179.94767416,289927179.94767416,2.867718839550008,0.35180457326960046,0.2646637109320913,-0.25689076649898235,1.2944454308268691,1.8050587935424651,0.9396066876874304,0.5707844905320109
2022-01-01T00:00:00.000000,2021-12-31T00:00:00.000000,relative_strength,correlation_filtered,0.7,alpha_volatility,100000000,395208071.34299433,295208071.34299433,2.9212881010609726,0.355954700384741,0.25831195140116037,-0.25569208480739636,1.3319355724496915,1.8856641795087739,0.9438181380594448,0.5707844905320109
2022-01-01T00:00:00.000000,2021-12-31T00:00:00.000000,relative_strength,correlation_filtered,0.7,inverse_volatility,100000000,393951122.4262362,293951122.4262362,2.90903435792922,0.35500928104821394,0.2583516325443714,-0.25574618068227495,1.3290170105977717,1.8800222650305503,0.9468700074177754,0.569882777276826
2022-01-01T00:00:00.000000,2021-12-31T00:00:00.000000,relative_strength,correlation_filtered,0.75,equal,100000000,389045540.19583976,289045540.19583976,2.8593519769404816,0.3511523469780564,0.26475302766730885,-0.25669325091714956,1.292239877202452,1.8009449372093553,0.9392929243935743,0.5707844905320109
2022-01-01T00:00:00.000000,2021-12-31T00:00:00.000000,relative_strength,correlation_filtered,0.75,alpha,100000000,389927179.94767416,289927179.94767416,2.867718839550008,0.35180457326960046,0.2646637109320913,-0.25689076649898235,1.2944454308268691,1.8050587935424651,0.9396066876874304,0.5707844905320109
2022-01-01T00:00:00.000000,2021-12-31T00:00:00.000000,relative_strength,correlation_filtered,0.75,alpha_volatility,100000000,395208071.34299433,295208071.34299433,2.9212881010609726,0.355954700384741,0.25831195140116037,-0.25569208480739636,1.3319355724496915,1.8856641795087739,0.9438181380594448,0.5707844905320109
2022-01-01T00:00:00.000000,2021-12-31T00:00:00.000000,relative_strength,correlation_filtered,0.75,inverse_volatility,100000000,393951122.4262362,293951122.4262362,2.90903435792922,0.35500928104821394,0.2583516325443714,-0.25574618068227495,1.3290170105977717,1.8800222650305503,0.9468700074177754,0.569882777276826
2022-01-01T00:00:00.000000,2021-12-31T00:00:00.000000,relative_strength,correlation_filtered,0.8,equal,100000000,389045540.19583976,289045540.19583976,2.8593519769404816,0.3511523469780564,0.26475302766730885,-0.25669325091714956,1.292239877202452,1.8009449372093553,0.9392929243935743,0.5707844905320109
2022-01-01T00:00:00.000000,2021-12-31T00:00:00.000000,relative_strength,correlation_filtered,0.8,alpha,100000000,389927179.94767416,289927179.94767416,2.867718839550008,0.35180457326960046,0.2646637109320913,-0.25689076649898235,1.2944454308268691,1.8050587935424651,0.9396066876874304,0.5707844905320109
2022-01-01T00:00:00.000000,2021-12-31T00:00:00.000000,relative_strength,correlation_filtered,0.8,alpha_volatility,100000000,395208071.34299433,295208071.34299433,2.9212881010609726,0.355954700384741,0.25831195140116037,-0.25569208480739636,1.3319355724496915,1.8856641795087739,0.9438181380594448,0.5707844905320109
2022-01-01T00:00:00.000000,2021-12-31T00:00:00.000000,relative_strength,correlation_filtered,0.8,inverse_volatility,100000000,393951122.4262362,293951122.4262362,2.90903435792922,0.35500928104821394,0.2583516325443714,-0.25574618068227495,1.3290170105977717,1.8800222650305503,0.9468700074177754,0.569882777276826
2022-01-01T00:00:00.000000,2021-12-31T00:00:00.000000,relative_strength,correlation_filtered,0.85,equal,100000000,389045540.19583976,289045540.19583976,2.8593519769404816,0.3511523469780564,0.26475302766730885,-0.25669325091714956,1.292239877202452,1.8009449372093553,0.9392929243935743,0.5707844905320109
2022-01-01T00:00:00.000000,2021-12-31T00:00:00.000000,relative_strength,correlation_filtered,0.85,alpha,100000000,389927179.94767416,289927179.94767416,2.867718839550008,0.35180457326960046,0.2646637109320913,-0.25689076649898235,1.2944454308268691,1.8050587935424651,0.9396066876874304,0.5707844905320109
2022-01-01T00:00:00.000000,2021-12-31T00:00:00.000000,relative_strength,correlation_filtered,0.85,alpha_volatility,100000000,395208071.34299433,295208071.34299433,2.9212881010609726,0.355954700384741,0.25831195140116037,-0.25569208480739636,1.3319355724496915,1.8856641795087739,0.9438181380594448,0.5707844905320109
2022-01-01T00:00:00.000000,2021-12-31T00:00:00.000000,relative_strength,correlation_filtered,0.85,inverse_volatility,100000000,393951122.4262362,293951122.4262362,2.90903435792922,0.35500928104821394,0.2583516325443714,-0.25574618068227495,1.3290170105977717,1.8800222650305503,0.9468700074177754,0.569882777276826
2022-01-01T00:00:00.000000,2021-12-31T00:00:00.000000,trend_strength,top_n,None,equal,100000000,214909201.4301294,114909201.43012941,1.1269776720714213,0.1831552609698659,0.2720483547159538,-0.41621844400250485,0.7671257696517365,1.0079192818912714,0.9427971659562612,0.5482416591523895
2022-01-01T00:00:00.000000,2021-12-31T00:00:00.000000,trend_strength,top_n,None,alpha,100000000,215127704.0592839,115127704.05928391,1.1288049488920344,0.18338169906685553,0.2714866197720559,-0.41450592337735204,0.7688593459422435,1.0112464104880987,0.9464766512513815,0.5473399458972047
2022-01-01T00:00:00.000000,2021-12-31T00:00:00.000000,trend_strength,top_n,None,alpha_volatility,100000000,199064930.72998318,99064930.72998318,0.9687487971132103,0.16294748341688914,0.26001354781830255,-0.3907235594367755,0.722682558897721,0.9502607109029654,0.9346927839339887,0.5482416591523895
2022-01-01T00:00:00.000000,2021-12-31T00:00:00.000000,trend_strength,top_n,None,inverse_volatility,100000000,198547281.1771624,98547281.17716241,0.9638422362742449,0.16230096745377676,0.26041793332311874,-0.3925762587720141,0.7197944040866713,0.9457283656242821,0.9376390843032337,0.5473399458972047
2022-01-01T00:00:00.000000,2021-12-31T00:00:00.000000,trend_strength,correlation_filtered,None,equal,100000000,214909201.4301294,114909201.43012941,1.1269776720714213,0.1831552609698659,0.2720483547159538,-0.41621844400250485,0.7671257696517365,1.0079192818912714,0.9427971659562612,0.5482416591523895
2022-01-01T00:00:00.000000,2021-12-31T00:00:00.000000,trend_strength,correlation_filtered,None,alpha,100000000,215127704.0592839,115127704.05928391,1.1288049488920344,0.18338169906685553,0.2714866197720559,-0.41450592337735204,0.7688593459422435,1.0112464104880987,0.9464766512513815,0.5473399458972047
2022-01-01T00:00:00.000000,2021-12-31T00:00:00.000000,trend_strength,correlation_filtered,None,alpha_volatility,100000000,199064930.72998318,99064930.72998318,0.9687487971132103,0.16294748341688914,0.26001354781830255,-0.3907235594367755,0.722682558897721,0.9502607109029654,0.9346927839339887,0.5482416591523895
2022-01-01T00:00:00.000000,2021-12-31T00:00:00.000000,trend_strength,correlation_filtered,None,inverse_volatility,100000000,198547281.1771624,98547281.17716241,0.9638422362742449,0.16230096745377676,0.26041793332311874,-0.3925762587720141,0.7197944040866713,0.9457283656242821,0.9376390843032337,0.5473399458972047
2022-01-01T00:00:00.000000,2021-12-31T00:00:00.000000,trend_strength,correlation_filtered,0.7,equal,100000000,214909201.4301294,114909201.43012941,1.1269776720714213,0.1831552609698659,0.2720483547159538,-0.41621844400250485,0.7671257696517365,1.0079192818912714,0.9427971659562612,0.5482416591523895
2022-01-01T00:00:00.000000,2021-12-31T00:00:00.000000,trend_strength,correlation_filtered,0.7,alpha,100000000,215127704.0592839,115127704.05928391,1.1288049488920344,0.18338169906685553,0.2714866197720559,-0.41450592337735204,0.7688593459422435,1.0112464104880987,0.9464766512513815,0.5473399458972047
2022-01-01T00:00:00.000000,2021-12-31T00:00:00.000000,trend_strength,correlation_filtered,0.7,alpha_volatility,100000000,199064930.72998318,99064930.72998318,0.9687487971132103,0.16294748341688914,0.26001354781830255,-0.3907235594367755,0.722682558897721,0.9502607109029654,0.9346927839339887,0.5482416591523895
2022-01-01T00:00:00.000000,2021-12-31T00:00:00.000000,trend_strength,correlation_filtered,0.7,inverse_volatility,100000000,198547281.1771624,98547281.17716241,0.9638422362742449,0.16230096745377676,0.26041793332311874,-0.3925762587720141,0.7197944040866713,0.9457283656242821,0.9376390843032337,0.5473399458972047
2022-01-01T00:00:00.000000,2021-12-31T00:00:00.000000,trend_strength,correlation_filtered,0.75,equal,100000000,214909201.4301294,114909201.43012941,1.1269776720714213,0.1831552609698659,0.2720483547159538,-0.41621844400250485,0.7671257696517365,1.0079192818912714,0.9427971659562612,0.5482416591523895
2022-01-01T00:00:00.000000,2021-12-31T00:00:00.000000,trend_strength,correlation_filtered,0.75,alpha,100000000,215127704.0592839,115127704.05928391,1.1288049488920344,0.18338169906685553,0.2714866197720559,-0.41450592337735204,0.7688593459422435,1.0112464104880987,0.9464766512513815,0.5473399458972047
2022-01-01T00:00:00.000000,2021-12-31T00:00:00.000000,trend_strength,correlation_filtered,0.75,alpha_volatility,100000000,199064930.72998318,99064930.72998318,0.9687487971132103,0.16294748341688914,0.26001354781830255,-0.3907235594367755,0.722682558897721,0.9502607109029654,0.9346927839339887,0.5482416591523895
2022-01-01T00:00:00.000000,2021-12-31T00:00:00.000000,trend_strength,correlation_filtered,0.75,inverse_volatility,100000000,198547281.1771624,98547281.17716241,0.9638422362742449,0.16230096745377676,0.26041793332311874,-0.3925762587720141,0.7197944040866713,0.9457283656242821,0.9376390843032337,0.5473399458972047
2022-01-01T00:00:00.000000,2021-12-31T00:00:00.000000,trend_strength,correlation_filtered,0.8,equal,100000000,214909201.4301294,114909201.43012941,1.1269776720714213,0.1831552609698659,0.2720483547159538,-0.41621844400250485,0.7671257696517365,1.0079192818912714,0.9427971659562612,0.5482416591523895
2022-01-01T00:00:00.000000,2021-12-31T00:00:00.000000,trend_strength,correlation_filtered,0.8,alpha,100000000,215127704.0592839,115127704.05928391,1.1288049488920344,0.18338169906685553,0.2714866197720559,-0.41450592337735204,0.7688593459422435,1.0112464104880987,0.9464766512513815,0.5473399458972047
2022-01-01T00:00:00.000000,2021-12-31T00:00:00.000000,trend_strength,correlation_filtered,0.8,alpha_volatility,100000000,199064930.72998318,99064930.72998318,0.9687487971132103,0.16294748341688914,0.26001354781830255,-0.3907235594367755,0.722682558897721,0.9502607109029654,0.9346927839339887,0.5482416591523895
2022-01-01T00:00:00.000000,2021-12-31T00:00:00.000000,trend_strength,correlation_filtered,0.8,inverse_volatility,100000000,198547281.1771624,98547281.17716241,0.9638422362742449,0.16230096745377676,0.26041793332311874,-0.3925762587720141,0.7197944040866713,0.9457283656242821,0.9376390843032337,0.5473399458972047
2022-01-01T00:00:00.000000,2021-12-31T00:00:00.000000,trend_strength,correlation_filtered,0.85,equal,100000000,214909201.4301294,114909201.43012941,1.1269776720714213,0.1831552609698659,0.2720483547159538,-0.41621844400250485,0.7671257696517365,1.0079192818912714,0.9427971659562612,0.5482416591523895
2022-01-01T00:00:00.000000,2021-12-31T00:00:00.000000,trend_strength,correlation_filtered,0.85,alpha,100000000,215127704.0592839,115127704.05928391,1.1288049488920344,0.18338169906685553,0.2714866197720559,-0.41450592337735204,0.7688593459422435,1.0112464104880987,0.9464766512513815,0.5473399458972047
2022-01-01T00:00:00.000000,2021-12-31T00:00:00.000000,trend_strength,correlation_filtered,0.85,alpha_volatility,100000000,199064930.72998318,99064930.72998318,0.9687487971132103,0.16294748341688914,0.26001354781830255,-0.3907235594367755,0.722682558897721,0.9502607109029654,0.9346927839339887,0.5482416591523895
2022-01-01T00:00:00.000000,2021-12-31T00:00:00.000000,trend_strength,correlation_filtered,0.85,inverse_volatility,100000000,198547281.1771624,98547281.17716241,0.9638422362742449,0.16230096745377676,0.26041793332311874,-0.3925762587720141,0.7197944040866713,0.9457283656242821,0.9376390843032337,0.5473399458972047
2022-01-01T00:00:00.000000,2021-12-31T00:00:00.000000,high_52w,top_n,None,equal,100000000,263918267.36898807,163918267.36898807,1.6466093631650165,0.2422131870147115,0.19046146864462066,-0.24317128577202507,1.2558190421616102,1.9027991648822578,1.0187219445169218,0.5468468468468468
2022-01-01T00:00:00.000000,2021-12-31T00:00:00.000000,high_52w,top_n,None,alpha,100000000,264540966.2417627,164540966.2417627,1.653222367408453,0.2429042141728921,0.19086970052713537,-0.24458618981347735,1.2565100884152103,1.9065226234289054,1.0187453740205197,0.5468468468468468
2022-01-01T00:00:00.000000,2021-12-31T00:00:00.000000,high_52w,top_n,None,alpha_volatility,100000000,238434470.27333075,138434470.27333075,1.3883898641725847,0.21411683991900743,0.17945038704876864,-0.22506548562706585,1.191553139472174,1.7915677775688068,1.0497011463973114,0.5369369369369369
2022-01-01T00:00:00.000000,2021-12-31T00:00:00.000000,high_52w,top_n,None,inverse_volatility,100000000,237827764.6721211,137827764.6721211,1.3820133514144675,0.2133937358733191,0.1791769811420136,-0.22376498804217404,1.1897089127273381,1.7869010231753675,1.045702037003549,0.5378378378378378
2022-01-01T00:00:00.000000,2021-12-31T00:00:00.000000,high_52w,correlation_filtered,None,equal,100000000,263918267.36898807,163918267.36898807,1.6466093631650165,0.2422131870147115,0.19046146864462066,-0.24317128577202507,1.2558190421616102,1.9027991648822578,1.0187219445169218,0.5468468468468468
2022-01-01T00:00:00.000000,2021-12-31T00:00:00.000000,high_52w,correlation_filtered,None,alpha,100000000,264540966.2417627,164540966.2417627,1.653222367408453,0.2429042141728921,0.19086970052713537,-0.24458618981347735,1.2565100884152103,1.9065226234289054,1.0187453740205197,0.5468468468468468
2022-01-01T00:00:00.000000,2021-12-31T00:00:00.000000,high_52w,correlation_filtered,None,alpha_volatility,100000000,238434470.27333075,138434470.27333075,1.3883898641725847,0.21411683991900743,0.17945038704876864,-0.22506548562706585,1.191553139472174,1.7915677775688068,1.0497011463973114,0.5369369369369369
2022-01-01T00:00:00.000000,2021-12-31T00:00:00.000000,high_52w,correlation_filtered,None,inverse_volatility,100000000,237827764.6721211,137827764.6721211,1.3820133514144675,0.2133937358733191,0.1791769811420136,-0.22376498804217404,1.1897089127273381,1.7869010231753675,1.045702037003549,0.5378378378378378
2022-01-01T00:00:00.000000,2021-12-31T00:00:00.000000,high_52w,correlation_filtered,0.7,equal,100000000,263918267.36898807,163918267.36898807,1.6466093631650165,0.2422131870147115,0.19046146864462066,-0.24317128577202507,1.2558190421616102,1.9027991648822578,1.0187219445169218,0.5468468468468468
2022-01-01T00:00:00.000000,2021-12-31T00:00:00.000000,high_52w,correlation_filtered,0.7,alpha,100000000,264540966.2417627,164540966.2417627,1.653222367408453,0.2429042141728921,0.19086970052713537,-0.24458618981347735,1.2565100884152103,1.9065226234289054,1.0187453740205197,0.5468468468468468
2022-01-01T00:00:00.000000,2021-12-31T00:00:00.000000,high_52w,correlation_filtered,0.7,alpha_volatility,100000000,238434470.27333075,138434470.27333075,1.3883898641725847,0.21411683991900743,0.17945038704876864,-0.22506548562706585,1.191553139472174,1.7915677775688068,1.0497011463973114,0.5369369369369369
2022-01-01T00:00:00.000000,2021-12-31T00:00:00.000000,high_52w,correlation_filtered,0.7,inverse_volatility,100000000,237827764.6721211,137827764.6721211,1.3820133514144675,0.2133937358733191,0.1791769811420136,-0.22376498804217404,1.1897089127273381,1.7869010231753675,1.045702037003549,0.5378378378378378
2022-01-01T00:00:00.000000,2021-12-31T00:00:00.000000,high_52w,correlation_filtered,0.75,equal,100000000,263918267.36898807,163918267.36898807,1.6466093631650165,0.2422131870147115,0.19046146864462066,-0.24317128577202507,1.2558190421616102,1.9027991648822578,1.0187219445169218,0.5468468468468468
2022-01-01T00:00:00.000000,2021-12-31T00:00:00.000000,high_52w,correlation_filtered,0.75,alpha,100000000,264540966.2417627,164540966.2417627,1.653222367408453,0.2429042141728921,0.19086970052713537,-0.24458618981347735,1.2565100884152103,1.9065226234289054,1.0187453740205197,0.5468468468468468
2022-01-01T00:00:00.000000,2021-12-31T00:00:00.000000,high_52w,correlation_filtered,0.75,alpha_volatility,100000000,238434470.27333075,138434470.27333075,1.3883898641725847,0.21411683991900743,0.17945038704876864,-0.22506548562706585,1.191553139472174,1.7915677775688068,1.0497011463973114,0.5369369369369369
2022-01-01T00:00:00.000000,2021-12-31T00:00:00.000000,high_52w,correlation_filtered,0.75,inverse_volatility,100000000,237827764.6721211,137827764.6721211,1.3820133514144675,0.2133937358733191,0.1791769811420136,-0.22376498804217404,1.1897089127273381,1.7869010231753675,1.045702037003549,0.5378378378378378
2022-01-01T00:00:00.000000,2021-12-31T00:00:00.000000,high_52w,correlation_filtered,0.8,equal,100000000,263918267.36898807,163918267.36898807,1.6466093631650165,0.2422131870147115,0.19046146864462066,-0.24317128577202507,1.2558190421616102,1.9027991648822578,1.0187219445169218,0.5468468468468468
2022-01-01T00:00:00.000000,2021-12-31T00:00:00.000000,high_52w,correlation_filtered,0.8,alpha,100000000,264540966.2417627,164540966.2417627,1.653222367408453,0.2429042141728921,0.19086970052713537,-0.24458618981347735,1.2565100884152103,1.9065226234289054,1.0187453740205197,0.5468468468468468
2022-01-01T00:00:00.000000,2021-12-31T00:00:00.000000,high_52w,correlation_filtered,0.8,alpha_volatility,100000000,238434470.27333075,138434470.27333075,1.3883898641725847,0.21411683991900743,0.17945038704876864,-0.22506548562706585,1.191553139472174,1.7915677775688068,1.0497011463973114,0.5369369369369369
2022-01-01T00:00:00.000000,2021-12-31T00:00:00.000000,high_52w,correlation_filtered,0.8,inverse_volatility,100000000,237827764.6721211,137827764.6721211,1.3820133514144675,0.2133937358733191,0.1791769811420136,-0.22376498804217404,1.1897089127273381,1.7869010231753675,1.045702037003549,0.5378378378378378
2022-01-01T00:00:00.000000,2021-12-31T00:00:00.000000,high_52w,correlation_filtered,0.85,equal,100000000,263918267.36898807,163918267.36898807,1.6466093631650165,0.2422131870147115,0.19046146864462066,-0.24317128577202507,1.2558190421616102,1.9027991648822578,1.0187219445169218,0.5468468468468468
2022-01-01T00:00:00.000000,2021-12-31T00:00:00.000000,high_52w,correlation_filtered,0.85,alpha,100000000,264540966.2417627,164540966.2417627,1.653222367408453,0.2429042141728921,0.19086970052713537,-0.24458618981347735,1.2565100884152103,1.9065226234289054,1.0187453740205197,0.5468468468468468
2022-01-01T00:00:00.000000,2021-12-31T00:00:00.000000,high_52w,correlation_filtered,0.85,alpha_volatility,100000000,238434470.27333075,138434470.27333075,1.3883898641725847,0.21411683991900743,0.17945038704876864,-0.22506548562706585,1.191553139472174,1.7915677775688068,1.0497011463973114,0.5369369369369369
2022-01-01T00:00:00.000000,2021-12-31T00:00:00.000000,high_52w,correlation_filtered,0.85,inverse_volatility,100000000,237827764.6721211,137827764.6721211,1.3820133514144675,0.2133937358733191,0.1791769811420136,-0.22376498804217404,1.1897089127273381,1.7869010231753675,1.045702037003549,0.5378378378378378
2022-01-01T00:00:00.000000,2021-12-31T00:00:00.000000,breakout,top_n,None,equal,100000000,268572068.7258497,168572068.7258497,1.6789931166819683,0.24558442835883865,0.1878925918911067,-0.2525318986456693,1.2851169697965503,1.9431795163003323,1.0465339219919763,0.5414414414414415
2022-01-01T00:00:00.000000,2021-12-31T00:00:00.000000,breakout,top_n,None,alpha,100000000,269423659.39974034,169423659.39974034,1.6881005697037166,0.24652683178884005,0.1882767586363399,-0.2536726397066199,1.2869736134308465,1.947909193939073,1.0467522806067995,0.5414414414414415
2022-01-01T00:00:00.000000,2021-12-31T00:00:00.000000,breakout,top_n,None,alpha_volatility,100000000,243169999.9073177,143169999.9073177,1.424124277183282,0.21814162982172158,0.17672141589675014,-0.22737954033479757,1.2263001820587358,1.8531816506584167,1.0402438227250115,0.5405405405405406
2022-01-01T00:00:00.000000,2021-12-31T00:00:00.000000,breakout,top_n,None,inverse_volatility,100000000,242238794.2630158,142238794.2630158,1.4143435151625008,0.21704462419685822,0.176433777587673,-0.22647960759417052,1.2228055717686097,1.8471215413553248,1.0359636703408115,0.5414414414414415
2022-01-01T00:00:00.000000,2021-12-31T00:00:00.000000,breakout,correlation_filtered,None,equal,100000000,268572068.7258497,168572068.7258497,1.6789931166819683,0.24558442835883865,0.1878925918911067,-0.2525318986456693,1.2851169697965503,1.9431795163003323,1.0465339219919763,0.5414414414414415
2022-01-01T00:00:00.000000,2021-12-31T00:00:00.000000,breakout,correlation_filtered,None,alpha,100000000,269423659.39974034,169423659.39974034,1.6881005697037166,0.24652683178884005,0.1882767586363399,-0.2536726397066199,1.2869736134308465,1.947909193939073,1.0467522806067995,0.5414414414414415
2022-01-01T00:00:00.000000,2021-12-31T00:00:00.000000,breakout,correlation_filtered,None,alpha_volatility,100000000,243169999.9073177,143169999.9073177,1.424124277183282,0.21814162982172158,0.17672141589675014,-0.22737954033479757,1.2263001820587358,1.8531816506584167,1.0402438227250115,0.5405405405405406
2022-01-01T00:00:00.000000,2021-12-31T00:00:00.000000,breakout,correlation_filtered,None,inverse_volatility,100000000,242238794.2630158,142238794.2630158,1.4143435151625008,0.21704462419685822,0.176433777587673,-0.22647960759417052,1.2228055717686097,1.8471215413553248,1.0359636703408115,0.5414414414414415
2022-01-01T00:00:00.000000,2021-12-31T00:00:00.000000,breakout,correlation_filtered,0.7,equal,100000000,268572068.7258497,168572068.7258497,1.6789931166819683,0.24558442835883865,0.1878925918911067,-0.2525318986456693,1.2851169697965503,1.9431795163003323,1.0465339219919763,0.5414414414414415
2022-01-01T00:00:00.000000,2021-12-31T00:00:00.000000,breakout,correlation_filtered,0.7,alpha,100000000,269423659.39974034,169423659.39974034,1.6881005697037166,0.24652683178884005,0.1882767586363399,-0.2536726397066199,1.2869736134308465,1.947909193939073,1.0467522806067995,0.5414414414414415
2022-01-01T00:00:00.000000,2021-12-31T00:00:00.000000,breakout,correlation_filtered,0.7,alpha_volatility,100000000,243169999.9073177,143169999.9073177,1.424124277183282,0.21814162982172158,0.17672141589675014,-0.22737954033479757,1.2263001820587358,1.8531816506584167,1.0402438227250115,0.5405405405405406
2022-01-01T00:00:00.000000,2021-12-31T00:00:00.000000,breakout,correlation_filtered,0.7,inverse_volatility,100000000,242238794.2630158,142238794.2630158,1.4143435151625008,0.21704462419685822,0.176433777587673,-0.22647960759417052,1.2228055717686097,1.8471215413553248,1.0359636703408115,0.5414414414414415
2022-01-01T00:00:00.000000,2021-12-31T00:00:00.000000,breakout,correlation_filtered,0.75,equal,100000000,268572068.7258497,168572068.7258497,1.6789931166819683,0.24558442835883865,0.1878925918911067,-0.2525318986456693,1.2851169697965503,1.9431795163003323,1.0465339219919763,0.5414414414414415
2022-01-01T00:00:00.000000,2021-12-31T00:00:00.000000,breakout,correlation_filtered,0.75,alpha,100000000,269423659.39974034,169423659.39974034,1.6881005697037166,0.24652683178884005,0.1882767586363399,-0.2536726397066199,1.2869736134308465,1.947909193939073,1.0467522806067995,0.5414414414414415
2022-01-01T00:00:00.000000,2021-12-31T00:00:00.000000,breakout,correlation_filtered,0.75,alpha_volatility,100000000,243169999.9073177,143169999.9073177,1.424124277183282,0.21814162982172158,0.17672141589675014,-0.22737954033479757,1.2263001820587358,1.8531816506584167,1.0402438227250115,0.5405405405405406
2022-01-01T00:00:00.000000,2021-12-31T00:00:00.000000,breakout,correlation_filtered,0.75,inverse_volatility,100000000,242238794.2630158,142238794.2630158,1.4143435151625008,0.21704462419685822,0.176433777587673,-0.22647960759417052,1.2228055717686097,1.8471215413553248,1.0359636703408115,0.5414414414414415
2022-01-01T00:00:00.000000,2021-12-31T00:00:00.000000,breakout,correlation_filtered,0.8,equal,100000000,268572068.7258497,168572068.7258497,1.6789931166819683,0.24558442835883865,0.1878925918911067,-0.2525318986456693,1.2851169697965503,1.9431795163003323,1.0465339219919763,0.5414414414414415
2022-01-01T00:00:00.000000,2021-12-31T00:00:00.000000,breakout,correlation_filtered,0.8,alpha,100000000,269423659.39974034,169423659.39974034,1.6881005697037166,0.24652683178884005,0.1882767586363399,-0.2536726397066199,1.2869736134308465,1.947909193939073,1.0467522806067995,0.5414414414414415
2022-01-01T00:00:00.000000,2021-12-31T00:00:00.000000,breakout,correlation_filtered,0.8,alpha_volatility,100000000,243169999.9073177,143169999.9073177,1.424124277183282,0.21814162982172158,0.17672141589675014,-0.22737954033479757,1.2263001820587358,1.8531816506584167,1.0402438227250115,0.5405405405405406
2022-01-01T00:00:00.000000,2021-12-31T00:00:00.000000,breakout,correlation_filtered,0.8,inverse_volatility,100000000,242238794.2630158,142238794.2630158,1.4143435151625008,0.21704462419685822,0.176433777587673,-0.22647960759417052,1.2228055717686097,1.8471215413553248,1.0359636703408115,0.5414414414414415
2022-01-01T00:00:00.000000,2021-12-31T00:00:00.000000,breakout,correlation_filtered,0.85,equal,100000000,268572068.7258497,168572068.7258497,1.6789931166819683,0.24558442835883865,0.1878925918911067,-0.2525318986456693,1.2851169697965503,1.9431795163003323,1.0465339219919763,0.5414414414414415
2022-01-01T00:00:00.000000,2021-12-31T00:00:00.000000,breakout,correlation_filtered,0.85,alpha,100000000,269423659.39974034,169423659.39974034,1.6881005697037166,0.24652683178884005,0.1882767586363399,-0.2536726397066199,1.2869736134308465,1.947909193939073,1.0467522806067995,0.5414414414414415
2022-01-01T00:00:00.000000,2021-12-31T00:00:00.000000,breakout,correlation_filtered,0.85,alpha_volatility,100000000,243169999.9073177,143169999.9073177,1.424124277183282,0.21814162982172158,0.17672141589675014,-0.22737954033479757,1.2263001820587358,1.8531816506584167,1.0402438227250115,0.5405405405405406
2022-01-01T00:00:00.000000,2021-12-31T00:00:00.000000,breakout,correlation_filtered,0.85,inverse_volatility,100000000,242238794.2630158,142238794.2630158,1.4143435151625008,0.21704462419685822,0.176433777587673,-0.22647960759417052,1.2228055717686097,1.8471215413553248,1.0359636703408115,0.5414414414414415
2022-01-01T00:00:00.000000,2021-12-31T00:00:00.000000,volume_confirmation,top_n,None,equal,100000000,269005245.4025196,169005245.40251958,1.689297990381748,0.2466505515245223,0.24634690073317864,-0.36630888432970876,1.0367419536765685,1.3344492361275964,0.9094729715358394,0.5680793507664562
2022-01-01T00:00:00.000000,2021-12-31T00:00:00.000000,volume_confirmation,top_n,None,alpha,100000000,268553124.4562299,168553124.45622993,1.6844424063126189,0.24614859804736922,0.24636333001379265,-0.3670244907401735,1.0350158754023007,1.3334688180481589,0.9158601632448007,0.5662759242560865
2022-01-01T00:00:00.000000,2021-12-31T00:00:00.000000,volume_confirmation,top_n,None,alpha_volatility,100000000,268289549.69341964,168289549.69341964,1.6941601718628565,0.2471524817565678,0.23610506473898119,-0.35290867606695875,1.072917950757224,1.3775911404693664,0.9181018505669158,0.5671776375112714
2022-01-01T00:00:00.000000,2021-12-31T00:00:00.000000,volume_confirmation,top_n,None,inverse_volatility,100000000,268536889.67879975,168536889.67879975,1.6969386577609806,0.2474389929838079,0.23609685002553907,-0.3521404321529312,1.0739426708271607,1.3782106757481571,0.9182958567563289,0.5671776375112714
2022-01-01T00:00:00.000000,2021-12-31T00:00:00.000000,volume_confirmation,correlation_filtered,None,equal,100000000,269005245.4025196,169005245.40251958,1.689297990381748,0.2466505515245223,0.24634690073317864,-0.36630888432970876,1.0367419536765685,1.3344492361275964,0.9094729715358394,0.5680793507664562
2022-01-01T00:00:00.000000,2021-12-31T00:00:00.000000,volume_confirmation,correlation_filtered,None,alpha,100000000,268553124.4562299,168553124.45622993,1.6844424063126189,0.24614859804736922,0.24636333001379265,-0.3670244907401735,1.0350158754023007,1.3334688180481589,0.9158601632448007,0.5662759242560865
2022-01-01T00:00:00.000000,2021-12-31T00:00:00.000000,volume_confirmation,correlation_filtered,None,alpha_volatility,100000000,268289549.69341964,168289549.69341964,1.6941601718628565,0.2471524817565678,0.23610506473898119,-0.35290867606695875,1.072917950757224,1.3775911404693664,0.9181018505669158,0.5671776375112714
2022-01-01T00:00:00.000000,2021-12-31T00:00:00.000000,volume_confirmation,correlation_filtered,None,inverse_volatility,100000000,268536889.67879975,168536889.67879975,1.6969386577609806,0.2474389929838079,0.23609685002553907,-0.3521404321529312,1.0739426708271607,1.3782106757481571,0.9182958567563289,0.5671776375112714
2022-01-01T00:00:00.000000,2021-12-31T00:00:00.000000,volume_confirmation,correlation_filtered,0.7,equal,100000000,269005245.4025196,169005245.40251958,1.689297990381748,0.2466505515245223,0.24634690073317864,-0.36630888432970876,1.0367419536765685,1.3344492361275964,0.9094729715358394,0.5680793507664562
2022-01-01T00:00:00.000000,2021-12-31T00:00:00.000000,volume_confirmation,correlation_filtered,0.7,alpha,100000000,268553124.4562299,168553124.45622993,1.6844424063126189,0.24614859804736922,0.24636333001379265,-0.3670244907401735,1.0350158754023007,1.3334688180481589,0.9158601632448007,0.5662759242560865
2022-01-01T00:00:00.000000,2021-12-31T00:00:00.000000,volume_confirmation,correlation_filtered,0.7,alpha_volatility,100000000,268289549.69341964,168289549.69341964,1.6941601718628565,0.2471524817565678,0.23610506473898119,-0.35290867606695875,1.072917950757224,1.3775911404693664,0.9181018505669158,0.5671776375112714
2022-01-01T00:00:00.000000,2021-12-31T00:00:00.000000,volume_confirmation,correlation_filtered,0.7,inverse_volatility,100000000,268536889.67879975,168536889.67879975,1.6969386577609806,0.2474389929838079,0.23609685002553907,-0.3521404321529312,1.0739426708271607,1.3782106757481571,0.9182958567563289,0.5671776375112714
2022-01-01T00:00:00.000000,2021-12-31T00:00:00.000000,volume_confirmation,correlation_filtered,0.75,equal,100000000,269005245.4025196,169005245.40251958,1.689297990381748,0.2466505515245223,0.24634690073317864,-0.36630888432970876,1.0367419536765685,1.3344492361275964,0.9094729715358394,0.5680793507664562
2022-01-01T00:00:00.000000,2021-12-31T00:00:00.000000,volume_confirmation,correlation_filtered,0.75,alpha,100000000,268553124.4562299,168553124.45622993,1.6844424063126189,0.24614859804736922,0.24636333001379265,-0.3670244907401735,1.0350158754023007,1.3334688180481589,0.9158601632448007,0.5662759242560865
2022-01-01T00:00:00.000000,2021-12-31T00:00:00.000000,volume_confirmation,correlation_filtered,0.75,alpha_volatility,100000000,268289549.69341964,168289549.69341964,1.6941601718628565,0.2471524817565678,0.23610506473898119,-0.35290867606695875,1.072917950757224,1.3775911404693664,0.9181018505669158,0.5671776375112714
2022-01-01T00:00:00.000000,2021-12-31T00:00:00.000000,volume_confirmation,correlation_filtered,0.75,inverse_volatility,100000000,268536889.67879975,168536889.67879975,1.6969386577609806,0.2474389929838079,0.23609685002553907,-0.3521404321529312,1.0739426708271607,1.3782106757481571,0.9182958567563289,0.5671776375112714
2022-01-01T00:00:00.000000,2021-12-31T00:00:00.000000,volume_confirmation,correlation_filtered,0.8,equal,100000000,269005245.4025196,169005245.40251958,1.689297990381748,0.2466505515245223,0.24634690073317864,-0.36630888432970876,1.0367419536765685,1.3344492361275964,0.9094729715358394,0.5680793507664562
2022-01-01T00:00:00.000000,2021-12-31T00:00:00.000000,volume_confirmation,correlation_filtered,0.8,alpha,100000000,268553124.4562299,168553124.45622993,1.6844424063126189,0.24614859804736922,0.24636333001379265,-0.3670244907401735,1.0350158754023007,1.3334688180481589,0.9158601632448007,0.5662759242560865
2022-01-01T00:00:00.000000,2021-12-31T00:00:00.000000,volume_confirmation,correlation_filtered,0.8,alpha_volatility,100000000,268289549.69341964,168289549.69341964,1.6941601718628565,0.2471524817565678,0.23610506473898119,-0.35290867606695875,1.072917950757224,1.3775911404693664,0.9181018505669158,0.5671776375112714
2022-01-01T00:00:00.000000,2021-12-31T00:00:00.000000,volume_confirmation,correlation_filtered,0.8,inverse_volatility,100000000,268536889.67879975,168536889.67879975,1.6969386577609806,0.2474389929838079,0.23609685002553907,-0.3521404321529312,1.0739426708271607,1.3782106757481571,0.9182958567563289,0.5671776375112714
2022-01-01T00:00:00.000000,2021-12-31T00:00:00.000000,volume_confirmation,correlation_filtered,0.85,equal,100000000,269005245.4025196,169005245.40251958,1.689297990381748,0.2466505515245223,0.24634690073317864,-0.36630888432970876,1.0367419536765685,1.3344492361275964,0.9094729715358394,0.5680793507664562
2022-01-01T00:00:00.000000,2021-12-31T00:00:00.000000,volume_confirmation,correlation_filtered,0.85,alpha,100000000,268553124.4562299,168553124.45622993,1.6844424063126189,0.24614859804736922,0.24636333001379265,-0.3670244907401735,1.0350158754023007,1.3334688180481589,0.9158601632448007,0.5662759242560865
2022-01-01T00:00:00.000000,2021-12-31T00:00:00.000000,volume_confirmation,correlation_filtered,0.85,alpha_volatility,100000000,268289549.69341964,168289549.69341964,1.6941601718628565,0.2471524817565678,0.23610506473898119,-0.35290867606695875,1.072917950757224,1.3775911404693664,0.9181018505669158,0.5671776375112714
2022-01-01T00:00:00.000000,2021-12-31T00:00:00.000000,volume_confirmation,correlation_filtered,0.85,inverse_volatility,100000000,268536889.67879975,168536889.67879975,1.6969386577609806,0.2474389929838079,0.23609685002553907,-0.3521404321529312,1.0739426708271607,1.3782106757481571,0.9182958567563289,0.5671776375112714
2022-01-01T00:00:00.000000,2021-12-31T00:00:00.000000,technical_composite,top_n,None,equal,100000000,301805300.59143823,201805300.59143823,2.015133820208639,0.2788309479978246,0.2294508726269979,-0.33913679325794266,1.2073371962718178,1.6797031903774586,1.0124715486147964,0.5486486486486486
2022-01-01T00:00:00.000000,2021-12-31T00:00:00.000000,technical_composite,top_n,None,alpha,100000000,304489035.5468819,204489035.5468819,2.04258127000533,0.2814161181232022,0.23167570348600572,-0.3453645815822862,1.2068507128832362,1.6760896394990736,1.0089707072080543,0.5495495495495496
2022-01-01T00:00:00.000000,2021-12-31T00:00:00.000000,technical_composite,top_n,None,alpha_volatility,100000000,275330084.0545415,175330084.05454153,1.7530925623348579,0.25318087843608517,0.21418112233368458,-0.3106364178314054,1.1810881518724694,1.675358700261717,1.0618211026939797,0.5351351351351351
2022-01-01T00:00:00.000000,2021-12-31T00:00:00.000000,technical_composite,top_n,None,inverse_volatility,100000000,272496354.4336425,172496354.4336425,1.7240202332047643,0.2502196383037367,0.2126316681816872,-0.30479766519988893,1.176791417564662,1.6733836557617845,1.0569597678129967,0.536036036036036
2022-01-01T00:00:00.000000,2021-12-31T00:00:00.000000,technical_composite,correlation_filtered,None,equal,100000000,301805300.59143823,201805300.59143823,2.015133820208639,0.2788309479978246,0.2294508726269979,-0.33913679325794266,1.2073371962718178,1.6797031903774586,1.0124715486147964,0.5486486486486486
2022-01-01T00:00:00.000000,2021-12-31T00:00:00.000000,technical_composite,correlation_filtered,None,alpha,100000000,304489035.5468819,204489035.5468819,2.04258127000533,0.2814161181232022,0.23167570348600572,-0.3453645815822862,1.2068507128832362,1.6760896394990736,1.0089707072080543,0.5495495495495496
2022-01-01T00:00:00.000000,2021-12-31T00:00:00.000000,technical_composite,correlation_filtered,None,alpha_volatility,100000000,275330084.0545415,175330084.05454153,1.7530925623348579,0.25318087843608517,0.21418112233368458,-0.3106364178314054,1.1810881518724694,1.675358700261717,1.0618211026939797,0.5351351351351351
2022-01-01T00:00:00.000000,2021-12-31T00:00:00.000000,technical_composite,correlation_filtered,None,inverse_volatility,100000000,272496354.4336425,172496354.4336425,1.7240202332047643,0.2502196383037367,0.2126316681816872,-0.30479766519988893,1.176791417564662,1.6733836557617845,1.0569597678129967,0.536036036036036
2022-01-01T00:00:00.000000,2021-12-31T00:00:00.000000,technical_composite,correlation_filtered,0.7,equal,100000000,301805300.59143823,201805300.59143823,2.015133820208639,0.2788309479978246,0.2294508726269979,-0.33913679325794266,1.2073371962718178,1.6797031903774586,1.0124715486147964,0.5486486486486486
2022-01-01T00:00:00.000000,2021-12-31T00:00:00.000000,technical_composite,correlation_filtered,0.7,alpha,100000000,304489035.5468819,204489035.5468819,2.04258127000533,0.2814161181232022,0.23167570348600572,-0.3453645815822862,1.2068507128832362,1.6760896394990736,1.0089707072080543,0.5495495495495496
2022-01-01T00:00:00.000000,2021-12-31T00:00:00.000000,technical_composite,correlation_filtered,0.7,alpha_volatility,100000000,275330084.0545415,175330084.05454153,1.7530925623348579,0.25318087843608517,0.21418112233368458,-0.3106364178314054,1.1810881518724694,1.675358700261717,1.0618211026939797,0.5351351351351351
2022-01-01T00:00:00.000000,2021-12-31T00:00:00.000000,technical_composite,correlation_filtered,0.7,inverse_volatility,100000000,272496354.4336425,172496354.4336425,1.7240202332047643,0.2502196383037367,0.2126316681816872,-0.30479766519988893,1.176791417564662,1.6733836557617845,1.0569597678129967,0.536036036036036
2022-01-01T00:00:00.000000,2021-12-31T00:00:00.000000,technical_composite,correlation_filtered,0.75,equal,100000000,301805300.59143823,201805300.59143823,2.015133820208639,0.2788309479978246,0.2294508726269979,-0.33913679325794266,1.2073371962718178,1.6797031903774586,1.0124715486147964,0.5486486486486486
2022-01-01T00:00:00.000000,2021-12-31T00:00:00.000000,technical_composite,correlation_filtered,0.75,alpha,100000000,304489035.5468819,204489035.5468819,2.04258127000533,0.2814161181232022,0.23167570348600572,-0.3453645815822862,1.2068507128832362,1.6760896394990736,1.0089707072080543,0.5495495495495496
2022-01-01T00:00:00.000000,2021-12-31T00:00:00.000000,technical_composite,correlation_filtered,0.75,alpha_volatility,100000000,275330084.0545415,175330084.05454153,1.7530925623348579,0.25318087843608517,0.21418112233368458,-0.3106364178314054,1.1810881518724694,1.675358700261717,1.0618211026939797,0.5351351351351351
2022-01-01T00:00:00.000000,2021-12-31T00:00:00.000000,technical_composite,correlation_filtered,0.75,inverse_volatility,100000000,272496354.4336425,172496354.4336425,1.7240202332047643,0.2502196383037367,0.2126316681816872,-0.30479766519988893,1.176791417564662,1.6733836557617845,1.0569597678129967,0.536036036036036
2022-01-01T00:00:00.000000,2021-12-31T00:00:00.000000,technical_composite,correlation_filtered,0.8,equal,100000000,301805300.59143823,201805300.59143823,2.015133820208639,0.2788309479978246,0.2294508726269979,-0.33913679325794266,1.2073371962718178,1.6797031903774586,1.0124715486147964,0.5486486486486486
2022-01-01T00:00:00.000000,2021-12-31T00:00:00.000000,technical_composite,correlation_filtered,0.8,alpha,100000000,304489035.5468819,204489035.5468819,2.04258127000533,0.2814161181232022,0.23167570348600572,-0.3453645815822862,1.2068507128832362,1.6760896394990736,1.0089707072080543,0.5495495495495496
2022-01-01T00:00:00.000000,2021-12-31T00:00:00.000000,technical_composite,correlation_filtered,0.8,alpha_volatility,100000000,275330084.0545415,175330084.05454153,1.7530925623348579,0.25318087843608517,0.21418112233368458,-0.3106364178314054,1.1810881518724694,1.675358700261717,1.0618211026939797,0.5351351351351351
2022-01-01T00:00:00.000000,2021-12-31T00:00:00.000000,technical_composite,correlation_filtered,0.8,inverse_volatility,100000000,272496354.4336425,172496354.4336425,1.7240202332047643,0.2502196383037367,0.2126316681816872,-0.30479766519988893,1.176791417564662,1.6733836557617845,1.0569597678129967,0.536036036036036
2022-01-01T00:00:00.000000,2021-12-31T00:00:00.000000,technical_composite,correlation_filtered,0.85,equal,100000000,301805300.59143823,201805300.59143823,2.015133820208639,0.2788309479978246,0.2294508726269979,-0.33913679325794266,1.2073371962718178,1.6797031903774586,1.0124715486147964,0.5486486486486486
2022-01-01T00:00:00.000000,2021-12-31T00:00:00.000000,technical_composite,correlation_filtered,0.85,alpha,100000000,304489035.5468819,204489035.5468819,2.04258127000533,0.2814161181232022,0.23167570348600572,-0.3453645815822862,1.2068507128832362,1.6760896394990736,1.0089707072080543,0.5495495495495496
2022-01-01T00:00:00.000000,2021-12-31T00:00:00.000000,technical_composite,correlation_filtered,0.85,alpha_volatility,100000000,275330084.0545415,175330084.05454153,1.7530925623348579,0.25318087843608517,0.21418112233368458,-0.3106364178314054,1.1810881518724694,1.675358700261717,1.0618211026939797,0.5351351351351351
2022-01-01T00:00:00.000000,2021-12-31T00:00:00.000000,technical_composite,correlation_filtered,0.85,inverse_volatility,100000000,272496354.4336425,172496354.4336425,1.7240202332047643,0.2502196383037367,0.2126316681816872,-0.30479766519988893,1.176791417564662,1.6733836557617845,1.0569597678129967,0.536036036036036
2022-07-01T00:00:00.000000,2022-07-01T00:00:00.000000,momentum_12_1,top_n,None,equal,100000000,491184703.4130209,391184703.4130209,3.9121960626604597,0.4903675106647787,0.26791961784837165,-0.2933763507092674,1.6536977836826183,2.320669074053853,0.9792569549084724,0.5750507099391481
2022-07-01T00:00:00.000000,2022-07-01T00:00:00.000000,momentum_12_1,top_n,None,alpha,100000000,491976889.6935535,391976889.6935535,3.9198611470390334,0.4909501657664448,0.26787826892314137,-0.29326155079246663,1.6553976611938286,2.32482071505416,0.9754952448121286,0.5760649087221096
2022-07-01T00:00:00.000000,2022-07-01T00:00:00.000000,momentum_12_1,top_n,None,alpha_volatility,100000000,476006971.5253356,376006971.5253356,3.762303024003792,0.4788341489229566,0.2613991273976965,-0.29007255325366776,1.657944906517725,2.340532537129879,0.9964202554185995,0.5709939148073022
2022-07-01T00:00:00.000000,2022-07-01T00:00:00.000000,momentum_12_1,top_n,None,inverse_volatility,100000000,475140620.8469751,375140620.8469751,3.753894399625506,0.4781791424911097,0.26135339948628694,-0.29007710337524806,1.6564626773724274,2.3377988183579843,0.9838398720031643,0.5740365111561866
2022-07-01T00:00:00.000000,2022-07-01T00:00:00.000000,momentum_12_1,correlation_filtered,None,equal,100000000,491184703.4130209,391184703.4130209,3.9121960626604597,0.4903675106647787,0.26791961784837165,-0.2933763507092674,1.6536977836826183,2.320669074053853,0.9792569549084724,0.5750507099391481
2022-07-01T00:00:00.000000,2022-07-01T00:00:00.000000,momentum_12_1,correlation_filtered,None,alpha,100000000,491976889.6935535,391976889.6935535,3.9198611470390334,0.4909501657664448,0.26787826892314137,-0.29326155079246663,1.6553976611938286,2.32482071505416,0.9754952448121286,0.5760649087221096
2022-07-01T00:00:00.000000,2022-07-01T00:00:00.000000,momentum_12_1,correlation_filtered,None,alpha_volatility,100000000,476006971.5253356,376006971.5253356,3.762303024003792,0.4788341489229566,0.2613991273976965,-0.29007255325366776,1.657944906517725,2.340532537129879,0.9964202554185995,0.5709939148073022
2022-07-01T00:00:00.000000,2022-07-01T00:00:00.000000,momentum_12_1,correlation_filtered,None,inverse_volatility,100000000,475140620.8469751,375140620.8469751,3.753894399625506,0.4781791424911097,0.26135339948628694,-0.29007710337524806,1.6564626773724274,2.3377988183579843,0.9838398720031643,0.5740365111561866
2022-07-01T00:00:00.000000,2022-07-01T00:00:00.000000,momentum_12_1,correlation_filtered,0.7,equal,100000000,491184703.4130209,391184703.4130209,3.9121960626604597,0.4903675106647787,0.26791961784837165,-0.2933763507092674,1.6536977836826183,2.320669074053853,0.9792569549084724,0.5750507099391481
2022-07-01T00:00:00.000000,2022-07-01T00:00:00.000000,momentum_12_1,correlation_filtered,0.7,alpha,100000000,491976889.6935535,391976889.6935535,3.9198611470390334,0.4909501657664448,0.26787826892314137,-0.29326155079246663,1.6553976611938286,2.32482071505416,0.9754952448121286,0.5760649087221096
2022-07-01T00:00:00.000000,2022-07-01T00:00:00.000000,momentum_12_1,correlation_filtered,0.7,alpha_volatility,100000000,476006971.5253356,376006971.5253356,3.762303024003792,0.4788341489229566,0.2613991273976965,-0.29007255325366776,1.657944906517725,2.340532537129879,0.9964202554185995,0.5709939148073022
2022-07-01T00:00:00.000000,2022-07-01T00:00:00.000000,momentum_12_1,correlation_filtered,0.7,inverse_volatility,100000000,475140620.8469751,375140620.8469751,3.753894399625506,0.4781791424911097,0.26135339948628694,-0.29007710337524806,1.6564626773724274,2.3377988183579843,0.9838398720031643,0.5740365111561866
2022-07-01T00:00:00.000000,2022-07-01T00:00:00.000000,momentum_12_1,correlation_filtered,0.75,equal,100000000,491184703.4130209,391184703.4130209,3.9121960626604597,0.4903675106647787,0.26791961784837165,-0.2933763507092674,1.6536977836826183,2.320669074053853,0.9792569549084724,0.5750507099391481
2022-07-01T00:00:00.000000,2022-07-01T00:00:00.000000,momentum_12_1,correlation_filtered,0.75,alpha,100000000,491976889.6935535,391976889.6935535,3.9198611470390334,0.4909501657664448,0.26787826892314137,-0.29326155079246663,1.6553976611938286,2.32482071505416,0.9754952448121286,0.5760649087221096
2022-07-01T00:00:00.000000,2022-07-01T00:00:00.000000,momentum_12_1,correlation_filtered,0.75,alpha_volatility,100000000,476006971.5253356,376006971.5253356,3.762303024003792,0.4788341489229566,0.2613991273976965,-0.29007255325366776,1.657944906517725,2.340532537129879,0.9964202554185995,0.5709939148073022
2022-07-01T00:00:00.000000,2022-07-01T00:00:00.000000,momentum_12_1,correlation_filtered,0.75,inverse_volatility,100000000,475140620.8469751,375140620.8469751,3.753894399625506,0.4781791424911097,0.26135339948628694,-0.29007710337524806,1.6564626773724274,2.3377988183579843,0.9838398720031643,0.5740365111561866
2022-07-01T00:00:00.000000,2022-07-01T00:00:00.000000,momentum_12_1,correlation_filtered,0.8,equal,100000000,491184703.4130209,391184703.4130209,3.9121960626604597,0.4903675106647787,0.26791961784837165,-0.2933763507092674,1.6536977836826183,2.320669074053853,0.9792569549084724,0.5750507099391481
2022-07-01T00:00:00.000000,2022-07-01T00:00:00.000000,momentum_12_1,correlation_filtered,0.8,alpha,100000000,491976889.6935535,391976889.6935535,3.9198611470390334,0.4909501657664448,0.26787826892314137,-0.29326155079246663,1.6553976611938286,2.32482071505416,0.9754952448121286,0.5760649087221096
2022-07-01T00:00:00.000000,2022-07-01T00:00:00.000000,momentum_12_1,correlation_filtered,0.8,alpha_volatility,100000000,476006971.5253356,376006971.5253356,3.762303024003792,0.4788341489229566,0.2613991273976965,-0.29007255325366776,1.657944906517725,2.340532537129879,0.9964202554185995,0.5709939148073022
2022-07-01T00:00:00.000000,2022-07-01T00:00:00.000000,momentum_12_1,correlation_filtered,0.8,inverse_volatility,100000000,475140620.8469751,375140620.8469751,3.753894399625506,0.4781791424911097,0.26135339948628694,-0.29007710337524806,1.6564626773724274,2.3377988183579843,0.9838398720031643,0.5740365111561866
2022-07-01T00:00:00.000000,2022-07-01T00:00:00.000000,momentum_12_1,correlation_filtered,0.85,equal,100000000,491184703.4130209,391184703.4130209,3.9121960626604597,0.4903675106647787,0.26791961784837165,-0.2933763507092674,1.6536977836826183,2.320669074053853,0.9792569549084724,0.5750507099391481
2022-07-01T00:00:00.000000,2022-07-01T00:00:00.000000,momentum_12_1,correlation_filtered,0.85,alpha,100000000,491976889.6935535,391976889.6935535,3.9198611470390334,0.4909501657664448,0.26787826892314137,-0.29326155079246663,1.6553976611938286,2.32482071505416,0.9754952448121286,0.5760649087221096
2022-07-01T00:00:00.000000,2022-07-01T00:00:00.000000,momentum_12_1,correlation_filtered,0.85,alpha_volatility,100000000,476006971.5253356,376006971.5253356,3.762303024003792,0.4788341489229566,0.2613991273976965,-0.29007255325366776,1.657944906517725,2.340532537129879,0.9964202554185995,0.5709939148073022
2022-07-01T00:00:00.000000,2022-07-01T00:00:00.000000,momentum_12_1,correlation_filtered,0.85,inverse_volatility,100000000,475140620.8469751,375140620.8469751,3.753894399625506,0.4781791424911097,0.26135339948628694,-0.29007710337524806,1.6564626773724274,2.3377988183579843,0.9838398720031643,0.5740365111561866
2022-07-01T00:00:00.000000,2022-07-01T00:00:00.000000,momentum_6m,top_n,None,equal,100000000,391844157.1245668,291844157.1245668,2.882107610425844,0.4049834034656683,0.2659286504806464,-0.3080984644735977,1.4394899605002172,1.8139835786609846,0.9443238114246519,0.5766497461928934
2022-07-01T00:00:00.000000,2022-07-01T00:00:00.000000,momentum_6m,top_n,None,alpha,100000000,391027871.33499837,291027871.33499837,2.8741608311868023,0.4042618661596378,0.2661187248963223,-0.3086901927501299,1.4366792416098706,1.8114667743263462,0.9477500247932856,0.5756345177664974
2022-07-01T00:00:00.000000,2022-07-01T00:00:00.000000,momentum_6m,top_n,None,alpha_volatility,100000000,395270425.6592835,295270425.6592835,2.9145125599053423,0.40791424216634753,0.26295652365204103,-0.3110398358052886,1.4609233877741528,1.8275382676984162,0.9530686712766442,0.5756345177664974
2022-07-01T00:00:00.000000,2022-07-01T00:00:00.000000,momentum_6m,top_n,None,inverse_volatility,100000000,396167825.6712136,296167825.6712136,2.923209095328049,0.4086976975874055,0.2628134623832288,-0.31075323432726687,1.4637399783034404,1.830498438811079,0.9535612449710634,0.5756345177664974
2022-07-01T00:00:00.000000,2022-07-01T00:00:00.000000,momentum_6m,correlation_filtered,None,equal,100000000,391844157.1245668,291844157.1245668,2.882107610425844,0.4049834034656683,0.2659286504806464,-0.3080984644735977,1.4394899605002172,1.8139835786609846,0.9443238114246519,0.5766497461928934
2022-07-01T00:00:00.000000,2022-07-01T00:00:00.000000,momentum_6m,correlation_filtered,None,alpha,100000000,391027871.33499837,291027871.33499837,2.8741608311868023,0.4042618661596378,0.2661187248963223,-0.3086901927501299,1.4366792416098706,1.8114667743263462,0.9477500247932856,0.5756345177664974
2022-07-01T00:00:00.000000,2022-07-01T00:00:00.000000,momentum_6m,correlation_filtered,None,alpha_volatility,100000000,395270425.6592835,295270425.6592835,2.9145125599053423,0.40791424216634753,0.26295652365204103,-0.3110398358052886,1.4609233877741528,1.8275382676984162,0.9530686712766442,0.5756345177664974
2022-07-01T00:00:00.000000,2022-07-01T00:00:00.000000,momentum_6m,correlation_filtered,None,inverse_volatility,100000000,396167825.6712136,296167825.6712136,2.923209095328049,0.4086976975874055,0.2628134623832288,-0.31075323432726687,1.4637399783034404,1.830498438811079,0.9535612449710634,0.5756345177664974
2022-07-01T00:00:00.000000,2022-07-01T00:00:00.000000,momentum_6m,correlation_filtered,0.7,equal,100000000,391844157.1245668,291844157.1245668,2.882107610425844,0.4049834034656683,0.2659286504806464,-0.3080984644735977,1.4394899605002172,1.8139835786609846,0.9443238114246519,0.5766497461928934
2022-07-01T00:00:00.000000,2022-07-01T00:00:00.000000,momentum_6m,correlation_filtered,0.7,alpha,100000000,391027871.33499837,291027871.33499837,2.8741608311868023,0.4042618661596378,0.2661187248963223,-0.3086901927501299,1.4366792416098706,1.8114667743263462,0.9477500247932856,0.5756345177664974
2022-07-01T00:00:00.000000,2022-07-01T00:00:00.000000,momentum_6m,correlation_filtered,0.7,alpha_volatility,100000000,395270425.6592835,295270425.6592835,2.9145125599053423,0.40791424216634753,0.26295652365204103,-0.3110398358052886,1.4609233877741528,1.8275382676984162,0.9530686712766442,0.5756345177664974
2022-07-01T00:00:00.000000,2022-07-01T00:00:00.000000,momentum_6m,correlation_filtered,0.7,inverse_volatility,100000000,396167825.6712136,296167825.6712136,2.923209095328049,0.4086976975874055,0.2628134623832288,-0.31075323432726687,1.4637399783034404,1.830498438811079,0.9535612449710634,0.5756345177664974
2022-07-01T00:00:00.000000,2022-07-01T00:00:00.000000,momentum_6m,correlation_filtered,0.75,equal,100000000,391844157.1245668,291844157.1245668,2.882107610425844,0.4049834034656683,0.2659286504806464,-0.3080984644735977,1.4394899605002172,1.8139835786609846,0.9443238114246519,0.5766497461928934
2022-07-01T00:00:00.000000,2022-07-01T00:00:00.000000,momentum_6m,correlation_filtered,0.75,alpha,100000000,391027871.33499837,291027871.33499837,2.8741608311868023,0.4042618661596378,0.2661187248963223,-0.3086901927501299,1.4366792416098706,1.8114667743263462,0.9477500247932856,0.5756345177664974
2022-07-01T00:00:00.000000,2022-07-01T00:00:00.000000,momentum_6m,correlation_filtered,0.75,alpha_volatility,100000000,395270425.6592835,295270425.6592835,2.9145125599053423,0.40791424216634753,0.26295652365204103,-0.3110398358052886,1.4609233877741528,1.8275382676984162,0.9530686712766442,0.5756345177664974
2022-07-01T00:00:00.000000,2022-07-01T00:00:00.000000,momentum_6m,correlation_filtered,0.75,inverse_volatility,100000000,396167825.6712136,296167825.6712136,2.923209095328049,0.4086976975874055,0.2628134623832288,-0.31075323432726687,1.4637399783034404,1.830498438811079,0.9535612449710634,0.5756345177664974
2022-07-01T00:00:00.000000,2022-07-01T00:00:00.000000,momentum_6m,correlation_filtered,0.8,equal,100000000,391844157.1245668,291844157.1245668,2.882107610425844,0.4049834034656683,0.2659286504806464,-0.3080984644735977,1.4394899605002172,1.8139835786609846,0.9443238114246519,0.5766497461928934
2022-07-01T00:00:00.000000,2022-07-01T00:00:00.000000,momentum_6m,correlation_filtered,0.8,alpha,100000000,391027871.33499837,291027871.33499837,2.8741608311868023,0.4042618661596378,0.2661187248963223,-0.3086901927501299,1.4366792416098706,1.8114667743263462,0.9477500247932856,0.5756345177664974
2022-07-01T00:00:00.000000,2022-07-01T00:00:00.000000,momentum_6m,correlation_filtered,0.8,alpha_volatility,100000000,395270425.6592835,295270425.6592835,2.9145125599053423,0.40791424216634753,0.26295652365204103,-0.3110398358052886,1.4609233877741528,1.8275382676984162,0.9530686712766442,0.5756345177664974
2022-07-01T00:00:00.000000,2022-07-01T00:00:00.000000,momentum_6m,correlation_filtered,0.8,inverse_volatility,100000000,396167825.6712136,296167825.6712136,2.923209095328049,0.4086976975874055,0.2628134623832288,-0.31075323432726687,1.4637399783034404,1.830498438811079,0.9535612449710634,0.5756345177664974
2022-07-01T00:00:00.000000,2022-07-01T00:00:00.000000,momentum_6m,correlation_filtered,0.85,equal,100000000,391844157.1245668,291844157.1245668,2.882107610425844,0.4049834034656683,0.2659286504806464,-0.3080984644735977,1.4394899605002172,1.8139835786609846,0.9443238114246519,0.5766497461928934
2022-07-01T00:00:00.000000,2022-07-01T00:00:00.000000,momentum_6m,correlation_filtered,0.85,alpha,100000000,391027871.33499837,291027871.33499837,2.8741608311868023,0.4042618661596378,0.2661187248963223,-0.3086901927501299,1.4366792416098706,1.8114667743263462,0.9477500247932856,0.5756345177664974
2022-07-01T00:00:00.000000,2022-07-01T00:00:00.000000,momentum_6m,correlation_filtered,0.85,alpha_volatility,100000000,395270425.6592835,295270425.6592835,2.9145125599053423,0.40791424216634753,0.26295652365204103,-0.3110398358052886,1.4609233877741528,1.8275382676984162,0.9530686712766442,0.5756345177664974
2022-07-01T00:00:00.000000,2022-07-01T00:00:00.000000,momentum_6m,correlation_filtered,0.85,inverse_volatility,100000000,396167825.6712136,296167825.6712136,2.923209095328049,0.4086976975874055,0.2628134623832288,-0.31075323432726687,1.4637399783034404,1.830498438811079,0.9535612449710634,0.5756345177664974
2022-07-01T00:00:00.000000,2022-07-01T00:00:00.000000,momentum_3m,top_n,None,equal,100000000,393149034.35897505,293149034.35897505,2.9260677429570143,0.40895494387859843,0.25989313776088474,-0.3098564780442632,1.4778964891996063,1.8892579859067766,0.924075401652667,0.582741116751269
2022-07-01T00:00:00.000000,2022-07-01T00:00:00.000000,momentum_3m,top_n,None,alpha,100000000,393223294.76454717,293223294.76454717,2.9271734452956206,0.4090544070718025,0.26026283463280697,-0.31008641611448007,1.4764423840448753,1.8880463264096077,0.9277485172806519,0.581725888324873
2022-07-01T00:00:00.000000,2022-07-01T00:00:00.000000,momentum_3m,top_n,None,alpha_volatility,100000000,383730878.4010237,283730878.4010237,2.8299195306115204,0.4002245239257305,0.2497747064749196,-0.305923546791954,1.5019912228579309,1.912739295928926,0.9473889683129464,0.5776649746192893
2022-07-01T00:00:00.000000,2022-07-01T00:00:00.000000,momentum_3m,top_n,None,inverse_volatility,100000000,383601856.2089889,283601856.2089889,2.8283178711252575,0.40007770672132237,0.24944838962919755,-0.30587237668006506,1.5032009839956526,1.9139471573382443,0.9475538112673701,0.5776649746192893
2022-07-01T00:00:00.000000,2022-07-01T00:00:00.000000,momentum_3m,correlation_filtered,None,equal,100000000,393149034.35897505,293149034.35897505,2.9260677429570143,0.40895494387859843,0.25989313776088474,-0.3098564780442632,1.4778964891996063,1.8892579859067766,0.924075401652667,0.582741116751269
2022-07-01T00:00:00.000000,2022-07-01T00:00:00.000000,momentum_3m,correlation_filtered,None,alpha,100000000,393223294.76454717,293223294.76454717,2.9271734452956206,0.4090544070718025,0.26026283463280697,-0.31008641611448007,1.4764423840448753,1.8880463264096077,0.9277485172806519,0.581725888324873
2022-07-01T00:00:00.000000,2022-07-01T00:00:00.000000,momentum_3m,correlation_filtered,None,alpha_volatility,100000000,383730878.4010237,283730878.4010237,2.8299195306115204,0.4002245239257305,0.2497747064749196,-0.305923546791954,1.5019912228579309,1.912739295928926,0.9473889683129464,0.5776649746192893
2022-07-01T00:00:00.000000,2022-07-01T00:00:00.000000,momentum_3m,correlation_filtered,None,inverse_volatility,100000000,383601856.2089889,283601856.2089889,2.8283178711252575,0.40007770672132237,0.24944838962919755,-0.30587237668006506,1.5032009839956526,1.9139471573382443,0.9475538112673701,0.5776649746192893
2022-07-01T00:00:00.000000,2022-07-01T00:00:00.000000,momentum_3m,correlation_filtered,0.7,equal,100000000,393149034.35897505,293149034.35897505,2.9260677429570143,0.40895494387859843,0.25989313776088474,-0.3098564780442632,1.4778964891996063,1.8892579859067766,0.924075401652667,0.582741116751269
2022-07-01T00:00:00.000000,2022-07-01T00:00:00.000000,momentum_3m,correlation_filtered,0.7,alpha,100000000,393223294.76454717,293223294.76454717,2.9271734452956206,0.4090544070718025,0.26026283463280697,-0.31008641611448007,1.4764423840448753,1.8880463264096077,0.9277485172806519,0.581725888324873
2022-07-01T00:00:00.000000,2022-07-01T00:00:00.000000,momentum_3m,correlation_filtered,0.7,alpha_volatility,100000000,383730878.4010237,283730878.4010237,2.8299195306115204,0.4002245239257305,0.2497747064749196,-0.305923546791954,1.5019912228579309,1.912739295928926,0.9473889683129464,0.5776649746192893
2022-07-01T00:00:00.000000,2022-07-01T00:00:00.000000,momentum_3m,correlation_filtered,0.7,inverse_volatility,100000000,383601856.2089889,283601856.2089889,2.8283178711252575,0.40007770672132237,0.24944838962919755,-0.30587237668006506,1.5032009839956526,1.9139471573382443,0.9475538112673701,0.5776649746192893
2022-07-01T00:00:00.000000,2022-07-01T00:00:00.000000,momentum_3m,correlation_filtered,0.75,equal,100000000,393149034.35897505,293149034.35897505,2.9260677429570143,0.40895494387859843,0.25989313776088474,-0.3098564780442632,1.4778964891996063,1.8892579859067766,0.924075401652667,0.582741116751269
2022-07-01T00:00:00.000000,2022-07-01T00:00:00.000000,momentum_3m,correlation_filtered,0.75,alpha,100000000,393223294.76454717,293223294.76454717,2.9271734452956206,0.4090544070718025,0.26026283463280697,-0.31008641611448007,1.4764423840448753,1.8880463264096077,0.9277485172806519,0.581725888324873
2022-07-01T00:00:00.000000,2022-07-01T00:00:00.000000,momentum_3m,correlation_filtered,0.75,alpha_volatility,100000000,383730878.4010237,283730878.4010237,2.8299195306115204,0.4002245239257305,0.2497747064749196,-0.305923546791954,1.5019912228579309,1.912739295928926,0.9473889683129464,0.5776649746192893
2022-07-01T00:00:00.000000,2022-07-01T00:00:00.000000,momentum_3m,correlation_filtered,0.75,inverse_volatility,100000000,383601856.2089889,283601856.2089889,2.8283178711252575,0.40007770672132237,0.24944838962919755,-0.30587237668006506,1.5032009839956526,1.9139471573382443,0.9475538112673701,0.5776649746192893
2022-07-01T00:00:00.000000,2022-07-01T00:00:00.000000,momentum_3m,correlation_filtered,0.8,equal,100000000,393149034.35897505,293149034.35897505,2.9260677429570143,0.40895494387859843,0.25989313776088474,-0.3098564780442632,1.4778964891996063,1.8892579859067766,0.924075401652667,0.582741116751269
2022-07-01T00:00:00.000000,2022-07-01T00:00:00.000000,momentum_3m,correlation_filtered,0.8,alpha,100000000,393223294.76454717,293223294.76454717,2.9271734452956206,0.4090544070718025,0.26026283463280697,-0.31008641611448007,1.4764423840448753,1.8880463264096077,0.9277485172806519,0.581725888324873
2022-07-01T00:00:00.000000,2022-07-01T00:00:00.000000,momentum_3m,correlation_filtered,0.8,alpha_volatility,100000000,383730878.4010237,283730878.4010237,2.8299195306115204,0.4002245239257305,0.2497747064749196,-0.305923546791954,1.5019912228579309,1.912739295928926,0.9473889683129464,0.5776649746192893
2022-07-01T00:00:00.000000,2022-07-01T00:00:00.000000,momentum_3m,correlation_filtered,0.8,inverse_volatility,100000000,383601856.2089889,283601856.2089889,2.8283178711252575,0.40007770672132237,0.24944838962919755,-0.30587237668006506,1.5032009839956526,1.9139471573382443,0.9475538112673701,0.5776649746192893
2022-07-01T00:00:00.000000,2022-07-01T00:00:00.000000,momentum_3m,correlation_filtered,0.85,equal,100000000,393149034.35897505,293149034.35897505,2.9260677429570143,0.40895494387859843,0.25989313776088474,-0.3098564780442632,1.4778964891996063,1.8892579859067766,0.924075401652667,0.582741116751269
2022-07-01T00:00:00.000000,2022-07-01T00:00:00.000000,momentum_3m,correlation_filtered,0.85,alpha,100000000,393223294.76454717,293223294.76454717,2.9271734452956206,0.4090544070718025,0.26026283463280697,-0.31008641611448007,1.4764423840448753,1.8880463264096077,0.9277485172806519,0.581725888324873
2022-07-01T00:00:00.000000,2022-07-01T00:00:00.000000,momentum_3m,correlation_filtered,0.85,alpha_volatility,100000000,383730878.4010237,283730878.4010237,2.8299195306115204,0.4002245239257305,0.2497747064749196,-0.305923546791954,1.5019912228579309,1.912739295928926,0.9473889683129464,0.5776649746192893
2022-07-01T00:00:00.000000,2022-07-01T00:00:00.000000,momentum_3m,correlation_filtered,0.85,inverse_volatility,100000000,383601856.2089889,283601856.2089889,2.8283178711252575,0.40007770672132237,0.24944838962919755,-0.30587237668006506,1.5032009839956526,1.9139471573382443,0.9475538112673701,0.5776649746192893
2022-07-01T00:00:00.000000,2022-07-01T00:00:00.000000,multi_horizon_momentum,top_n,None,equal,100000000,379057039.6201253,279057039.6201253,2.794177493183597,0.39693720286198575,0.2788744617797142,-0.30931344962687635,1.364507951159791,1.7261107070410207,0.8702148751939922,0.5928934010152285
2022-07-01T00:00:00.000000,2022-07-01T00:00:00.000000,multi_horizon_momentum,top_n,None,alpha,100000000,379068052.3770664,279068052.3770664,2.7941570387232444,0.3969353149627264,0.27918810763615176,-0.3101565918762881,1.3632709127244458,1.727413690934079,0.8810983974330813,0.5898477157360406
2022-07-01T00:00:00.000000,2022-07-01T00:00:00.000000,multi_horizon_momentum,top_n,None,alpha_volatility,100000000,379629398.9614154,279629398.9614154,2.7939818516084927,0.39691914528589023,0.2763370531523598,-0.3170599308875527,1.3745036076326338,1.727811811899858,0.9059693219646062,0.583756345177665
2022-07-01T00:00:00.000000,2022-07-01T00:00:00.000000,multi_horizon_momentum,top_n,None,inverse_volatility,100000000,379744344.5957293,279744344.5957293,2.7952179620637017,0.39703322566799826,0.2760276803695467,-0.3164550313525448,1.3760507761233618,1.726784081210138,0.9024018921894393,0.584771573604061
2022-07-01T00:00:00.000000,2022-07-01T00:00:00.000000,multi_horizon_momentum,correlation_filtered,None,equal,100000000,379057039.6201253,279057039.6201253,2.794177493183597,0.39693720286198575,0.2788744617797142,-0.30931344962687635,1.364507951159791,1.7261107070410207,0.8702148751939922,0.5928934010152285
2022-07-01T00:00:00.000000,2022-07-01T00:00:00.000000,multi_horizon_momentum,correlation_filtered,None,alpha,100000000,379068052.3770664,279068052.3770664,2.7941570387232444,0.3969353149627264,0.27918810763615176,-0.3101565918762881,1.3632709127244458,1.727413690934079,0.8810983974330813,0.5898477157360406
2022-07-01T00:00:00.000000,2022-07-01T00:00:00.000000,multi_horizon_momentum,correlation_filtered,None,alpha_volatility,100000000,379629398.9614154,279629398.9614154,2.7939818516084927,0.39691914528589023,0.2763370531523598,-0.3170599308875527,1.3745036076326338,1.727811811899858,0.9059693219646062,0.583756345177665
2022-07-01T00:00:00.000000,2022-07-01T00:00:00.000000,multi_horizon_momentum,correlation_filtered,None,inverse_volatility,100000000,379744344.5957293,279744344.5957293,2.7952179620637017,0.39703322566799826,0.2760276803695467,-0.3164550313525448,1.3760507761233618,1.726784081210138,0.9024018921894393,0.584771573604061
2022-07-01T00:00:00.000000,2022-07-01T00:00:00.000000,multi_horizon_momentum,correlation_filtered,0.7,equal,100000000,379057039.6201253,279057039.6201253,2.794177493183597,0.39693720286198575,0.2788744617797142,-0.30931344962687635,1.364507951159791,1.7261107070410207,0.8702148751939922,0.5928934010152285
2022-07-01T00:00:00.000000,2022-07-01T00:00:00.000000,multi_horizon_momentum,correlation_filtered,0.7,alpha,100000000,379068052.3770664,279068052.3770664,2.7941570387232444,0.3969353149627264,0.27918810763615176,-0.3101565918762881,1.3632709127244458,1.727413690934079,0.8810983974330813,0.5898477157360406
2022-07-01T00:00:00.000000,2022-07-01T00:00:00.000000,multi_horizon_momentum,correlation_filtered,0.7,alpha_volatility,100000000,379629398.9614154,279629398.9614154,2.7939818516084927,0.39691914528589023,0.2763370531523598,-0.3170599308875527,1.3745036076326338,1.727811811899858,0.9059693219646062,0.583756345177665
2022-07-01T00:00:00.000000,2022-07-01T00:00:00.000000,multi_horizon_momentum,correlation_filtered,0.7,inverse_volatility,100000000,379744344.5957293,279744344.5957293,2.7952179620637017,0.39703322566799826,0.2760276803695467,-0.3164550313525448,1.3760507761233618,1.726784081210138,0.9024018921894393,0.584771573604061
2022-07-01T00:00:00.000000,2022-07-01T00:00:00.000000,multi_horizon_momentum,correlation_filtered,0.75,equal,100000000,379057039.6201253,279057039.6201253,2.794177493183597,0.39693720286198575,0.2788744617797142,-0.30931344962687635,1.364507951159791,1.7261107070410207,0.8702148751939922,0.5928934010152285
2022-07-01T00:00:00.000000,2022-07-01T00:00:00.000000,multi_horizon_momentum,correlation_filtered,0.75,alpha,100000000,379068052.3770664,279068052.3770664,2.7941570387232444,0.3969353149627264,0.27918810763615176,-0.3101565918762881,1.3632709127244458,1.727413690934079,0.8810983974330813,0.5898477157360406
2022-07-01T00:00:00.000000,2022-07-01T00:00:00.000000,multi_horizon_momentum,correlation_filtered,0.75,alpha_volatility,100000000,379629398.9614154,279629398.9614154,2.7939818516084927,0.39691914528589023,0.2763370531523598,-0.3170599308875527,1.3745036076326338,1.727811811899858,0.9059693219646062,0.583756345177665
2022-07-01T00:00:00.000000,2022-07-01T00:00:00.000000,multi_horizon_momentum,correlation_filtered,0.75,inverse_volatility,100000000,379744344.5957293,279744344.5957293,2.7952179620637017,0.39703322566799826,0.2760276803695467,-0.3164550313525448,1.3760507761233618,1.726784081210138,0.9024018921894393,0.584771573604061
2022-07-01T00:00:00.000000,2022-07-01T00:00:00.000000,multi_horizon_momentum,correlation_filtered,0.8,equal,100000000,379057039.6201253,279057039.6201253,2.794177493183597,0.39693720286198575,0.2788744617797142,-0.30931344962687635,1.364507951159791,1.7261107070410207,0.8702148751939922,0.5928934010152285
2022-07-01T00:00:00.000000,2022-07-01T00:00:00.000000,multi_horizon_momentum,correlation_filtered,0.8,alpha,100000000,379068052.3770664,279068052.3770664,2.7941570387232444,0.3969353149627264,0.27918810763615176,-0.3101565918762881,1.3632709127244458,1.727413690934079,0.8810983974330813,0.5898477157360406
2022-07-01T00:00:00.000000,2022-07-01T00:00:00.000000,multi_horizon_momentum,correlation_filtered,0.8,alpha_volatility,100000000,379629398.9614154,279629398.9614154,2.7939818516084927,0.39691914528589023,0.2763370531523598,-0.3170599308875527,1.3745036076326338,1.727811811899858,0.9059693219646062,0.583756345177665
2022-07-01T00:00:00.000000,2022-07-01T00:00:00.000000,multi_horizon_momentum,correlation_filtered,0.8,inverse_volatility,100000000,379744344.5957293,279744344.5957293,2.7952179620637017,0.39703322566799826,0.2760276803695467,-0.3164550313525448,1.3760507761233618,1.726784081210138,0.9024018921894393,0.584771573604061
2022-07-01T00:00:00.000000,2022-07-01T00:00:00.000000,multi_horizon_momentum,correlation_filtered,0.85,equal,100000000,379057039.6201253,279057039.6201253,2.794177493183597,0.39693720286198575,0.2788744617797142,-0.30931344962687635,1.364507951159791,1.7261107070410207,0.8702148751939922,0.5928934010152285
2022-07-01T00:00:00.000000,2022-07-01T00:00:00.000000,multi_horizon_momentum,correlation_filtered,0.85,alpha,100000000,379068052.3770664,279068052.3770664,2.7941570387232444,0.3969353149627264,0.27918810763615176,-0.3101565918762881,1.3632709127244458,1.727413690934079,0.8810983974330813,0.5898477157360406
2022-07-01T00:00:00.000000,2022-07-01T00:00:00.000000,multi_horizon_momentum,correlation_filtered,0.85,alpha_volatility,100000000,379629398.9614154,279629398.9614154,2.7939818516084927,0.39691914528589023,0.2763370531523598,-0.3170599308875527,1.3745036076326338,1.727811811899858,0.9059693219646062,0.583756345177665
2022-07-01T00:00:00.000000,2022-07-01T00:00:00.000000,multi_horizon_momentum,correlation_filtered,0.85,inverse_volatility,100000000,379744344.5957293,279744344.5957293,2.7952179620637017,0.39703322566799826,0.2760276803695467,-0.3164550313525448,1.3760507761233618,1.726784081210138,0.9024018921894393,0.584771573604061
2022-07-01T00:00:00.000000,2022-07-01T00:00:00.000000,relative_strength,top_n,None,equal,100000000,351464278.2631339,251464278.26313388,2.494547292510058,0.3684240001460364,0.27415441680278513,-0.33887457392417686,1.3050292949740248,1.6734858372646648,0.9242667295237748,0.5760649087221096
2022-07-01T00:00:00.000000,2022-07-01T00:00:00.000000,relative_strength,top_n,None,alpha,100000000,351024305.7867144,251024305.78671438,2.4902371635201512,0.36800069701117843,0.2741483630982062,-0.3386406730710795,1.3038968466217105,1.6724772378024408,0.9240733515143292,0.5760649087221096
2022-07-01T00:00:00.000000,2022-07-01T00:00:00.000000,relative_strength,top_n,None,alpha_volatility,100000000,348274500.2602322,248274500.2602322,2.4613424566010655,0.3651527505271104,0.26872470439707175,-0.3370105164584051,1.3168632961448108,1.6814432614026285,0.9344548956063493,0.5740365111561866
2022-07-01T00:00:00.000000,2022-07-01T00:00:00.000000,relative_strength,top_n,None,inverse_volatility,100000000,348767974.03345,248767974.03345,2.466159051726833,0.36562872230101884,0.26874043915941775,-0.33749143545719185,1.3181305874539349,1.6832769843453375,0.9463518601492439,0.5709939148073022
2022-07-01T00:00:00.000000,2022-07-01T00:00:00.000000,relative_strength,correlation_filtered,None,equal,100000000,351464278.2631339,251464278.26313388,2.494547292510058,0.3684240001460364,0.27415441680278513,-0.33887457392417686,1.3050292949740248,1.6734858372646648,0.9242667295237748,0.5760649087221096
2022-07-01T00:00:00.000000,2022-07-01T00:00:00.000000,relative_strength,correlation_filtered,None,alpha,100000000,351024305.7867144,251024305.78671438,2.4902371635201512,0.36800069701117843,0.2741483630982062,-0.3386406730710795,1.3038968466217105,1.6724772378024408,0.9240733515143292,0.5760649087221096
2022-07-01T00:00:00.000000,2022-07-01T00:00:00.000000,relative_strength,correlation_filtered,None,alpha_volatility,100000000,348274500.2602322,248274500.2602322,2.4613424566010655,0.3651527505271104,0.26872470439707175,-0.3370105164584051,1.3168632961448108,1.6814432614026285,0.9344548956063493,0.5740365111561866
2022-07-01T00:00:00.000000,2022-07-01T00:00:00.000000,relative_strength,correlation_filtered,None,inverse_volatility,100000000,348767974.03345,248767974.03345,2.466159051726833,0.36562872230101884,0.26874043915941775,-0.33749143545719185,1.3181305874539349,1.6832769843453375,0.9463518601492439,0.5709939148073022
2022-07-01T00:00:00.000000,2022-07-01T00:00:00.000000,relative_strength,correlation_filtered,0.7,equal,100000000,351464278.2631339,251464278.26313388,2.494547292510058,0.3684240001460364,0.27415441680278513,-0.33887457392417686,1.3050292949740248,1.6734858372646648,0.9242667295237748,0.5760649087221096
2022-07-01T00:00:00.000000,2022-07-01T00:00:00.000000,relative_strength,correlation_filtered,0.7,alpha,100000000,351024305.7867144,251024305.78671438,2.4902371635201512,0.36800069701117843,0.2741483630982062,-0.3386406730710795,1.3038968466217105,1.6724772378024408,0.9240733515143292,0.5760649087221096
2022-07-01T00:00:00.000000,2022-07-01T00:00:00.000000,relative_strength,correlation_filtered,0.7,alpha_volatility,100000000,348274500.2602322,248274500.2602322,2.4613424566010655,0.3651527505271104,0.26872470439707175,-0.3370105164584051,1.3168632961448108,1.6814432614026285,0.9344548956063493,0.5740365111561866
2022-07-01T00:00:00.000000,2022-07-01T00:00:00.000000,relative_strength,correlation_filtered,0.7,inverse_volatility,100000000,348767974.03345,248767974.03345,2.466159051726833,0.36562872230101884,0.26874043915941775,-0.33749143545719185,1.3181305874539349,1.6832769843453375,0.9463518601492439,0.5709939148073022
2022-07-01T00:00:00.000000,2022-07-01T00:00:00.000000,relative_strength,correlation_filtered,0.75,equal,100000000,351464278.2631339,251464278.26313388,2.494547292510058,0.3684240001460364,0.27415441680278513,-0.33887457392417686,1.3050292949740248,1.6734858372646648,0.9242667295237748,0.5760649087221096
2022-07-01T00:00:00.000000,2022-07-01T00:00:00.000000,relative_strength,correlation_filtered,0.75,alpha,100000000,351024305.7867144,251024305.78671438,2.4902371635201512,0.36800069701117843,0.2741483630982062,-0.3386406730710795,1.3038968466217105,1.6724772378024408,0.9240733515143292,0.5760649087221096
2022-07-01T00:00:00.000000,2022-07-01T00:00:00.000000,relative_strength,correlation_filtered,0.75,alpha_volatility,100000000,348274500.2602322,248274500.2602322,2.4613424566010655,0.3651527505271104,0.26872470439707175,-0.3370105164584051,1.3168632961448108,1.6814432614026285,0.9344548956063493,0.5740365111561866
2022-07-01T00:00:00.000000,2022-07-01T00:00:00.000000,relative_strength,correlation_filtered,0.75,inverse_volatility,100000000,348767974.03345,248767974.03345,2.466159051726833,0.36562872230101884,0.26874043915941775,-0.33749143545719185,1.3181305874539349,1.6832769843453375,0.9463518601492439,0.5709939148073022
2022-07-01T00:00:00.000000,2022-07-01T00:00:00.000000,relative_strength,correlation_filtered,0.8,equal,100000000,351464278.2631339,251464278.26313388,2.494547292510058,0.3684240001460364,0.27415441680278513,-0.33887457392417686,1.3050292949740248,1.6734858372646648,0.9242667295237748,0.5760649087221096
2022-07-01T00:00:00.000000,2022-07-01T00:00:00.000000,relative_strength,correlation_filtered,0.8,alpha,100000000,351024305.7867144,251024305.78671438,2.4902371635201512,0.36800069701117843,0.2741483630982062,-0.3386406730710795,1.3038968466217105,1.6724772378024408,0.9240733515143292,0.5760649087221096
2022-07-01T00:00:00.000000,2022-07-01T00:00:00.000000,relative_strength,correlation_filtered,0.8,alpha_volatility,100000000,348274500.2602322,248274500.2602322,2.4613424566010655,0.3651527505271104,0.26872470439707175,-0.3370105164584051,1.3168632961448108,1.6814432614026285,0.9344548956063493,0.5740365111561866
2022-07-01T00:00:00.000000,2022-07-01T00:00:00.000000,relative_strength,correlation_filtered,0.8,inverse_volatility,100000000,348767974.03345,248767974.03345,2.466159051726833,0.36562872230101884,0.26874043915941775,-0.33749143545719185,1.3181305874539349,1.6832769843453375,0.9463518601492439,0.5709939148073022
2022-07-01T00:00:00.000000,2022-07-01T00:00:00.000000,relative_strength,correlation_filtered,0.85,equal,100000000,351464278.2631339,251464278.26313388,2.494547292510058,0.3684240001460364,0.27415441680278513,-0.33887457392417686,1.3050292949740248,1.6734858372646648,0.9242667295237748,0.5760649087221096
2022-07-01T00:00:00.000000,2022-07-01T00:00:00.000000,relative_strength,correlation_filtered,0.85,alpha,100000000,351024305.7867144,251024305.78671438,2.4902371635201512,0.36800069701117843,0.2741483630982062,-0.3386406730710795,1.3038968466217105,1.6724772378024408,0.9240733515143292,0.5760649087221096
2022-07-01T00:00:00.000000,2022-07-01T00:00:00.000000,relative_strength,correlation_filtered,0.85,alpha_volatility,100000000,348274500.2602322,248274500.2602322,2.4613424566010655,0.3651527505271104,0.26872470439707175,-0.3370105164584051,1.3168632961448108,1.6814432614026285,0.9344548956063493,0.5740365111561866
2022-07-01T00:00:00.000000,2022-07-01T00:00:00.000000,relative_strength,correlation_filtered,0.85,inverse_volatility,100000000,348767974.03345,248767974.03345,2.466159051726833,0.36562872230101884,0.26874043915941775,-0.33749143545719185,1.3181305874539349,1.6832769843453375,0.9463518601492439,0.5709939148073022
2022-07-01T00:00:00.000000,2022-07-01T00:00:00.000000,trend_strength,top_n,None,equal,100000000,282827541.66227484,182827541.66227484,1.8163668880886181,0.29637589749789384,0.2435042460673441,-0.379874349241735,1.2108770050207953,1.5409628960961348,0.874991773131913,0.584771573604061
2022-07-01T00:00:00.000000,2022-07-01T00:00:00.000000,trend_strength,top_n,None,alpha,100000000,283015625.2178275,183015625.2178275,1.8183461078077947,0.29660422177201684,0.24382179484817307,-0.3796591142869008,1.2103550210496679,1.541085982826581,0.8749361596450241,0.584771573604061
2022-07-01T00:00:00.000000,2022-07-01T00:00:00.000000,trend_strength,top_n,None,alpha_volatility,100000000,300188282.8654707,200188282.8654707,1.9855904083067601,0.31547800135547455,0.2372733240778074,-0.37966300882204396,1.299334974758672,1.652676683342504,0.9257432148040949,0.5746192893401015
2022-07-01T00:00:00.000000,2022-07-01T00:00:00.000000,trend_strength,top_n,None,inverse_volatility,100000000,300128250.64590377,200128250.64590377,1.9849140053702303,0.31540328315792787,0.23703550084304323,-0.37991423310502215,1.3001537225031097,1.654043711006194,0.9296700599237933,0.5736040609137056
2022-07-01T00:00:00.000000,2022-07-01T00:00:00.000000,trend_strength,correlation_filtered,None,equal,100000000,282827541.66227484,182827541.66227484,1.8163668880886181,0.29637589749789384,0.2435042460673441,-0.379874349241735,1.2108770050207953,1.5409628960961348,0.874991773131913,0.584771573604061
2022-07-01T00:00:00.000000,2022-07-01T00:00:00.000000,trend_strength,correlation_filtered,None,alpha,100000000,283015625.2178275,183015625.2178275,1.8183461078077947,0.29660422177201684,0.24382179484817307,-0.3796591142869008,1.2103550210496679,1.541085982826581,0.8749361596450241,0.584771573604061
2022-07-01T00:00:00.000000,2022-07-01T00:00:00.000000,trend_strength,correlation_filtered,None,alpha_volatility,100000000,300188282.8654707,200188282.8654707,1.9855904083067601,0.31547800135547455,0.2372733240778074,-0.37966300882204396,1.299334974758672,1.652676683342504,0.9257432148040949,0.5746192893401015
2022-07-01T00:00:00.000000,2022-07-01T00:00:00.000000,trend_strength,correlation_filtered,None,inverse_volatility,100000000,300128250.64590377,200128250.64590377,1.9849140053702303,0.31540328315792787,0.23703550084304323,-0.37991423310502215,1.3001537225031097,1.654043711006194,0.9296700599237933,0.5736040609137056
2022-07-01T00:00:00.000000,2022-07-01T00:00:00.000000,trend_strength,correlation_filtered,0.7,equal,100000000,282827541.66227484,182827541.66227484,1.8163668880886181,0.29637589749789384,0.2435042460673441,-0.379874349241735,1.2108770050207953,1.5409628960961348,0.874991773131913,0.584771573604061
2022-07-01T00:00:00.000000,2022-07-01T00:00:00.000000,trend_strength,correlation_filtered,0.7,alpha,100000000,283015625.2178275,183015625.2178275,1.8183461078077947,0.29660422177201684,0.24382179484817307,-0.3796591142869008,1.2103550210496679,1.541085982826581,0.8749361596450241,0.584771573604061
2022-07-01T00:00:00.000000,2022-07-01T00:00:00.000000,trend_strength,correlation_filtered,0.7,alpha_volatility,100000000,300188282.8654707,200188282.8654707,1.9855904083067601,0.31547800135547455,0.2372733240778074,-0.37966300882204396,1.299334974758672,1.652676683342504,0.9257432148040949,0.5746192893401015
2022-07-01T00:00:00.000000,2022-07-01T00:00:00.000000,trend_strength,correlation_filtered,0.7,inverse_volatility,100000000,300128250.64590377,200128250.64590377,1.9849140053702303,0.31540328315792787,0.23703550084304323,-0.37991423310502215,1.3001537225031097,1.654043711006194,0.9296700599237933,0.5736040609137056
2022-07-01T00:00:00.000000,2022-07-01T00:00:00.000000,trend_strength,correlation_filtered,0.75,equal,100000000,282827541.66227484,182827541.66227484,1.8163668880886181,0.29637589749789384,0.2435042460673441,-0.379874349241735,1.2108770050207953,1.5409628960961348,0.874991773131913,0.584771573604061
2022-07-01T00:00:00.000000,2022-07-01T00:00:00.000000,trend_strength,correlation_filtered,0.75,alpha,100000000,283015625.2178275,183015625.2178275,1.8183461078077947,0.29660422177201684,0.24382179484817307,-0.3796591142869008,1.2103550210496679,1.541085982826581,0.8749361596450241,0.584771573604061
2022-07-01T00:00:00.000000,2022-07-01T00:00:00.000000,trend_strength,correlation_filtered,0.75,alpha_volatility,100000000,300188282.8654707,200188282.8654707,1.9855904083067601,0.31547800135547455,0.2372733240778074,-0.37966300882204396,1.299334974758672,1.652676683342504,0.9257432148040949,0.5746192893401015
2022-07-01T00:00:00.000000,2022-07-01T00:00:00.000000,trend_strength,correlation_filtered,0.75,inverse_volatility,100000000,300128250.64590377,200128250.64590377,1.9849140053702303,0.31540328315792787,0.23703550084304323,-0.37991423310502215,1.3001537225031097,1.654043711006194,0.9296700599237933,0.5736040609137056
2022-07-01T00:00:00.000000,2022-07-01T00:00:00.000000,trend_strength,correlation_filtered,0.8,equal,100000000,282827541.66227484,182827541.66227484,1.8163668880886181,0.29637589749789384,0.2435042460673441,-0.379874349241735,1.2108770050207953,1.5409628960961348,0.874991773131913,0.584771573604061
2022-07-01T00:00:00.000000,2022-07-01T00:00:00.000000,trend_strength,correlation_filtered,0.8,alpha,100000000,283015625.2178275,183015625.2178275,1.8183461078077947,0.29660422177201684,0.24382179484817307,-0.3796591142869008,1.2103550210496679,1.541085982826581,0.8749361596450241,0.584771573604061
2022-07-01T00:00:00.000000,2022-07-01T00:00:00.000000,trend_strength,correlation_filtered,0.8,alpha_volatility,100000000,300188282.8654707,200188282.8654707,1.9855904083067601,0.31547800135547455,0.2372733240778074,-0.37966300882204396,1.299334974758672,1.652676683342504,0.9257432148040949,0.5746192893401015
2022-07-01T00:00:00.000000,2022-07-01T00:00:00.000000,trend_strength,correlation_filtered,0.8,inverse_volatility,100000000,300128250.64590377,200128250.64590377,1.9849140053702303,0.31540328315792787,0.23703550084304323,-0.37991423310502215,1.3001537225031097,1.654043711006194,0.9296700599237933,0.5736040609137056
2022-07-01T00:00:00.000000,2022-07-01T00:00:00.000000,trend_strength,correlation_filtered,0.85,equal,100000000,282827541.66227484,182827541.66227484,1.8163668880886181,0.29637589749789384,0.2435042460673441,-0.379874349241735,1.2108770050207953,1.5409628960961348,0.874991773131913,0.584771573604061
2022-07-01T00:00:00.000000,2022-07-01T00:00:00.000000,trend_strength,correlation_filtered,0.85,alpha,100000000,283015625.2178275,183015625.2178275,1.8183461078077947,0.29660422177201684,0.24382179484817307,-0.3796591142869008,1.2103550210496679,1.541085982826581,0.8749361596450241,0.584771573604061
2022-07-01T00:00:00.000000,2022-07-01T00:00:00.000000,trend_strength,correlation_filtered,0.85,alpha_volatility,100000000,300188282.8654707,200188282.8654707,1.9855904083067601,0.31547800135547455,0.2372733240778074,-0.37966300882204396,1.299334974758672,1.652676683342504,0.9257432148040949,0.5746192893401015
2022-07-01T00:00:00.000000,2022-07-01T00:00:00.000000,trend_strength,correlation_filtered,0.85,inverse_volatility,100000000,300128250.64590377,200128250.64590377,1.9849140053702303,0.31540328315792787,0.23703550084304323,-0.37991423310502215,1.3001537225031097,1.654043711006194,0.9296700599237933,0.5736040609137056
2022-07-01T00:00:00.000000,2022-07-01T00:00:00.000000,high_52w,top_n,None,equal,100000000,259635820.74434268,159635820.74434268,1.582624678028591,0.2685223955856666,0.17505206587602512,-0.21879422053739672,1.4734001272159942,2.118987164259113,1.0055028181949544,0.5598377281947262
2022-07-01T00:00:00.000000,2022-07-01T00:00:00.000000,high_52w,top_n,None,alpha,100000000,259845844.37646055,159845844.37646055,1.5847760967943265,0.2687872193581997,0.17504522541171205,-0.21872799170098722,1.4746668171116433,2.121460883552117,1.0098203733814082,0.5588235294117647
2022-07-01T00:00:00.000000,2022-07-01T00:00:00.000000,high_52w,top_n,None,alpha_volatility,100000000,256035684.3456187,156035684.3456187,1.5433882857778767,0.26366343291045635,0.1721432462644592,-0.22129336199319227,1.4726205820555047,2.1169906951815514,1.0009995593413015,0.5608519269776876
2022-07-01T00:00:00.000000,2022-07-01T00:00:00.000000,high_52w,top_n,None,inverse_volatility,100000000,255907239.89368045,155907239.89368045,1.5420509420740882,0.26349683174497707,0.1721799585747653,-0.22139080685340673,1.471562975844823,2.11422786231717,1.0008759769897997,0.5608519269776876
2022-07-01T00:00:00.000000,2022-07-01T00:00:00.000000,high_52w,correlation_filtered,None,equal,100000000,259635820.74434268,159635820.74434268,1.582624678028591,0.2685223955856666,0.17505206587602512,-0.21879422053739672,1.4734001272159942,2.118987164259113,1.0055028181949544,0.5598377281947262
2022-07-01T00:00:00.000000,2022-07-01T00:00:00.000000,high_52w,correlation_filtered,None,alpha,100000000,259845844.37646055,159845844.37646055,1.5847760967943265,0.2687872193581997,0.17504522541171205,-0.21872799170098722,1.4746668171116433,2.121460883552117,1.0098203733814082,0.5588235294117647
2022-07-01T00:00:00.000000,2022-07-01T00:00:00.000000,high_52w,correlation_filtered,None,alpha_volatility,100000000,256035684.3456187,156035684.3456187,1.5433882857778767,0.26366343291045635,0.1721432462644592,-0.22129336199319227,1.4726205820555047,2.1169906951815514,1.0009995593413015,0.5608519269776876
2022-07-01T00:00:00.000000,2022-07-01T00:00:00.000000,high_52w,correlation_filtered,None,inverse_volatility,100000000,255907239.89368045,155907239.89368045,1.5420509420740882,0.26349683174497707,0.1721799585747653,-0.22139080685340673,1.471562975844823,2.11422786231717,1.0008759769897997,0.5608519269776876
2022-07-01T00:00:00.000000,2022-07-01T00:00:00.000000,high_52w,correlation_filtered,0.7,equal,100000000,259635820.74434268,159635820.74434268,1.582624678028591,0.2685223955856666,0.17505206587602512,-0.21879422053739672,1.4734001272159942,2.118987164259113,1.0055028181949544,0.5598377281947262
2022-07-01T00:00:00.000000,2022-07-01T00:00:00.000000,high_52w,correlation_filtered,0.7,alpha,100000000,259845844.37646055,159845844.37646055,1.5847760967943265,0.2687872193581997,0.17504522541171205,-0.21872799170098722,1.4746668171116433,2.121460883552117,1.0098203733814082,0.5588235294117647
2022-07-01T00:00:00.000000,2022-07-01T00:00:00.000000,high_52w,correlation_filtered,0.7,alpha_volatility,100000000,256035684.3456187,156035684.3456187,1.5433882857778767,0.26366343291045635,0.1721432462644592,-0.22129336199319227,1.4726205820555047,2.1169906951815514,1.0009995593413015,0.5608519269776876
2022-07-01T00:00:00.000000,2022-07-01T00:00:00.000000,high_52w,correlation_filtered,0.7,inverse_volatility,100000000,255907239.89368045,155907239.89368045,1.5420509420740882,0.26349683174497707,0.1721799585747653,-0.22139080685340673,1.471562975844823,2.11422786231717,1.0008759769897997,0.5608519269776876
2022-07-01T00:00:00.000000,2022-07-01T00:00:00.000000,high_52w,correlation_filtered,0.75,equal,100000000,259635820.74434268,159635820.74434268,1.582624678028591,0.2685223955856666,0.17505206587602512,-0.21879422053739672,1.4734001272159942,2.118987164259113,1.0055028181949544,0.5598377281947262
2022-07-01T00:00:00.000000,2022-07-01T00:00:00.000000,high_52w,correlation_filtered,0.75,alpha,100000000,259845844.37646055,159845844.37646055,1.5847760967943265,0.2687872193581997,0.17504522541171205,-0.21872799170098722,1.4746668171116433,2.121460883552117,1.0098203733814082,0.5588235294117647
2022-07-01T00:00:00.000000,2022-07-01T00:00:00.000000,high_52w,correlation_filtered,0.75,alpha_volatility,100000000,256035684.3456187,156035684.3456187,1.5433882857778767,0.26366343291045635,0.1721432462644592,-0.22129336199319227,1.4726205820555047,2.1169906951815514,1.0009995593413015,0.5608519269776876
2022-07-01T00:00:00.000000,2022-07-01T00:00:00.000000,high_52w,correlation_filtered,0.75,inverse_volatility,100000000,255907239.89368045,155907239.89368045,1.5420509420740882,0.26349683174497707,0.1721799585747653,-0.22139080685340673,1.471562975844823,2.11422786231717,1.0008759769897997,0.5608519269776876
2022-07-01T00:00:00.000000,2022-07-01T00:00:00.000000,high_52w,correlation_filtered,0.8,equal,100000000,259635820.74434268,159635820.74434268,1.582624678028591,0.2685223955856666,0.17505206587602512,-0.21879422053739672,1.4734001272159942,2.118987164259113,1.0055028181949544,0.5598377281947262
2022-07-01T00:00:00.000000,2022-07-01T00:00:00.000000,high_52w,correlation_filtered,0.8,alpha,100000000,259845844.37646055,159845844.37646055,1.5847760967943265,0.2687872193581997,0.17504522541171205,-0.21872799170098722,1.4746668171116433,2.121460883552117,1.0098203733814082,0.5588235294117647
2022-07-01T00:00:00.000000,2022-07-01T00:00:00.000000,high_52w,correlation_filtered,0.8,alpha_volatility,100000000,256035684.3456187,156035684.3456187,1.5433882857778767,0.26366343291045635,0.1721432462644592,-0.22129336199319227,1.4726205820555047,2.1169906951815514,1.0009995593413015,0.5608519269776876
2022-07-01T00:00:00.000000,2022-07-01T00:00:00.000000,high_52w,correlation_filtered,0.8,inverse_volatility,100000000,255907239.89368045,155907239.89368045,1.5420509420740882,0.26349683174497707,0.1721799585747653,-0.22139080685340673,1.471562975844823,2.11422786231717,1.0008759769897997,0.5608519269776876
2022-07-01T00:00:00.000000,2022-07-01T00:00:00.000000,high_52w,correlation_filtered,0.85,equal,100000000,259635820.74434268,159635820.74434268,1.582624678028591,0.2685223955856666,0.17505206587602512,-0.21879422053739672,1.4734001272159942,2.118987164259113,1.0055028181949544,0.5598377281947262
2022-07-01T00:00:00.000000,2022-07-01T00:00:00.000000,high_52w,correlation_filtered,0.85,alpha,100000000,259845844.37646055,159845844.37646055,1.5847760967943265,0.2687872193581997,0.17504522541171205,-0.21872799170098722,1.4746668171116433,2.121460883552117,1.0098203733814082,0.5588235294117647
2022-07-01T00:00:00.000000,2022-07-01T00:00:00.000000,high_52w,correlation_filtered,0.85,alpha_volatility,100000000,256035684.3456187,156035684.3456187,1.5433882857778767,0.26366343291045635,0.1721432462644592,-0.22129336199319227,1.4726205820555047,2.1169906951815514,1.0009995593413015,0.5608519269776876
2022-07-01T00:00:00.000000,2022-07-01T00:00:00.000000,high_52w,correlation_filtered,0.85,inverse_volatility,100000000,255907239.89368045,155907239.89368045,1.5420509420740882,0.26349683174497707,0.1721799585747653,-0.22139080685340673,1.471562975844823,2.11422786231717,1.0008759769897997,0.5608519269776876
2022-07-01T00:00:00.000000,2022-07-01T00:00:00.000000,breakout,top_n,None,equal,100000000,336178999.45442057,236178999.45442057,2.352313978084002,0.354243432119989,0.23088721192969724,-0.24566763783692958,1.4553557108431678,1.9792849708279958,0.9068439966013357,0.5862068965517241
2022-07-01T00:00:00.000000,2022-07-01T00:00:00.000000,breakout,top_n,None,alpha,100000000,335631757.7220607,235631757.72206068,2.3468753730368768,0.35369232707371046,0.2299079922994189,-0.2450291936049307,1.4587617860553879,1.9864416214974736,0.8996569215923776,0.5882352941176471
2022-07-01T00:00:00.000000,2022-07-01T00:00:00.000000,breakout,top_n,None,alpha_volatility,100000000,300663011.6716152,200663011.67161518,1.9964418210562287,0.3166749617416149,0.20304273617513727,-0.22263269784184325,1.4836614796587382,2.057088488719991,0.9195271535578771,0.5831643002028397
2022-07-01T00:00:00.000000,2022-07-01T00:00:00.000000,breakout,top_n,None,inverse_volatility,100000000,301105527.9022881,201105527.90228808,2.000874074519468,0.3171629253684771,0.2037339673201174,-0.2232392790206037,1.4811766638311834,2.051429032479086,0.9192786925239033,0.5831643002028397
2022-07-01T00:00:00.000000,2022-07-01T00:00:00.000000,breakout,correlation_filtered,None,equal,100000000,336178999.45442057,236178999.45442057,2.352313978084002,0.354243432119989,0.23088721192969724,-0.24566763783692958,1.4553557108431678,1.9792849708279958,0.9068439966013357,0.5862068965517241
2022-07-01T00:00:00.000000,2022-07-01T00:00:00.000000,breakout,correlation_filtered,None,alpha,100000000,335631757.7220607,235631757.72206068,2.3468753730368768,0.35369232707371046,0.2299079922994189,-0.2450291936049307,1.4587617860553879,1.9864416214974736,0.8996569215923776,0.5882352941176471
2022-07-01T00:00:00.000000,2022-07-01T00:00:00.000000,breakout,correlation_filtered,None,alpha_volatility,100000000,300663011.6716152,200663011.67161518,1.9964418210562287,0.3166749617416149,0.20304273617513727,-0.22263269784184325,1.4836614796587382,2.057088488719991,0.9195271535578771,0.5831643002028397
2022-07-01T00:00:00.000000,2022-07-01T00:00:00.000000,breakout,correlation_filtered,None,inverse_volatility,100000000,301105527.9022881,201105527.90228808,2.000874074519468,0.3171629253684771,0.2037339673201174,-0.2232392790206037,1.4811766638311834,2.051429032479086,0.9192786925239033,0.5831643002028397
2022-07-01T00:00:00.000000,2022-07-01T00:00:00.000000,breakout,correlation_filtered,0.7,equal,100000000,336178999.45442057,236178999.45442057,2.352313978084002,0.354243432119989,0.23088721192969724,-0.24566763783692958,1.4553557108431678,1.9792849708279958,0.9068439966013357,0.5862068965517241
2022-07-01T00:00:00.000000,2022-07-01T00:00:00.000000,breakout,correlation_filtered,0.7,alpha,100000000,335631757.7220607,235631757.72206068,2.3468753730368768,0.35369232707371046,0.2299079922994189,-0.2450291936049307,1.4587617860553879,1.9864416214974736,0.8996569215923776,0.5882352941176471
2022-07-01T00:00:00.000000,2022-07-01T00:00:00.000000,breakout,correlation_filtered,0.7,alpha_volatility,100000000,300663011.6716152,200663011.67161518,1.9964418210562287,0.3166749617416149,0.20304273617513727,-0.22263269784184325,1.4836614796587382,2.057088488719991,0.9195271535578771,0.5831643002028397
2022-07-01T00:00:00.000000,2022-07-01T00:00:00.000000,breakout,correlation_filtered,0.7,inverse_volatility,100000000,301105527.9022881,201105527.90228808,2.000874074519468,0.3171629253684771,0.2037339673201174,-0.2232392790206037,1.4811766638311834,2.051429032479086,0.9192786925239033,0.5831643002028397
2022-07-01T00:00:00.000000,2022-07-01T00:00:00.000000,breakout,correlation_filtered,0.75,equal,100000000,336178999.45442057,236178999.45442057,2.352313978084002,0.354243432119989,0.23088721192969724,-0.24566763783692958,1.4553557108431678,1.9792849708279958,0.9068439966013357,0.5862068965517241
2022-07-01T00:00:00.000000,2022-07-01T00:00:00.000000,breakout,correlation_filtered,0.75,alpha,100000000,335631757.7220607,235631757.72206068,2.3468753730368768,0.35369232707371046,0.2299079922994189,-0.2450291936049307,1.4587617860553879,1.9864416214974736,0.8996569215923776,0.5882352941176471
2022-07-01T00:00:00.000000,2022-07-01T00:00:00.000000,breakout,correlation_filtered,0.75,alpha_volatility,100000000,300663011.6716152,200663011.67161518,1.9964418210562287,0.3166749617416149,0.20304273617513727,-0.22263269784184325,1.4836614796587382,2.057088488719991,0.9195271535578771,0.5831643002028397
2022-07-01T00:00:00.000000,2022-07-01T00:00:00.000000,breakout,correlation_filtered,0.75,inverse_volatility,100000000,301105527.9022881,201105527.90228808,2.000874074519468,0.3171629253684771,0.2037339673201174,-0.2232392790206037,1.4811766638311834,2.051429032479086,0.9192786925239033,0.5831643002028397
2022-07-01T00:00:00.000000,2022-07-01T00:00:00.000000,breakout,correlation_filtered,0.8,equal,100000000,336178999.45442057,236178999.45442057,2.352313978084002,0.354243432119989,0.23088721192969724,-0.24566763783692958,1.4553557108431678,1.9792849708279958,0.9068439966013357,0.5862068965517241
2022-07-01T00:00:00.000000,2022-07-01T00:00:00.000000,breakout,correlation_filtered,0.8,alpha,100000000,335631757.7220607,235631757.72206068,2.3468753730368768,0.35369232707371046,0.2299079922994189,-0.2450291936049307,1.4587617860553879,1.9864416214974736,0.8996569215923776,0.5882352941176471
2022-07-01T00:00:00.000000,2022-07-01T00:00:00.000000,breakout,correlation_filtered,0.8,alpha_volatility,100000000,300663011.6716152,200663011.67161518,1.9964418210562287,0.3166749617416149,0.20304273617513727,-0.22263269784184325,1.4836614796587382,2.057088488719991,0.9195271535578771,0.5831643002028397
2022-07-01T00:00:00.000000,2022-07-01T00:00:00.000000,breakout,correlation_filtered,0.8,inverse_volatility,100000000,301105527.9022881,201105527.90228808,2.000874074519468,0.3171629253684771,0.2037339673201174,-0.2232392790206037,1.4811766638311834,2.051429032479086,0.9192786925239033,0.5831643002028397
2022-07-01T00:00:00.000000,2022-07-01T00:00:00.000000,breakout,correlation_filtered,0.85,equal,100000000,336178999.45442057,236178999.45442057,2.352313978084002,0.354243432119989,0.23088721192969724,-0.24566763783692958,1.4553557108431678,1.9792849708279958,0.9068439966013357,0.5862068965517241
2022-07-01T00:00:00.000000,2022-07-01T00:00:00.000000,breakout,correlation_filtered,0.85,alpha,100000000,335631757.7220607,235631757.72206068,2.3468753730368768,0.35369232707371046,0.2299079922994189,-0.2450291936049307,1.4587617860553879,1.9864416214974736,0.8996569215923776,0.5882352941176471
2022-07-01T00:00:00.000000,2022-07-01T00:00:00.000000,breakout,correlation_filtered,0.85,alpha_volatility,100000000,300663011.6716152,200663011.67161518,1.9964418210562287,0.3166749617416149,0.20304273617513727,-0.22263269784184325,1.4836614796587382,2.057088488719991,0.9195271535578771,0.5831643002028397
2022-07-01T00:00:00.000000,2022-07-01T00:00:00.000000,breakout,correlation_filtered,0.85,inverse_volatility,100000000,301105527.9022881,201105527.90228808,2.000874074519468,0.3171629253684771,0.2037339673201174,-0.2232392790206037,1.4811766638311834,2.051429032479086,0.9192786925239033,0.5831643002028397
2022-07-01T00:00:00.000000,2022-07-01T00:00:00.000000,volume_confirmation,top_n,None,equal,100000000,205642369.65041214,105642369.65041214,1.063049818572393,0.19906655624241032,0.2322000928587666,-0.3471912590759405,0.9139944184989937,1.179623629312106,0.9437869201741984,0.5547667342799188
2022-07-01T00:00:00.000000,2022-07-01T00:00:00.000000,volume_confirmation,top_n,None,alpha,100000000,205880011.12985095,105880011.12985095,1.065577456607504,0.19943466815558986,0.232112075560454,-0.3445827447135974,0.915591367832168,1.183177444989291,0.9439936242281953,0.5547667342799188
2022-07-01T00:00:00.000000,2022-07-01T00:00:00.000000,volume_confirmation,top_n,None,alpha_volatility,100000000,202759307.4371016,102759307.4371016,1.0271199815838292,0.19379701280406647,0.20834070661913812,-0.29962375150666765,0.9717150224025594,1.2619314753449653,0.9397619315107576,0.5578093306288032
2022-07-01T00:00:00.000000,2022-07-01T00:00:00.000000,volume_confirmation,top_n,None,inverse_volatility,100000000,202321821.475255,102321821.47525501,1.0226149044560926,0.1931313629127709,0.20839456125096048,-0.3006692200705158,0.9687954891683365,1.256545709099784,0.9354803212674335,0.5588235294117647
2022-07-01T00:00:00.000000,2022-07-01T00:00:00.000000,volume_confirmation,correlation_filtered,None,equal,100000000,205642369.65041214,105642369.65041214,1.063049818572393,0.19906655624241032,0.2322000928587666,-0.3471912590759405,0.9139944184989937,1.179623629312106,0.9437869201741984,0.5547667342799188
2022-07-01T00:00:00.000000,2022-07-01T00:00:00.000000,volume_confirmation,correlation_filtered,None,alpha,100000000,205880011.12985095,105880011.12985095,1.065577456607504,0.19943466815558986,0.232112075560454,-0.3445827447135974,0.915591367832168,1.183177444989291,0.9439936242281953,0.5547667342799188
2022-07-01T00:00:00.000000,2022-07-01T00:00:00.000000,volume_confirmation,correlation_filtered,None,alpha_volatility,100000000,202759307.4371016,102759307.4371016,1.0271199815838292,0.19379701280406647,0.20834070661913812,-0.29962375150666765,0.9717150224025594,1.2619314753449653,0.9397619315107576,0.5578093306288032
2022-07-01T00:00:00.000000,2022-07-01T00:00:00.000000,volume_confirmation,correlation_filtered,None,inverse_volatility,100000000,202321821.475255,102321821.47525501,1.0226149044560926,0.1931313629127709,0.20839456125096048,-0.3006692200705158,0.9687954891683365,1.256545709099784,0.9354803212674335,0.5588235294117647
2022-07-01T00:00:00.000000,2022-07-01T00:00:00.000000,volume_confirmation,correlation_filtered,0.7,equal,100000000,205642369.65041214,105642369.65041214,1.063049818572393,0.19906655624241032,0.2322000928587666,-0.3471912590759405,0.9139944184989937,1.179623629312106,0.9437869201741984,0.5547667342799188
2022-07-01T00:00:00.000000,2022-07-01T00:00:00.000000,volume_confirmation,correlation_filtered,0.7,alpha,100000000,205880011.12985095,105880011.12985095,1.065577456607504,0.19943466815558986,0.232112075560454,-0.3445827447135974,0.915591367832168,1.183177444989291,0.9439936242281953,0.5547667342799188
2022-07-01T00:00:00.000000,2022-07-01T00:00:00.000000,volume_confirmation,correlation_filtered,0.7,alpha_volatility,100000000,202759307.4371016,102759307.4371016,1.0271199815838292,0.19379701280406647,0.20834070661913812,-0.29962375150666765,0.9717150224025594,1.2619314753449653,0.9397619315107576,0.5578093306288032
2022-07-01T00:00:00.000000,2022-07-01T00:00:00.000000,volume_confirmation,correlation_filtered,0.7,inverse_volatility,100000000,202321821.475255,102321821.47525501,1.0226149044560926,0.1931313629127709,0.20839456125096048,-0.3006692200705158,0.9687954891683365,1.256545709099784,0.9354803212674335,0.5588235294117647
2022-07-01T00:00:00.000000,2022-07-01T00:00:00.000000,volume_confirmation,correlation_filtered,0.75,equal,100000000,205642369.65041214,105642369.65041214,1.063049818572393,0.19906655624241032,0.2322000928587666,-0.3471912590759405,0.9139944184989937,1.179623629312106,0.9437869201741984,0.5547667342799188
2022-07-01T00:00:00.000000,2022-07-01T00:00:00.000000,volume_confirmation,correlation_filtered,0.75,alpha,100000000,205880011.12985095,105880011.12985095,1.065577456607504,0.19943466815558986,0.232112075560454,-0.3445827447135974,0.915591367832168,1.183177444989291,0.9439936242281953,0.5547667342799188
2022-07-01T00:00:00.000000,2022-07-01T00:00:00.000000,volume_confirmation,correlation_filtered,0.75,alpha_volatility,100000000,202759307.4371016,102759307.4371016,1.0271199815838292,0.19379701280406647,0.20834070661913812,-0.29962375150666765,0.9717150224025594,1.2619314753449653,0.9397619315107576,0.5578093306288032
2022-07-01T00:00:00.000000,2022-07-01T00:00:00.000000,volume_confirmation,correlation_filtered,0.75,inverse_volatility,100000000,202321821.475255,102321821.47525501,1.0226149044560926,0.1931313629127709,0.20839456125096048,-0.3006692200705158,0.9687954891683365,1.256545709099784,0.9354803212674335,0.5588235294117647
2022-07-01T00:00:00.000000,2022-07-01T00:00:00.000000,volume_confirmation,correlation_filtered,0.8,equal,100000000,205642369.65041214,105642369.65041214,1.063049818572393,0.19906655624241032,0.2322000928587666,-0.3471912590759405,0.9139944184989937,1.179623629312106,0.9437869201741984,0.5547667342799188
2022-07-01T00:00:00.000000,2022-07-01T00:00:00.000000,volume_confirmation,correlation_filtered,0.8,alpha,100000000,205880011.12985095,105880011.12985095,1.065577456607504,0.19943466815558986,0.232112075560454,-0.3445827447135974,0.915591367832168,1.183177444989291,0.9439936242281953,0.5547667342799188
2022-07-01T00:00:00.000000,2022-07-01T00:00:00.000000,volume_confirmation,correlation_filtered,0.8,alpha_volatility,100000000,202759307.4371016,102759307.4371016,1.0271199815838292,0.19379701280406647,0.20834070661913812,-0.29962375150666765,0.9717150224025594,1.2619314753449653,0.9397619315107576,0.5578093306288032
2022-07-01T00:00:00.000000,2022-07-01T00:00:00.000000,volume_confirmation,correlation_filtered,0.8,inverse_volatility,100000000,202321821.475255,102321821.47525501,1.0226149044560926,0.1931313629127709,0.20839456125096048,-0.3006692200705158,0.9687954891683365,1.256545709099784,0.9354803212674335,0.5588235294117647
2022-07-01T00:00:00.000000,2022-07-01T00:00:00.000000,volume_confirmation,correlation_filtered,0.85,equal,100000000,205642369.65041214,105642369.65041214,1.063049818572393,0.19906655624241032,0.2322000928587666,-0.3471912590759405,0.9139944184989937,1.179623629312106,0.9437869201741984,0.5547667342799188
2022-07-01T00:00:00.000000,2022-07-01T00:00:00.000000,volume_confirmation,correlation_filtered,0.85,alpha,100000000,205880011.12985095,105880011.12985095,1.065577456607504,0.19943466815558986,0.232112075560454,-0.3445827447135974,0.915591367832168,1.183177444989291,0.9439936242281953,0.5547667342799188
2022-07-01T00:00:00.000000,2022-07-01T00:00:00.000000,volume_confirmation,correlation_filtered,0.85,alpha_volatility,100000000,202759307.4371016,102759307.4371016,1.0271199815838292,0.19379701280406647,0.20834070661913812,-0.29962375150666765,0.9717150224025594,1.2619314753449653,0.9397619315107576,0.5578093306288032
2022-07-01T00:00:00.000000,2022-07-01T00:00:00.000000,volume_confirmation,correlation_filtered,0.85,inverse_volatility,100000000,202321821.475255,102321821.47525501,1.0226149044560926,0.1931313629127709,0.20839456125096048,-0.3006692200705158,0.9687954891683365,1.256545709099784,0.9354803212674335,0.5588235294117647
2022-07-01T00:00:00.000000,2022-07-01T00:00:00.000000,technical_composite,top_n,None,equal,100000000,289670723.82867,189670723.82867002,1.9023288634968631,0.30618369313356375,0.22539201412516582,-0.257374396191966,1.3216362707262004,1.8365360090900382,0.9586767881478487,0.5669371196754563
2022-07-01T00:00:00.000000,2022-07-01T00:00:00.000000,technical_composite,top_n,None,alpha,100000000,291431893.36066353,191431893.36066353,1.9202271511975244,0.3081983394515042,0.22640018248452023,-0.25660202988280756,1.323693438056751,1.8419970595723882,0.9552783937864533,0.5679513184584178
2022-07-01T00:00:00.000000,2022-07-01T00:00:00.000000,technical_composite,top_n,None,alpha_volatility,100000000,268326549.25351864,168326549.25351864,1.6847288831140084,0.28091255091281275,0.20002992274126596,-0.23730930961228425,1.3624799446029945,1.9234266349755917,0.9546834219544329,0.5689655172413793
2022-07-01T00:00:00.000000,2022-07-01T00:00:00.000000,technical_composite,top_n,None,inverse_volatility,100000000,266184051.4189013,166184051.4189013,1.6629367105911026,0.2782981315431474,0.19890124213420993,-0.2377048791886659,1.358603172640674,1.9145070995650117,0.957926238461037,0.5679513184584178
2022-07-01T00:00:00.000000,2022-07-01T00:00:00.000000,technical_composite,correlation_filtered,None,equal,100000000,289670723.82867,189670723.82867002,1.9023288634968631,0.30618369313356375,0.22539201412516582,-0.257374396191966,1.3216362707262004,1.8365360090900382,0.9586767881478487,0.5669371196754563
2022-07-01T00:00:00.000000,2022-07-01T00:00:00.000000,technical_composite,correlation_filtered,None,alpha,100000000,291431893.36066353,191431893.36066353,1.9202271511975244,0.3081983394515042,0.22640018248452023,-0.25660202988280756,1.323693438056751,1.8419970595723882,0.9552783937864533,0.5679513184584178
2022-07-01T00:00:00.000000,2022-07-01T00:00:00.000000,technical_composite,correlation_filtered,None,alpha_volatility,100000000,268326549.25351864,168326549.25351864,1.6847288831140084,0.28091255091281275,0.20002992274126596,-0.23730930961228425,1.3624799446029945,1.9234266349755917,0.9546834219544329,0.5689655172413793
2022-07-01T00:00:00.000000,2022-07-01T00:00:00.000000,technical_composite,correlation_filtered,None,inverse_volatility,100000000,266184051.4189013,166184051.4189013,1.6629367105911026,0.2782981315431474,0.19890124213420993,-0.2377048791886659,1.358603172640674,1.9145070995650117,0.957926238461037,0.5679513184584178
2022-07-01T00:00:00.000000,2022-07-01T00:00:00.000000,technical_composite,correlation_filtered,0.7,equal,100000000,289670723.82867,189670723.82867002,1.9023288634968631,0.30618369313356375,0.22539201412516582,-0.257374396191966,1.3216362707262004,1.8365360090900382,0.9586767881478487,0.5669371196754563
2022-07-01T00:00:00.000000,2022-07-01T00:00:00.000000,technical_composite,correlation_filtered,0.7,alpha,100000000,291431893.36066353,191431893.36066353,1.9202271511975244,0.3081983394515042,0.22640018248452023,-0.25660202988280756,1.323693438056751,1.8419970595723882,0.9552783937864533,0.5679513184584178
2022-07-01T00:00:00.000000,2022-07-01T00:00:00.000000,technical_composite,correlation_filtered,0.7,alpha_volatility,100000000,268326549.25351864,168326549.25351864,1.6847288831140084,0.28091255091281275,0.20002992274126596,-0.23730930961228425,1.3624799446029945,1.9234266349755917,0.9546834219544329,0.5689655172413793
2022-07-01T00:00:00.000000,2022-07-01T00:00:00.000000,technical_composite,correlation_filtered,0.7,inverse_volatility,100000000,266184051.4189013,166184051.4189013,1.6629367105911026,0.2782981315431474,0.19890124213420993,-0.2377048791886659,1.358603172640674,1.9145070995650117,0.957926238461037,0.5679513184584178
2022-07-01T00:00:00.000000,2022-07-01T00:00:00.000000,technical_composite,correlation_filtered,0.75,equal,100000000,289670723.82867,189670723.82867002,1.9023288634968631,0.30618369313356375,0.22539201412516582,-0.257374396191966,1.3216362707262004,1.8365360090900382,0.9586767881478487,0.5669371196754563
2022-07-01T00:00:00.000000,2022-07-01T00:00:00.000000,technical_composite,correlation_filtered,0.75,alpha,100000000,291431893.36066353,191431893.36066353,1.9202271511975244,0.3081983394515042,0.22640018248452023,-0.25660202988280756,1.323693438056751,1.8419970595723882,0.9552783937864533,0.5679513184584178
2022-07-01T00:00:00.000000,2022-07-01T00:00:00.000000,technical_composite,correlation_filtered,0.75,alpha_volatility,100000000,268326549.25351864,168326549.25351864,1.6847288831140084,0.28091255091281275,0.20002992274126596,-0.23730930961228425,1.3624799446029945,1.9234266349755917,0.9546834219544329,0.5689655172413793
2022-07-01T00:00:00.000000,2022-07-01T00:00:00.000000,technical_composite,correlation_filtered,0.75,inverse_volatility,100000000,266184051.4189013,166184051.4189013,1.6629367105911026,0.2782981315431474,0.19890124213420993,-0.2377048791886659,1.358603172640674,1.9145070995650117,0.957926238461037,0.5679513184584178
2022-07-01T00:00:00.000000,2022-07-01T00:00:00.000000,technical_composite,correlation_filtered,0.8,equal,100000000,289670723.82867,189670723.82867002,1.9023288634968631,0.30618369313356375,0.22539201412516582,-0.257374396191966,1.3216362707262004,1.8365360090900382,0.9586767881478487,0.5669371196754563
2022-07-01T00:00:00.000000,2022-07-01T00:00:00.000000,technical_composite,correlation_filtered,0.8,alpha,100000000,291431893.36066353,191431893.36066353,1.9202271511975244,0.3081983394515042,0.22640018248452023,-0.25660202988280756,1.323693438056751,1.8419970595723882,0.9552783937864533,0.5679513184584178
2022-07-01T00:00:00.000000,2022-07-01T00:00:00.000000,technical_composite,correlation_filtered,0.8,alpha_volatility,100000000,268326549.25351864,168326549.25351864,1.6847288831140084,0.28091255091281275,0.20002992274126596,-0.23730930961228425,1.3624799446029945,1.9234266349755917,0.9546834219544329,0.5689655172413793
2022-07-01T00:00:00.000000,2022-07-01T00:00:00.000000,technical_composite,correlation_filtered,0.8,inverse_volatility,100000000,266184051.4189013,166184051.4189013,1.6629367105911026,0.2782981315431474,0.19890124213420993,-0.2377048791886659,1.358603172640674,1.9145070995650117,0.957926238461037,0.5679513184584178
2022-07-01T00:00:00.000000,2022-07-01T00:00:00.000000,technical_composite,correlation_filtered,0.85,equal,100000000,289670723.82867,189670723.82867002,1.9023288634968631,0.30618369313356375,0.22539201412516582,-0.257374396191966,1.3216362707262004,1.8365360090900382,0.9586767881478487,0.5669371196754563
2022-07-01T00:00:00.000000,2022-07-01T00:00:00.000000,technical_composite,correlation_filtered,0.85,alpha,100000000,291431893.36066353,191431893.36066353,1.9202271511975244,0.3081983394515042,0.22640018248452023,-0.25660202988280756,1.323693438056751,1.8419970595723882,0.9552783937864533,0.5679513184584178
2022-07-01T00:00:00.000000,2022-07-01T00:00:00.000000,technical_composite,correlation_filtered,0.85,alpha_volatility,100000000,268326549.25351864,168326549.25351864,1.6847288831140084,0.28091255091281275,0.20002992274126596,-0.23730930961228425,1.3624799446029945,1.9234266349755917,0.9546834219544329,0.5689655172413793
2022-07-01T00:00:00.000000,2022-07-01T00:00:00.000000,technical_composite,correlation_filtered,0.85,inverse_volatility,100000000,266184051.4189013,166184051.4189013,1.6629367105911026,0.2782981315431474,0.19890124213420993,-0.2377048791886659,1.358603172640674,1.9145070995650117,0.957926238461037,0.5679513184584178
2023-01-01T00:00:00.000000,2022-12-30T00:00:00.000000,momentum_12_1,top_n,None,equal,100000000,370460555.99430734,270460555.99430734,2.6978430337851047,0.45445581704520155,0.30532404647737355,-0.3341979544489926,1.4063950878616205,1.8942006749122262,1.0318400417517073,0.5533642691415314
2023-01-01T00:00:00.000000,2022-12-30T00:00:00.000000,momentum_12_1,top_n,None,alpha,100000000,370861116.9280293,270861116.9280293,2.7018075218218143,0.4549023496428366,0.3056038466761928,-0.3335753894874828,1.4064044226093708,1.8960568635973887,1.0318808651142466,0.5533642691415314
2023-01-01T00:00:00.000000,2022-12-30T00:00:00.000000,momentum_12_1,top_n,None,alpha_volatility,100000000,348518234.60116017,248518234.60116017,2.478446837150507,0.4291933456897836,0.2952341806718711,-0.34160799389898133,1.3837939343582863,1.811006237589361,1.032302769721928,0.5522041763341067
2023-01-01T00:00:00.000000,2022-12-30T00:00:00.000000,momentum_12_1,top_n,None,inverse_volatility,100000000,348048495.75768673,248048495.75768673,2.4737747220134865,0.42864316237899436,0.29506759275834754,-0.34223731606278407,1.3830837002015728,1.8083275137695334,1.0321907805731831,0.5522041763341067
2023-01-01T00:00:00.000000,2022-12-30T00:00:00.000000,momentum_12_1,correlation_filtered,None,equal,100000000,370460555.99430734,270460555.99430734,2.6978430337851047,0.45445581704520155,0.30532404647737355,-0.3341979544489926,1.4063950878616205,1.8942006749122262,1.0318400417517073,0.5533642691415314
2023-01-01T00:00:00.000000,2022-12-30T00:00:00.000000,momentum_12_1,correlation_filtered,None,alpha,100000000,370861116.9280293,270861116.9280293,2.7018075218218143,0.4549023496428366,0.3056038466761928,-0.3335753894874828,1.4064044226093708,1.8960568635973887,1.0318808651142466,0.5533642691415314
2023-01-01T00:00:00.000000,2022-12-30T00:00:00.000000,momentum_12_1,correlation_filtered,None,alpha_volatility,100000000,348518234.60116017,248518234.60116017,2.478446837150507,0.4291933456897836,0.2952341806718711,-0.34160799389898133,1.3837939343582863,1.811006237589361,1.032302769721928,0.5522041763341067
2023-01-01T00:00:00.000000,2022-12-30T00:00:00.000000,momentum_12_1,correlation_filtered,None,inverse_volatility,100000000,348048495.75768673,248048495.75768673,2.4737747220134865,0.42864316237899436,0.29506759275834754,-0.34223731606278407,1.3830837002015728,1.8083275137695334,1.0321907805731831,0.5522041763341067
2023-01-01T00:00:00.000000,2022-12-30T00:00:00.000000,momentum_12_1,correlation_filtered,0.7,equal,100000000,340530382.1708554,240530382.1708554,2.4039974538806734,0.4203627256863931,0.2785606057112754,-0.28123124056882165,1.4267229544752063,1.8359509414386435,1.0205153068192643,0.5568445475638051
2023-01-01T00:00:00.000000,2022-12-30T00:00:00.000000,momentum_12_1,correlation_filtered,0.7,alpha,100000000,341062891.3273074,241062891.3273074,2.409062475877707,0.42096784498531337,0.27898369819327695,-0.2809051744497082,1.4265353871244943,1.837891434424644,1.0253380245805281,0.5556844547563805
2023-01-01T00:00:00.000000,2022-12-30T00:00:00.000000,momentum_12_1,correlation_filtered,0.7,alpha_volatility,100000000,326547766.04453266,226547766.04453266,2.2642800600885438,0.40341134239146115,0.27539797527961013,-0.30160084542872534,1.3955065888946445,1.7670143146471475,0.9866499955316993,0.5638051044083526
2023-01-01T00:00:00.000000,2022-12-30T00:00:00.000000,momentum_12_1,correlation_filtered,0.7,inverse_volatility,100000000,326035759.983665,226035759.983665,2.2593555432190313,0.4028045011011987,0.27514557834830156,-0.3020559432671218,1.39493443016469,1.7642311162852458,0.9772698104416306,0.5661252900232019
2023-01-01T00:00:00.000000,2022-12-30T00:00:00.000000,momentum_12_1,correlation_filtered,0.75,equal,100000000,370460555.99430734,270460555.99430734,2.6978430337851047,0.45445581704520155,0.30532404647737355,-0.3341979544489926,1.4063950878616205,1.8942006749122262,1.0318400417517073,0.5533642691415314
2023-01-01T00:00:00.000000,2022-12-30T00:00:00.000000,momentum_12_1,correlation_filtered,0.75,alpha,100000000,370861116.9280293,270861116.9280293,2.7018075218218143,0.4549023496428366,0.3056038466761928,-0.3335753894874828,1.4064044226093708,1.8960568635973887,1.0318808651142466,0.5533642691415314
2023-01-01T00:00:00.000000,2022-12-30T00:00:00.000000,momentum_12_1,correlation_filtered,0.75,alpha_volatility,100000000,348518234.60116017,248518234.60116017,2.478446837150507,0.4291933456897836,0.2952341806718711,-0.34160799389898133,1.3837939343582863,1.811006237589361,1.032302769721928,0.5522041763341067
2023-01-01T00:00:00.000000,2022-12-30T00:00:00.000000,momentum_12_1,correlation_filtered,0.75,inverse_volatility,100000000,348048495.75768673,248048495.75768673,2.4737747220134865,0.42864316237899436,0.29506759275834754,-0.34223731606278407,1.3830837002015728,1.8083275137695334,1.0321907805731831,0.5522041763341067
2023-01-01T00:00:00.000000,2022-12-30T00:00:00.000000,momentum_12_1,correlation_filtered,0.8,equal,100000000,370460555.99430734,270460555.99430734,2.6978430337851047,0.45445581704520155,0.30532404647737355,-0.3341979544489926,1.4063950878616205,1.8942006749122262,1.0318400417517073,0.5533642691415314
2023-01-01T00:00:00.000000,2022-12-30T00:00:00.000000,momentum_12_1,correlation_filtered,0.8,alpha,100000000,370861116.9280293,270861116.9280293,2.7018075218218143,0.4549023496428366,0.3056038466761928,-0.3335753894874828,1.4064044226093708,1.8960568635973887,1.0318808651142466,0.5533642691415314
2023-01-01T00:00:00.000000,2022-12-30T00:00:00.000000,momentum_12_1,correlation_filtered,0.8,alpha_volatility,100000000,348518234.60116017,248518234.60116017,2.478446837150507,0.4291933456897836,0.2952341806718711,-0.34160799389898133,1.3837939343582863,1.811006237589361,1.032302769721928,0.5522041763341067
2023-01-01T00:00:00.000000,2022-12-30T00:00:00.000000,momentum_12_1,correlation_filtered,0.8,inverse_volatility,100000000,348048495.75768673,248048495.75768673,2.4737747220134865,0.42864316237899436,0.29506759275834754,-0.34223731606278407,1.3830837002015728,1.8083275137695334,1.0321907805731831,0.5522041763341067
2023-01-01T00:00:00.000000,2022-12-30T00:00:00.000000,momentum_12_1,correlation_filtered,0.85,equal,100000000,370460555.99430734,270460555.99430734,2.6978430337851047,0.45445581704520155,0.30532404647737355,-0.3341979544489926,1.4063950878616205,1.8942006749122262,1.0318400417517073,0.5533642691415314
2023-01-01T00:00:00.000000,2022-12-30T00:00:00.000000,momentum_12_1,correlation_filtered,0.85,alpha,100000000,370861116.9280293,270861116.9280293,2.7018075218218143,0.4549023496428366,0.3056038466761928,-0.3335753894874828,1.4064044226093708,1.8960568635973887,1.0318808651142466,0.5533642691415314
2023-01-01T00:00:00.000000,2022-12-30T00:00:00.000000,momentum_12_1,correlation_filtered,0.85,alpha_volatility,100000000,348518234.60116017,248518234.60116017,2.478446837150507,0.4291933456897836,0.2952341806718711,-0.34160799389898133,1.3837939343582863,1.811006237589361,1.032302769721928,0.5522041763341067
2023-01-01T00:00:00.000000,2022-12-30T00:00:00.000000,momentum_12_1,correlation_filtered,0.85,inverse_volatility,100000000,348048495.75768673,248048495.75768673,2.4737747220134865,0.42864316237899436,0.29506759275834754,-0.34223731606278407,1.3830837002015728,1.8083275137695334,1.0321907805731831,0.5522041763341067
2023-01-01T00:00:00.000000,2022-12-30T00:00:00.000000,momentum_6m,top_n,None,equal,100000000,375225822.4321004,275225822.4321004,2.7522829728862495,0.4605579512992317,0.3382348198442811,-0.3913913153403582,1.3128826629547994,1.9016556269181435,1.1054270577576861,0.5324825986078886
2023-01-01T00:00:00.000000,2022-12-30T00:00:00.000000,momentum_6m,top_n,None,alpha,100000000,375976516.04199857,275976516.04199857,2.7602119989379426,0.4614414297438305,0.33857887406708853,-0.3915209789462841,1.3137097658256969,1.904234603084274,1.1004817889286338,0.5336426914153132
2023-01-01T00:00:00.000000,2022-12-30T00:00:00.000000,momentum_6m,top_n,None,alpha_volatility,100000000,367136682.1928814,267136682.1928814,2.668021741661461,0.4510859555064255,0.3361897951634026,-0.40336998621646014,1.2990010708058721,1.8935031375000067,1.1176806196445639,0.5290023201856149
2023-01-01T00:00:00.000000,2022-12-30T00:00:00.000000,momentum_6m,top_n,None,inverse_volatility,100000000,366426039.2588194,266426039.2588194,2.660484311823521,0.4502311187143835,0.3358724714693362,-0.4032742918830924,1.2981245402829706,1.8910707782300957,1.117474527816441,0.5290023201856149
2023-01-01T00:00:00.000000,2022-12-30T00:00:00.000000,momentum_6m,correlation_filtered,None,equal,100000000,375225822.4321004,275225822.4321004,2.7522829728862495,0.4605579512992317,0.3382348198442811,-0.3913913153403582,1.3128826629547994,1.9016556269181435,1.1054270577576861,0.5324825986078886
2023-01-01T00:00:00.000000,2022-12-30T00:00:00.000000,momentum_6m,correlation_filtered,None,alpha,100000000,375976516.04199857,275976516.04199857,2.7602119989379426,0.4614414297438305,0.33857887406708853,-0.3915209789462841,1.3137097658256969,1.904234603084274,1.1004817889286338,0.5336426914153132
2023-01-01T00:00:00.000000,2022-12-30T00:00:00.000000,momentum_6m,correlation_filtered,None,alpha_volatility,100000000,367136682.1928814,267136682.1928814,2.668021741661461,0.4510859555064255,0.3361897951634026,-0.40336998621646014,1.2990010708058721,1.8935031375000067,1.1176806196445639,0.5290023201856149
2023-01-01T00:00:00.000000,2022-12-30T00:00:00.000000,momentum_6m,correlation_filtered,None,inverse_volatility,100000000,366426039.2588194,266426039.2588194,2.660484311823521,0.4502311187143835,0.3358724714693362,-0.4032742918830924,1.2981245402829706,1.8910707782300957,1.117474527816441,0.5290023201856149
2023-01-01T00:00:00.000000,2022-12-30T00:00:00.000000,momentum_6m,correlation_filtered,0.7,equal,100000000,343448641.307244,243448641.307244,2.4399306143193855,0.424641867258873,0.3108828490695606,-0.36774338362214887,1.3182811117714064,1.8402555079378171,1.076630637058305,0.5394431554524362
2023-01-01T00:00:00.000000,2022-12-30T00:00:00.000000,momentum_6m,correlation_filtered,0.7,alpha,100000000,344532734.34537494,244532734.34537494,2.4510562657551533,0.42596030924574046,0.3115258427037736,-0.36807110483460204,1.3192306593456635,1.8435890749389834,1.07682081358125,0.5394431554524362
2023-01-01T00:00:00.000000,2022-12-30T00:00:00.000000,momentum_6m,correlation_filtered,0.7,alpha_volatility,100000000,333134524.59417737,233134524.59417737,2.333336879043364,0.4118531075749141,0.30678153768339156,-0.38138181063471976,1.3016557647124811,1.8332160972532907,1.063061325038458,0.5417633410672854
2023-01-01T00:00:00.000000,2022-12-30T00:00:00.000000,momentum_6m,correlation_filtered,0.7,inverse_volatility,100000000,332019136.2478616,232019136.24786162,2.32187142385797,0.410460222421706,0.3061117106482264,-0.38103165631568914,1.300543436293586,1.8301224289129032,1.067807074261784,0.5406032482598608
2023-01-01T00:00:00.000000,2022-12-30T00:00:00.000000,momentum_6m,correlation_filtered,0.75,equal,100000000,385797681.80637527,285797681.80637527,2.887021304988262,0.47539363726222983,0.3312284953600237,-0.38882315349288243,1.3647063777384336,1.9783068622496391,1.1107786541670888,0.5336426914153132
2023-01-01T00:00:00.000000,2022-12-30T00:00:00.000000,momentum_6m,correlation_filtered,0.75,alpha,100000000,386410860.7779486,286410860.7779486,2.893065239565486,0.47605046276782725,0.33169209602456323,-0.3890309273546305,1.3646273678056677,1.979522752217823,1.1056292845438598,0.5348027842227379
2023-01-01T00:00:00.000000,2022-12-30T00:00:00.000000,momentum_6m,correlation_filtered,0.75,alpha_volatility,100000000,378864237.42994964,278864237.42994964,2.8187228557633706,0.46792014995840825,0.32782818556553744,-0.39977455892282987,1.3595710898231097,1.9830346552181428,1.1145443486355902,0.5324825986078886
2023-01-01T00:00:00.000000,2022-12-30T00:00:00.000000,momentum_6m,correlation_filtered,0.75,inverse_volatility,100000000,378305217.6965851,278305217.6965851,2.8132910480475886,0.4673216980827197,0.3273807785673959,-0.3995704569177714,1.3597130921769593,1.9824202420927088,1.1197233599258432,0.531322505800464
2023-01-01T00:00:00.000000,2022-12-30T00:00:00.000000,momentum_6m,correlation_filtered,0.8,equal,100000000,375225822.4321004,275225822.4321004,2.7522829728862495,0.4605579512992317,0.3382348198442811,-0.3913913153403582,1.3128826629547994,1.9016556269181435,1.1054270577576861,0.5324825986078886
2023-01-01T00:00:00.000000,2022-12-30T00:00:00.000000,momentum_6m,correlation_filtered,0.8,alpha,100000000,375976516.04199857,275976516.04199857,2.7602119989379426,0.4614414297438305,0.33857887406708853,-0.3915209789462841,1.3137097658256969,1.904234603084274,1.1004817889286338,0.5336426914153132
2023-01-01T00:00:00.000000,2022-12-30T00:00:00.000000,momentum_6m,correlation_filtered,0.8,alpha_volatility,100000000,367136682.1928814,267136682.1928814,2.668021741661461,0.4510859555064255,0.3361897951634026,-0.40336998621646014,1.2990010708058721,1.8935031375000067,1.1176806196445639,0.5290023201856149
2023-01-01T00:00:00.000000,2022-12-30T00:00:00.000000,momentum_6m,correlation_filtered,0.8,inverse_volatility,100000000,366426039.2588194,266426039.2588194,2.660484311823521,0.4502311187143835,0.3358724714693362,-0.4032742918830924,1.2981245402829706,1.8910707782300957,1.117474527816441,0.5290023201856149
2023-01-01T00:00:00.000000,2022-12-30T00:00:00.000000,momentum_6m,correlation_filtered,0.85,equal,100000000,375225822.4321004,275225822.4321004,2.7522829728862495,0.4605579512992317,0.3382348198442811,-0.3913913153403582,1.3128826629547994,1.9016556269181435,1.1054270577576861,0.5324825986078886
2023-01-01T00:00:00.000000,2022-12-30T00:00:00.000000,momentum_6m,correlation_filtered,0.85,alpha,100000000,375976516.04199857,275976516.04199857,2.7602119989379426,0.4614414297438305,0.33857887406708853,-0.3915209789462841,1.3137097658256969,1.904234603084274,1.1004817889286338,0.5336426914153132
2023-01-01T00:00:00.000000,2022-12-30T00:00:00.000000,momentum_6m,correlation_filtered,0.85,alpha_volatility,100000000,367136682.1928814,267136682.1928814,2.668021741661461,0.4510859555064255,0.3361897951634026,-0.40336998621646014,1.2990010708058721,1.8935031375000067,1.1176806196445639,0.5290023201856149
2023-01-01T00:00:00.000000,2022-12-30T00:00:00.000000,momentum_6m,correlation_filtered,0.85,inverse_volatility,100000000,366426039.2588194,266426039.2588194,2.660484311823521,0.4502311187143835,0.3358724714693362,-0.4032742918830924,1.2981245402829706,1.8910707782300957,1.117474527816441,0.5290023201856149
2023-01-01T00:00:00.000000,2022-12-30T00:00:00.000000,momentum_3m,top_n,None,equal,100000000,331257975.9265158,231257975.92651582,2.2928552615265936,0.4069197917511156,0.34467483155840484,-0.44629100032472313,1.1842378244875051,1.6593106854544313,1.0890224946250697,0.531322505800464
2023-01-01T00:00:00.000000,2022-12-30T00:00:00.000000,momentum_3m,top_n,None,alpha,100000000,331478961.5787327,231478961.57873273,2.2951498377828288,0.40720057506404794,0.3448477082455419,-0.4457500684656338,1.1844027370364205,1.6604324877788705,1.089055540966866,0.531322505800464
2023-01-01T00:00:00.000000,2022-12-30T00:00:00.000000,momentum_3m,top_n,None,alpha_volatility,100000000,322141972.7123461,222141972.71234608,2.2003286182952464,0.3954792627073982,0.3419953752461024,-0.4505807889677028,1.1664458921663443,1.626876966089802,1.0706931866201126,0.5348027842227379
2023-01-01T00:00:00.000000,2022-12-30T00:00:00.000000,momentum_3m,top_n,None,inverse_volatility,100000000,322002518.5427871,222002518.54278708,2.1988759713034174,0.395297778314907,0.3418525601260619,-0.4510891484953664,1.166406894734605,1.6263058779937345,1.075671881493869,0.5336426914153132
2023-01-01T00:00:00.000000,2022-12-30T00:00:00.000000,momentum_3m,correlation_filtered,None,equal,100000000,331257975.9265158,231257975.92651582,2.2928552615265936,0.4069197917511156,0.34467483155840484,-0.44629100032472313,1.1842378244875051,1.6593106854544313,1.0890224946250697,0.531322505800464
2023-01-01T00:00:00.000000,2022-12-30T00:00:00.000000,momentum_3m,correlation_filtered,None,alpha,100000000,331478961.5787327,231478961.57873273,2.2951498377828288,0.40720057506404794,0.3448477082455419,-0.4457500684656338,1.1844027370364205,1.6604324877788705,1.089055540966866,0.531322505800464
2023-01-01T00:00:00.000000,2022-12-30T00:00:00.000000,momentum_3m,correlation_filtered,None,alpha_volatility,100000000,322141972.7123461,222141972.71234608,2.2003286182952464,0.3954792627073982,0.3419953752461024,-0.4505807889677028,1.1664458921663443,1.626876966089802,1.0706931866201126,0.5348027842227379
2023-01-01T00:00:00.000000,2022-12-30T00:00:00.000000,momentum_3m,correlation_filtered,None,inverse_volatility,100000000,322002518.5427871,222002518.54278708,2.1988759713034174,0.395297778314907,0.3418525601260619,-0.4510891484953664,1.166406894734605,1.6263058779937345,1.075671881493869,0.5336426914153132
2023-01-01T00:00:00.000000,2022-12-30T00:00:00.000000,momentum_3m,correlation_filtered,0.7,equal,100000000,334157838.5639405,234157838.56394053,2.330868266982301,0.41155349642378947,0.342656817493186,-0.4440992528244353,1.1989927077454097,1.6721715990969672,1.0822241743318246,0.5336426914153132
2023-01-01T00:00:00.000000,2022-12-30T00:00:00.000000,momentum_3m,correlation_filtered,0.7,alpha,100000000,334800002.4127892,234800002.41278923,2.337392878287036,0.4123450335669978,0.3430083135550747,-0.4440093289194299,1.1997760712011587,1.6751211306362788,1.0874301309044963,0.5324825986078886
2023-01-01T00:00:00.000000,2022-12-30T00:00:00.000000,momentum_3m,correlation_filtered,0.7,alpha_volatility,100000000,323007427.6926226,223007427.6926226,2.2184301288063017,0.3977358349488491,0.33879319200639724,-0.445811428646708,1.179144905170242,1.6317970199286778,1.0537558936421376,0.5394431554524362
2023-01-01T00:00:00.000000,2022-12-30T00:00:00.000000,momentum_3m,correlation_filtered,0.7,inverse_volatility,100000000,322416744.10678387,222416744.10678387,2.2124549950479446,0.3969919657957406,0.33845237254737315,-0.44577780154524715,1.1783936630008887,1.6291081992293577,1.0486808455837573,0.5406032482598608
2023-01-01T00:00:00.000000,2022-12-30T00:00:00.000000,momentum_3m,correlation_filtered,0.75,equal,100000000,334157838.5639405,234157838.56394053,2.330868266982301,0.41155349642378947,0.342656817493186,-0.4440992528244353,1.1989927077454097,1.6721715990969672,1.0822241743318246,0.5336426914153132
2023-01-01T00:00:00.000000,2022-12-30T00:00:00.000000,momentum_3m,correlation_filtered,0.75,alpha,100000000,334800002.4127892,234800002.41278923,2.337392878287036,0.4123450335669978,0.3430083135550747,-0.4440093289194299,1.1997760712011587,1.6751211306362788,1.0874301309044963,0.5324825986078886
2023-01-01T00:00:00.000000,2022-12-30T00:00:00.000000,momentum_3m,correlation_filtered,0.75,alpha_volatility,100000000,323007427.6926226,223007427.6926226,2.2184301288063017,0.3977358349488491,0.33879319200639724,-0.445811428646708,1.179144905170242,1.6317970199286778,1.0537558936421376,0.5394431554524362
2023-01-01T00:00:00.000000,2022-12-30T00:00:00.000000,momentum_3m,correlation_filtered,0.75,inverse_volatility,100000000,322416744.10678387,222416744.10678387,2.2124549950479446,0.3969919657957406,0.33845237254737315,-0.44577780154524715,1.1783936630008887,1.6291081992293577,1.0486808455837573,0.5406032482598608
2023-01-01T00:00:00.000000,2022-12-30T00:00:00.000000,momentum_3m,correlation_filtered,0.8,equal,100000000,331257975.9265158,231257975.92651582,2.2928552615265936,0.4069197917511156,0.34467483155840484,-0.44629100032472313,1.1842378244875051,1.6593106854544313,1.0890224946250697,0.531322505800464
2023-01-01T00:00:00.000000,2022-12-30T00:00:00.000000,momentum_3m,correlation_filtered,0.8,alpha,100000000,331478961.5787327,231478961.57873273,2.2951498377828288,0.40720057506404794,0.3448477082455419,-0.4457500684656338,1.1844027370364205,1.6604324877788705,1.089055540966866,0.531322505800464
2023-01-01T00:00:00.000000,2022-12-30T00:00:00.000000,momentum_3m,correlation_filtered,0.8,alpha_volatility,100000000,322141972.7123461,222141972.71234608,2.2003286182952464,0.3954792627073982,0.3419953752461024,-0.4505807889677028,1.1664458921663443,1.626876966089802,1.0706931866201126,0.5348027842227379
2023-01-01T00:00:00.000000,2022-12-30T00:00:00.000000,momentum_3m,correlation_filtered,0.8,inverse_volatility,100000000,322002518.5427871,222002518.54278708,2.1988759713034174,0.395297778314907,0.3418525601260619,-0.4510891484953664,1.166406894734605,1.6263058779937345,1.075671881493869,0.5336426914153132
2023-01-01T00:00:00.000000,2022-12-30T00:00:00.000000,momentum_3m,correlation_filtered,0.85,equal,100000000,331257975.9265158,231257975.92651582,2.2928552615265936,0.4069197917511156,0.34467483155840484,-0.44629100032472313,1.1842378244875051,1.6593106854544313,1.0890224946250697,0.531322505800464
2023-01-01T00:00:00.000000,2022-12-30T00:00:00.000000,momentum_3m,correlation_filtered,0.85,alpha,100000000,331478961.5787327,231478961.57873273,2.2951498377828288,0.40720057506404794,0.3448477082455419,-0.4457500684656338,1.1844027370364205,1.6604324877788705,1.089055540966866,0.531322505800464
2023-01-01T00:00:00.000000,2022-12-30T00:00:00.000000,momentum_3m,correlation_filtered,0.85,alpha_volatility,100000000,322141972.7123461,222141972.71234608,2.2003286182952464,0.3954792627073982,0.3419953752461024,-0.4505807889677028,1.1664458921663443,1.626876966089802,1.0706931866201126,0.5348027842227379
2023-01-01T00:00:00.000000,2022-12-30T00:00:00.000000,momentum_3m,correlation_filtered,0.85,inverse_volatility,100000000,322002518.5427871,222002518.54278708,2.1988759713034174,0.395297778314907,0.3418525601260619,-0.4510891484953664,1.166406894734605,1.6263058779937345,1.075671881493869,0.5336426914153132
2023-01-01T00:00:00.000000,2022-12-30T00:00:00.000000,multi_horizon_momentum,top_n,None,equal,100000000,330857376.7460643,230857376.7460643,2.2949585674409634,0.40717717497532546,0.3327120477449311,-0.3894958519671353,1.2146391468318056,1.768809950399939,1.0776182060779422,0.5348027842227379
2023-01-01T00:00:00.000000,2022-12-30T00:00:00.000000,multi_horizon_momentum,top_n,None,alpha,100000000,333293496.02204204,233293496.02204204,2.3193885243119263,0.41015813471233753,0.33420670670053143,-0.39002887995565294,1.2171440362191066,1.7759736109272488,1.078192858704525,0.5348027842227379
2023-01-01T00:00:00.000000,2022-12-30T00:00:00.000000,multi_horizon_momentum,top_n,None,alpha_volatility,100000000,317584591.19991195,217584591.19991195,2.1603794298824144,0.39046669251089927,0.32534251607117143,-0.3912104266635824,1.1973076411130708,1.7260852821616572,1.03440862226764,0.5440835266821346
2023-01-01T00:00:00.000000,2022-12-30T00:00:00.000000,multi_horizon_momentum,top_n,None,inverse_volatility,100000000,315205226.5126953,215205226.5126953,2.136593297330523,0.38746065191678647,0.32385918088292526,-0.3903891840962366,1.1945006708459271,1.718688686726958,1.0337748778464806,0.5440835266821346
2023-01-01T00:00:00.000000,2022-12-30T00:00:00.000000,multi_horizon_momentum,correlation_filtered,None,equal,100000000,330857376.7460643,230857376.7460643,2.2949585674409634,0.40717717497532546,0.3327120477449311,-0.3894958519671353,1.2146391468318056,1.768809950399939,1.0776182060779422,0.5348027842227379
2023-01-01T00:00:00.000000,2022-12-30T00:00:00.000000,multi_horizon_momentum,correlation_filtered,None,alpha,100000000,333293496.02204204,233293496.02204204,2.3193885243119263,0.41015813471233753,0.33420670670053143,-0.39002887995565294,1.2171440362191066,1.7759736109272488,1.078192858704525,0.5348027842227379
2023-01-01T00:00:00.000000,2022-12-30T00:00:00.000000,multi_horizon_momentum,correlation_filtered,None,alpha_volatility,100000000,317584591.19991195,217584591.19991195,2.1603794298824144,0.39046669251089927,0.32534251607117143,-0.3912104266635824,1.1973076411130708,1.7260852821616572,1.03440862226764,0.5440835266821346
2023-01-01T00:00:00.000000,2022-12-30T00:00:00.000000,multi_horizon_momentum,correlation_filtered,None,inverse_volatility,100000000,315205226.5126953,215205226.5126953,2.136593297330523,0.38746065191678647,0.32385918088292526,-0.3903891840962366,1.1945006708459271,1.718688686726958,1.0337748778464806,0.5440835266821346
2023-01-01T00:00:00.000000,2022-12-30T00:00:00.000000,multi_horizon_momentum,correlation_filtered,0.7,equal,100000000,314043498.89754117,214043498.89754117,2.126393756602182,0.38616667180369246,0.29837861153791473,-0.3466403302286376,1.2670013129570465,1.7702764276803877,1.061647034336877,0.5406032482598608
2023-01-01T00:00:00.000000,2022-12-30T00:00:00.000000,multi_horizon_momentum,correlation_filtered,0.7,alpha,100000000,316179859.85696685,216179859.85696685,2.1477058881254942,0.38886705448880954,0.3004590152929578,-0.34834194640798977,1.2668978379898954,1.7752637634520136,1.061829130040715,0.5406032482598608
2023-01-01T00:00:00.000000,2022-12-30T00:00:00.000000,multi_horizon_momentum,correlation_filtered,0.7,alpha_volatility,100000000,306266496.23919487,206266496.23919487,2.0481792761740922,0.376142376258471,0.2925685714287646,-0.35020390889128716,1.2609919464533712,1.7471158887063456,1.0454529381976299,0.5440835266821346
2023-01-01T00:00:00.000000,2022-12-30T00:00:00.000000,multi_horizon_momentum,correlation_filtered,0.7,inverse_volatility,100000000,304285178.3635127,204285178.3635127,2.028451025643237,0.37358498700767906,0.290638762904558,-0.34813255695583845,1.260909938264081,1.7426336430656197,1.0161457846801696,0.5510440835266821
2023-01-01T00:00:00.000000,2022-12-30T00:00:00.000000,multi_horizon_momentum,correlation_filtered,0.75,equal,100000000,337173032.4696563,237173032.4696563,2.364732529448945,0.41564980389297523,0.3270540804411955,-0.3971627805978799,1.248599829928579,1.8302249531764747,1.0846389137415178,0.5348027842227379
2023-01-01T00:00:00.000000,2022-12-30T00:00:00.000000,multi_horizon_momentum,correlation_filtered,0.75,alpha,100000000,339749048.8893831,239749048.88938308,2.390523809942324,0.41874989274005703,0.3289065184750627,-0.397434356968525,1.2501863355386356,1.8364047410288888,1.0951878209598964,0.5324825986078886
2023-01-01T00:00:00.000000,2022-12-30T00:00:00.000000,multi_horizon_momentum,correlation_filtered,0.75,alpha_volatility,100000000,323628393.1560348,223628393.15603483,2.2274775201738115,0.3988603087833713,0.31828697739855655,-0.3997890361343045,1.2359300862620026,1.7903063307092637,1.0870219972279884,0.5336426914153132
2023-01-01T00:00:00.000000,2022-12-30T00:00:00.000000,multi_horizon_momentum,correlation_filtered,0.75,inverse_volatility,100000000,321100247.48749226,221100247.48749226,2.2022222091848245,0.3957157475729156,0.31640942513320147,-0.3992579381114548,1.2341376152475854,1.783443688868403,1.0815561024301759,0.5348027842227379
2023-01-01T00:00:00.000000,2022-12-30T00:00:00.000000,multi_horizon_momentum,correlation_filtered,0.8,equal,100000000,330857376.7460643,230857376.7460643,2.2949585674409634,0.40717717497532546,0.3327120477449311,-0.3894958519671353,1.2146391468318056,1.768809950399939,1.0776182060779422,0.5348027842227379
2023-01-01T00:00:00.000000,2022-12-30T00:00:00.000000,multi_horizon_momentum,correlation_filtered,0.8,alpha,100000000,333293496.02204204,233293496.02204204,2.3193885243119263,0.41015813471233753,0.33420670670053143,-0.39002887995565294,1.2171440362191066,1.7759736109272488,1.078192858704525,0.5348027842227379
2023-01-01T00:00:00.000000,2022-12-30T00:00:00.000000,multi_horizon_momentum,correlation_filtered,0.8,alpha_volatility,100000000,317584591.19991195,217584591.19991195,2.1603794298824144,0.39046669251089927,0.32534251607117143,-0.3912104266635824,1.1973076411130708,1.7260852821616572,1.03440862226764,0.5440835266821346
2023-01-01T00:00:00.000000,2022-12-30T00:00:00.000000,multi_horizon_momentum,correlation_filtered,0.8,inverse_volatility,100000000,315205226.5126953,215205226.5126953,2.136593297330523,0.38746065191678647,0.32385918088292526,-0.3903891840962366,1.1945006708459271,1.718688686726958,1.0337748778464806,0.5440835266821346
2023-01-01T00:00:00.000000,2022-12-30T00:00:00.000000,multi_horizon_momentum,correlation_filtered,0.85,equal,100000000,330857376.7460643,230857376.7460643,2.2949585674409634,0.40717717497532546,0.3327120477449311,-0.3894958519671353,1.2146391468318056,1.768809950399939,1.0776182060779422,0.5348027842227379
2023-01-01T00:00:00.000000,2022-12-30T00:00:00.000000,multi_horizon_momentum,correlation_filtered,0.85,alpha,100000000,333293496.02204204,233293496.02204204,2.3193885243119263,0.41015813471233753,0.33420670670053143,-0.39002887995565294,1.2171440362191066,1.7759736109272488,1.078192858704525,0.5348027842227379
2023-01-01T00:00:00.000000,2022-12-30T00:00:00.000000,multi_horizon_momentum,correlation_filtered,0.85,alpha_volatility,100000000,317584591.19991195,217584591.19991195,2.1603794298824144,0.39046669251089927,0.32534251607117143,-0.3912104266635824,1.1973076411130708,1.7260852821616572,1.03440862226764,0.5440835266821346
2023-01-01T00:00:00.000000,2022-12-30T00:00:00.000000,multi_horizon_momentum,correlation_filtered,0.85,inverse_volatility,100000000,315205226.5126953,215205226.5126953,2.136593297330523,0.38746065191678647,0.32385918088292526,-0.3903891840962366,1.1945006708459271,1.718688686726958,1.0337748778464806,0.5440835266821346
2023-01-01T00:00:00.000000,2022-12-30T00:00:00.000000,relative_strength,top_n,None,equal,100000000,341860214.19050235,241860214.19050235,2.43038759416689,0.42350854816412475,0.306676717217204,-0.3061000132454198,1.3299083731112313,1.7702824310394603,0.9890695610070857,0.5603248259860789
2023-01-01T00:00:00.000000,2022-12-30T00:00:00.000000,relative_strength,top_n,None,alpha,100000000,342331798.299234,242331798.29923397,2.4355235395639436,0.42411876682453764,0.306969913022822,-0.30596022304477044,1.3303566942514744,1.7716084522643092,0.993901371831942,0.5591647331786543
2023-01-01T00:00:00.000000,2022-12-30T00:00:00.000000,relative_strength,top_n,None,alpha_volatility,100000000,325541374.59896135,225541374.59896135,2.2598907373542856,0.40287048399503367,0.29913173680367444,-0.30445834127444704,1.30597993658152,1.7215187197853425,0.9708082055094271,0.5638051044083526
2023-01-01T00:00:00.000000,2022-12-30T00:00:00.000000,relative_strength,top_n,None,inverse_volatility,100000000,325088007.62286127,225088007.62286127,2.2548919925948168,0.4022538985528825,0.2988520093381571,-0.3044806514236187,1.3054198372752102,1.7203399199412803,0.9706309599723069,0.5638051044083526
2023-01-01T00:00:00.000000,2022-12-30T00:00:00.000000,relative_strength,correlation_filtered,None,equal,100000000,341860214.19050235,241860214.19050235,2.43038759416689,0.42350854816412475,0.306676717217204,-0.3061000132454198,1.3299083731112313,1.7702824310394603,0.9890695610070857,0.5603248259860789
2023-01-01T00:00:00.000000,2022-12-30T00:00:00.000000,relative_strength,correlation_filtered,None,alpha,100000000,342331798.299234,242331798.29923397,2.4355235395639436,0.42411876682453764,0.306969913022822,-0.30596022304477044,1.3303566942514744,1.7716084522643092,0.993901371831942,0.5591647331786543
2023-01-01T00:00:00.000000,2022-12-30T00:00:00.000000,relative_strength,correlation_filtered,None,alpha_volatility,100000000,325541374.59896135,225541374.59896135,2.2598907373542856,0.40287048399503367,0.29913173680367444,-0.30445834127444704,1.30597993658152,1.7215187197853425,0.9708082055094271,0.5638051044083526
2023-01-01T00:00:00.000000,2022-12-30T00:00:00.000000,relative_strength,correlation_filtered,None,inverse_volatility,100000000,325088007.62286127,225088007.62286127,2.2548919925948168,0.4022538985528825,0.2988520093381571,-0.3044806514236187,1.3054198372752102,1.7203399199412803,0.9706309599723069,0.5638051044083526
2023-01-01T00:00:00.000000,2022-12-30T00:00:00.000000,relative_strength,correlation_filtered,0.7,equal,100000000,302507476.6953138,202507476.6953138,2.0244529781872775,0.37306526917518545,0.2865562592335769,-0.28423309659207274,1.2740537253485855,1.6234697329302523,0.9179555495579169,0.5765661252900232
2023-01-01T00:00:00.000000,2022-12-30T00:00:00.000000,relative_strength,correlation_filtered,0.7,alpha,100000000,303603455.94681895,203603455.94681895,2.0360516286498895,0.3745716630699476,0.2871097751277086,-0.2839200804494789,1.276051550688334,1.6275414593214974,0.9226997039179089,0.5754060324825986
2023-01-01T00:00:00.000000,2022-12-30T00:00:00.000000,relative_strength,correlation_filtered,0.7,alpha_volatility,100000000,285799145.74010974,185799145.74010974,1.8493022930709264,0.3497993463485014,0.27896023658258173,-0.28158437054726293,1.2384207107765863,1.5708398140565782,0.8906777500754374,0.5823665893271461
2023-01-01T00:00:00.000000,2022-12-30T00:00:00.000000,relative_strength,correlation_filtered,0.7,inverse_volatility,100000000,284732546.7850653,184732546.7850653,1.8379879616371317,0.34826170219573127,0.27842523883781156,-0.28143695142240865,1.236081865428435,1.5669807301861123,0.8902524004243094,0.5823665893271461
2023-01-01T00:00:00.000000,2022-12-30T00:00:00.000000,relative_strength,correlation_filtered,0.75,equal,100000000,344856517.1944451,244856517.19444507,2.4682786423443206,0.42799527358243084,0.30383406271725233,-0.3083446804670694,1.3501515438384353,1.7738679472628658,0.9475555750304556,0.5719257540603249
2023-01-01T00:00:00.000000,2022-12-30T00:00:00.000000,relative_strength,correlation_filtered,0.75,alpha,100000000,345410228.5963479,245410228.59634793,2.4741793200005646,0.4286908282823956,0.304203137774929,-0.30817485935326794,1.350515002364197,1.775594010166196,0.952188405914237,0.5707656612529002
2023-01-01T00:00:00.000000,2022-12-30T00:00:00.000000,relative_strength,correlation_filtered,0.75,alpha_volatility,100000000,327809147.9761098,227809147.9761098,2.2907769635599906,0.4066653535210527,0.29562404292330857,-0.30716170749720484,1.3273716930187096,1.7222567682202798,0.9302483024196023,0.5754060324825986
2023-01-01T00:00:00.000000,2022-12-30T00:00:00.000000,relative_strength,correlation_filtered,0.75,inverse_volatility,100000000,327252743.8508687,227252743.8508687,2.2848082071527953,0.40593398297378,0.2952648013513914,-0.3072219591048925,1.326829967410113,1.7206093988266575,0.9345190978376652,0.574245939675174
2023-01-01T00:00:00.000000,2022-12-30T00:00:00.000000,relative_strength,correlation_filtered,0.8,equal,100000000,341860214.19050235,241860214.19050235,2.43038759416689,0.42350854816412475,0.306676717217204,-0.3061000132454198,1.3299083731112313,1.7702824310394603,0.9890695610070857,0.5603248259860789
2023-01-01T00:00:00.000000,2022-12-30T00:00:00.000000,relative_strength,correlation_filtered,0.8,alpha,100000000,342331798.299234,242331798.29923397,2.4355235395639436,0.42411876682453764,0.306969913022822,-0.30596022304477044,1.3303566942514744,1.7716084522643092,0.993901371831942,0.5591647331786543
2023-01-01T00:00:00.000000,2022-12-30T00:00:00.000000,relative_strength,correlation_filtered,0.8,alpha_volatility,100000000,325541374.59896135,225541374.59896135,2.2598907373542856,0.40287048399503367,0.29913173680367444,-0.30445834127444704,1.30597993658152,1.7215187197853425,0.9708082055094271,0.5638051044083526
2023-01-01T00:00:00.000000,2022-12-30T00:00:00.000000,relative_strength,correlation_filtered,0.8,inverse_volatility,100000000,325088007.62286127,225088007.62286127,2.2548919925948168,0.4022538985528825,0.2988520093381571,-0.3044806514236187,1.3054198372752102,1.7203399199412803,0.9706309599723069,0.5638051044083526
2023-01-01T00:00:00.000000,2022-12-30T00:00:00.000000,relative_strength,correlation_filtered,0.85,equal,100000000,341860214.19050235,241860214.19050235,2.43038759416689,0.42350854816412475,0.306676717217204,-0.3061000132454198,1.3299083731112313,1.7702824310394603,0.9890695610070857,0.5603248259860789
2023-01-01T00:00:00.000000,2022-12-30T00:00:00.000000,relative_strength,correlation_filtered,0.85,alpha,100000000,342331798.299234,242331798.29923397,2.4355235395639436,0.42411876682453764,0.306969913022822,-0.30596022304477044,1.3303566942514744,1.7716084522643092,0.993901371831942,0.5591647331786543
2023-01-01T00:00:00.000000,2022-12-30T00:00:00.000000,relative_strength,correlation_filtered,0.85,alpha_volatility,100000000,325541374.59896135,225541374.59896135,2.2598907373542856,0.40287048399503367,0.29913173680367444,-0.30445834127444704,1.30597993658152,1.7215187197853425,0.9708082055094271,0.5638051044083526
2023-01-01T00:00:00.000000,2022-12-30T00:00:00.000000,relative_strength,correlation_filtered,0.85,inverse_volatility,100000000,325088007.62286127,225088007.62286127,2.2548919925948168,0.4022538985528825,0.2988520093381571,-0.3044806514236187,1.3054198372752102,1.7203399199412803,0.9706309599723069,0.5638051044083526
2023-01-01T00:00:00.000000,2022-12-30T00:00:00.000000,trend_strength,top_n,None,equal,100000000,362680641.7411531,262680641.74115312,2.655441902638115,0.44965854639872904,0.31601175162879785,-0.3810006181765576,1.357847699023806,1.9751387145315682,1.0727896685691658,0.5417633410672854
2023-01-01T00:00:00.000000,2022-12-30T00:00:00.000000,trend_strength,top_n,None,alpha,100000000,363530771.93149173,263530771.93149173,2.6641086579092987,0.45064232052621844,0.3166430265584953,-0.38094733187698804,1.3579514582569616,1.9770768835213959,1.072875195358765,0.5417633410672854
2023-01-01T00:00:00.000000,2022-12-30T00:00:00.000000,trend_strength,top_n,None,alpha_volatility,100000000,352719182.51246476,252719182.51246476,2.5533144762561086,0.4379386072399363,0.30876100529843287,-0.38237813045870206,1.3556303935014573,1.9529463350645475,1.0423467566793827,0.548723897911833
2023-01-01T00:00:00.000000,2022-12-30T00:00:00.000000,trend_strength,top_n,None,inverse_volatility,100000000,351969688.6678055,251969688.6678055,2.545669461650627,0.4370516581378807,0.30820006990909177,-0.38235317513268496,1.3554980652234214,1.9511072196763672,1.0471536728087314,0.5475638051044084
2023-01-01T00:00:00.000000,2022-12-30T00:00:00.000000,trend_strength,correlation_filtered,None,equal,100000000,362680641.7411531,262680641.74115312,2.655441902638115,0.44965854639872904,0.31601175162879785,-0.3810006181765576,1.357847699023806,1.9751387145315682,1.0727896685691658,0.5417633410672854
2023-01-01T00:00:00.000000,2022-12-30T00:00:00.000000,trend_strength,correlation_filtered,None,alpha,100000000,363530771.93149173,263530771.93149173,2.6641086579092987,0.45064232052621844,0.3166430265584953,-0.38094733187698804,1.3579514582569616,1.9770768835213959,1.072875195358765,0.5417633410672854
2023-01-01T00:00:00.000000,2022-12-30T00:00:00.000000,trend_strength,correlation_filtered,None,alpha_volatility,100000000,352719182.51246476,252719182.51246476,2.5533144762561086,0.4379386072399363,0.30876100529843287,-0.38237813045870206,1.3556303935014573,1.9529463350645475,1.0423467566793827,0.548723897911833
2023-01-01T00:00:00.000000,2022-12-30T00:00:00.000000,trend_strength,correlation_filtered,None,inverse_volatility,100000000,351969688.6678055,251969688.6678055,2.545669461650627,0.4370516581378807,0.30820006990909177,-0.38235317513268496,1.3554980652234214,1.9511072196763672,1.0471536728087314,0.5475638051044084
2023-01-01T00:00:00.000000,2022-12-30T00:00:00.000000,trend_strength,correlation_filtered,0.7,equal,100000000,321856636.39095014,221856636.39095014,2.2267071172145116,0.3987646453217564,0.2942363602277283,-0.34828138925263596,1.312054381656944,1.8259975088033524,1.0046151767720015,0.5556844547563805
2023-01-01T00:00:00.000000,2022-12-30T00:00:00.000000,trend_strength,correlation_filtered,0.7,alpha,100000000,322844856.33282304,222844856.33282304,2.2369486464996147,0.40003504033998327,0.29481104120594137,-0.34833838275656226,1.3132117110229935,1.8294660541808834,1.0001642548975238,0.5568445475638051
2023-01-01T00:00:00.000000,2022-12-30T00:00:00.000000,trend_strength,correlation_filtered,0.7,alpha_volatility,100000000,319049853.28649914,219049853.28649914,2.1996076971099647,0.39538920278970857,0.2910237078045789,-0.35521226787158244,1.3148296758890454,1.825546757140708,0.9956112307482207,0.5580046403712297
2023-01-01T00:00:00.000000,2022-12-30T00:00:00.000000,trend_strength,correlation_filtered,0.7,inverse_volatility,100000000,318215079.15949905,218215079.15949905,2.1909504034189884,0.3943065717074383,0.2905221311054041,-0.35508773062476406,1.3138725520757657,1.8226016143820096,1.0000837632925683,0.5568445475638051
2023-01-01T00:00:00.000000,2022-12-30T00:00:00.000000,trend_strength,correlation_filtered,0.75,equal,100000000,362680641.7411531,262680641.74115312,2.655441902638115,0.44965854639872904,0.31601175162879785,-0.3810006181765576,1.357847699023806,1.9751387145315682,1.0727896685691658,0.5417633410672854
2023-01-01T00:00:00.000000,2022-12-30T00:00:00.000000,trend_strength,correlation_filtered,0.75,alpha,100000000,363530771.93149173,263530771.93149173,2.6641086579092987,0.45064232052621844,0.3166430265584953,-0.38094733187698804,1.3579514582569616,1.9770768835213959,1.072875195358765,0.5417633410672854
2023-01-01T00:00:00.000000,2022-12-30T00:00:00.000000,trend_strength,correlation_filtered,0.75,alpha_volatility,100000000,352719182.51246476,252719182.51246476,2.5533144762561086,0.4379386072399363,0.30876100529843287,-0.38237813045870206,1.3556303935014573,1.9529463350645475,1.0423467566793827,0.548723897911833
2023-01-01T00:00:00.000000,2022-12-30T00:00:00.000000,trend_strength,correlation_filtered,0.75,inverse_volatility,100000000,351969688.6678055,251969688.6678055,2.545669461650627,0.4370516581378807,0.30820006990909177,-0.38235317513268496,1.3554980652234214,1.9511072196763672,1.0471536728087314,0.5475638051044084
2023-01-01T00:00:00.000000,2022-12-30T00:00:00.000000,trend_strength,correlation_filtered,0.8,equal,100000000,362680641.7411531,262680641.74115312,2.655441902638115,0.44965854639872904,0.31601175162879785,-0.3810006181765576,1.357847699023806,1.9751387145315682,1.0727896685691658,0.5417633410672854
2023-01-01T00:00:00.000000,2022-12-30T00:00:00.000000,trend_strength,correlation_filtered,0.8,alpha,100000000,363530771.93149173,263530771.93149173,2.6641086579092987,0.45064232052621844,0.3166430265584953,-0.38094733187698804,1.3579514582569616,1.9770768835213959,1.072875195358765,0.5417633410672854
2023-01-01T00:00:00.000000,2022-12-30T00:00:00.000000,trend_strength,correlation_filtered,0.8,alpha_volatility,100000000,352719182.51246476,252719182.51246476,2.5533144762561086,0.4379386072399363,0.30876100529843287,-0.38237813045870206,1.3556303935014573,1.9529463350645475,1.0423467566793827,0.548723897911833
2023-01-01T00:00:00.000000,2022-12-30T00:00:00.000000,trend_strength,correlation_filtered,0.8,inverse_volatility,100000000,351969688.6678055,251969688.6678055,2.545669461650627,0.4370516581378807,0.30820006990909177,-0.38235317513268496,1.3554980652234214,1.9511072196763672,1.0471536728087314,0.5475638051044084
2023-01-01T00:00:00.000000,2022-12-30T00:00:00.000000,trend_strength,correlation_filtered,0.85,equal,100000000,362680641.7411531,262680641.74115312,2.655441902638115,0.44965854639872904,0.31601175162879785,-0.3810006181765576,1.357847699023806,1.9751387145315682,1.0727896685691658,0.5417633410672854
2023-01-01T00:00:00.000000,2022-12-30T00:00:00.000000,trend_strength,correlation_filtered,0.85,alpha,100000000,363530771.93149173,263530771.93149173,2.6641086579092987,0.45064232052621844,0.3166430265584953,-0.38094733187698804,1.3579514582569616,1.9770768835213959,1.072875195358765,0.5417633410672854
2023-01-01T00:00:00.000000,2022-12-30T00:00:00.000000,trend_strength,correlation_filtered,0.85,alpha_volatility,100000000,352719182.51246476,252719182.51246476,2.5533144762561086,0.4379386072399363,0.30876100529843287,-0.38237813045870206,1.3556303935014573,1.9529463350645475,1.0423467566793827,0.548723897911833
2023-01-01T00:00:00.000000,2022-12-30T00:00:00.000000,trend_strength,correlation_filtered,0.85,inverse_volatility,100000000,351969688.6678055,251969688.6678055,2.545669461650627,0.4370516581378807,0.30820006990909177,-0.38235317513268496,1.3554980652234214,1.9511072196763672,1.0471536728087314,0.5475638051044084
2023-01-01T00:00:00.000000,2022-12-30T00:00:00.000000,high_52w,top_n,None,equal,100000000,231903149.68053108,131903149.68053108,1.3068727073603004,0.27056121240890363,0.22220430604936822,-0.24221662889752893,1.2129412706587255,1.4453543720233006,0.9451909343985468,0.5672853828306265
2023-01-01T00:00:00.000000,2022-12-30T00:00:00.000000,high_52w,top_n,None,alpha,100000000,232504182.07822117,132504182.07822117,1.3127407967049955,0.2714862406309553,0.2226630445937148,-0.24342655272995317,1.214252342672763,1.4473690362936733,0.9498371932581466,0.5661252900232019
2023-01-01T00:00:00.000000,2022-12-30T00:00:00.000000,high_52w,top_n,None,alpha_volatility,100000000,228512353.97755793,128512353.97755793,1.2745609900101704,0.26543738733568745,0.2248320840027003,-0.26148233795073617,1.1832495382334467,1.3998353672446289,0.9153174266031904,0.574245939675174
2023-01-01T00:00:00.000000,2022-12-30T00:00:00.000000,high_52w,top_n,None,inverse_volatility,100000000,227802960.8143511,127802960.81435111,1.267591251058291,0.26432536125889716,0.22426276348014154,-0.26017391693373715,1.1816627723997384,1.3977858061625417,0.9151060958125375,0.574245939675174
2023-01-01T00:00:00.000000,2022-12-30T00:00:00.000000,high_52w,correlation_filtered,None,equal,100000000,231903149.68053108,131903149.68053108,1.3068727073603004,0.27056121240890363,0.22220430604936822,-0.24221662889752893,1.2129412706587255,1.4453543720233006,0.9451909343985468,0.5672853828306265
2023-01-01T00:00:00.000000,2022-12-30T00:00:00.000000,high_52w,correlation_filtered,None,alpha,100000000,232504182.07822117,132504182.07822117,1.3127407967049955,0.2714862406309553,0.2226630445937148,-0.24342655272995317,1.214252342672763,1.4473690362936733,0.9498371932581466,0.5661252900232019
2023-01-01T00:00:00.000000,2022-12-30T00:00:00.000000,high_52w,correlation_filtered,None,alpha_volatility,100000000,228512353.97755793,128512353.97755793,1.2745609900101704,0.26543738733568745,0.2248320840027003,-0.26148233795073617,1.1832495382334467,1.3998353672446289,0.9153174266031904,0.574245939675174
2023-01-01T00:00:00.000000,2022-12-30T00:00:00.000000,high_52w,correlation_filtered,None,inverse_volatility,100000000,227802960.8143511,127802960.81435111,1.267591251058291,0.26432536125889716,0.22426276348014154,-0.26017391693373715,1.1816627723997384,1.3977858061625417,0.9151060958125375,0.574245939675174
2023-01-01T00:00:00.000000,2022-12-30T00:00:00.000000,high_52w,correlation_filtered,0.7,equal,100000000,235770408.2487427,135770408.2487427,1.340818561368478,0.27588930591472716,0.22464048673473358,-0.24450008621877695,1.2212149074208092,1.4590749381705301,0.9491731092635206,0.5661252900232019
2023-01-01T00:00:00.000000,2022-12-30T00:00:00.000000,high_52w,correlation_filtered,0.7,alpha,100000000,236409234.53336048,136409234.53336048,1.3471061635057757,0.2768701378410574,0.22506579322510184,-0.24576024019139786,1.2228335145398603,1.4609894905904364,0.9494262123363333,0.5661252900232019
2023-01-01T00:00:00.000000,2022-12-30T00:00:00.000000,high_52w,correlation_filtered,0.7,alpha_volatility,100000000,235739215.8801346,135739215.8801346,1.3409670606291284,0.2759124926576546,0.22909132021917275,-0.2658744899209782,1.2022246637632308,1.4300334406790376,0.9520126195296285,0.5649651972157773
2023-01-01T00:00:00.000000,2022-12-30T00:00:00.000000,high_52w,correlation_filtered,0.7,inverse_volatility,100000000,234970102.32270026,134970102.32270026,1.3333711449393677,0.27472511423347057,0.22853027355241645,-0.26454474306842013,1.2004352307401094,1.4268092233171066,0.9427838029221128,0.5672853828306265
2023-01-01T00:00:00.000000,2022-12-30T00:00:00.000000,high_52w,correlation_filtered,0.75,equal,100000000,231903149.68053108,131903149.68053108,1.3068727073603004,0.27056121240890363,0.22220430604936822,-0.24221662889752893,1.2129412706587255,1.4453543720233006,0.9451909343985468,0.5672853828306265
2023-01-01T00:00:00.000000,2022-12-30T00:00:00.000000,high_52w,correlation_filtered,0.75,alpha,100000000,232504182.07822117,132504182.07822117,1.3127407967049955,0.2714862406309553,0.2226630445937148,-0.24342655272995317,1.214252342672763,1.4473690362936733,0.9498371932581466,0.5661252900232019
2023-01-01T00:00:00.000000,2022-12-30T00:00:00.000000,high_52w,correlation_filtered,0.75,alpha_volatility,100000000,228512353.97755793,128512353.97755793,1.2745609900101704,0.26543738733568745,0.2248320840027003,-0.26148233795073617,1.1832495382334467,1.3998353672446289,0.9153174266031904,0.574245939675174
2023-01-01T00:00:00.000000,2022-12-30T00:00:00.000000,high_52w,correlation_filtered,0.75,inverse_volatility,100000000,227802960.8143511,127802960.81435111,1.267591251058291,0.26432536125889716,0.22426276348014154,-0.26017391693373715,1.1816627723997384,1.3977858061625417,0.9151060958125375,0.574245939675174
2023-01-01T00:00:00.000000,2022-12-30T00:00:00.000000,high_52w,correlation_filtered,0.8,equal,100000000,231903149.68053108,131903149.68053108,1.3068727073603004,0.27056121240890363,0.22220430604936822,-0.24221662889752893,1.2129412706587255,1.4453543720233006,0.9451909343985468,0.5672853828306265
2023-01-01T00:00:00.000000,2022-12-30T00:00:00.000000,high_52w,correlation_filtered,0.8,alpha,100000000,232504182.07822117,132504182.07822117,1.3127407967049955,0.2714862406309553,0.2226630445937148,-0.24342655272995317,1.214252342672763,1.4473690362936733,0.9498371932581466,0.5661252900232019
2023-01-01T00:00:00.000000,2022-12-30T00:00:00.000000,high_52w,correlation_filtered,0.8,alpha_volatility,100000000,228512353.97755793,128512353.97755793,1.2745609900101704,0.26543738733568745,0.2248320840027003,-0.26148233795073617,1.1832495382334467,1.3998353672446289,0.9153174266031904,0.574245939675174
2023-01-01T00:00:00.000000,2022-12-30T00:00:00.000000,high_52w,correlation_filtered,0.8,inverse_volatility,100000000,227802960.8143511,127802960.81435111,1.267591251058291,0.26432536125889716,0.22426276348014154,-0.26017391693373715,1.1816627723997384,1.3977858061625417,0.9151060958125375,0.574245939675174
2023-01-01T00:00:00.000000,2022-12-30T00:00:00.000000,high_52w,correlation_filtered,0.85,equal,100000000,231903149.68053108,131903149.68053108,1.3068727073603004,0.27056121240890363,0.22220430604936822,-0.24221662889752893,1.2129412706587255,1.4453543720233006,0.9451909343985468,0.5672853828306265
2023-01-01T00:00:00.000000,2022-12-30T00:00:00.000000,high_52w,correlation_filtered,0.85,alpha,100000000,232504182.07822117,132504182.07822117,1.3127407967049955,0.2714862406309553,0.2226630445937148,-0.24342655272995317,1.214252342672763,1.4473690362936733,0.9498371932581466,0.5661252900232019
2023-01-01T00:00:00.000000,2022-12-30T00:00:00.000000,high_52w,correlation_filtered,0.85,alpha_volatility,100000000,228512353.97755793,128512353.97755793,1.2745609900101704,0.26543738733568745,0.2248320840027003,-0.26148233795073617,1.1832495382334467,1.3998353672446289,0.9153174266031904,0.574245939675174
2023-01-01T00:00:00.000000,2022-12-30T00:00:00.000000,high_52w,correlation_filtered,0.85,inverse_volatility,100000000,227802960.8143511,127802960.81435111,1.267591251058291,0.26432536125889716,0.22426276348014154,-0.26017391693373715,1.1816627723997384,1.3977858061625417,0.9151060958125375,0.574245939675174
2023-01-01T00:00:00.000000,2022-12-30T00:00:00.000000,breakout,top_n,None,equal,100000000,280869794.6406801,180869794.64068007,1.7980178554427657,0.3427943966666156,0.2522374588034865,-0.2586787533608259,1.3204598633352085,1.6109953852522156,0.9354699286400923,0.574245939675174
2023-01-01T00:00:00.000000,2022-12-30T00:00:00.000000,breakout,top_n,None,alpha,100000000,280794139.44689333,180794139.44689333,1.7970744563332413,0.3426646826855795,0.25193908585256874,-0.25755262394467315,1.3213443192519376,1.6117401391126025,0.9444977687711171,0.5719257540603249
2023-01-01T00:00:00.000000,2022-12-30T00:00:00.000000,breakout,top_n,None,alpha_volatility,100000000,286480929.94038177,186480929.94038177,1.8527341166067908,0.3502648779257209,0.25819541916615224,-0.25919655133743125,1.318229878066227,1.5917037203771067,0.9310357541063916,0.5754060324825986
2023-01-01T00:00:00.000000,2022-12-30T00:00:00.000000,breakout,top_n,None,inverse_volatility,100000000,286474150.1160761,186474150.1160761,1.852850995527875,0.35028072567388024,0.25835737406737364,-0.2609999486494774,1.3175990420498445,1.5920843715133968,0.9353733201851583,0.574245939675174
2023-01-01T00:00:00.000000,2022-12-30T00:00:00.000000,breakout,correlation_filtered,None,equal,100000000,280869794.6406801,180869794.64068007,1.7980178554427657,0.3427943966666156,0.2522374588034865,-0.2586787533608259,1.3204598633352085,1.6109953852522156,0.9354699286400923,0.574245939675174
2023-01-01T00:00:00.000000,2022-12-30T00:00:00.000000,breakout,correlation_filtered,None,alpha,100000000,280794139.44689333,180794139.44689333,1.7970744563332413,0.3426646826855795,0.25193908585256874,-0.25755262394467315,1.3213443192519376,1.6117401391126025,0.9444977687711171,0.5719257540603249
2023-01-01T00:00:00.000000,2022-12-30T00:00:00.000000,breakout,correlation_filtered,None,alpha_volatility,100000000,286480929.94038177,186480929.94038177,1.8527341166067908,0.3502648779257209,0.25819541916615224,-0.25919655133743125,1.318229878066227,1.5917037203771067,0.9310357541063916,0.5754060324825986
2023-01-01T00:00:00.000000,2022-12-30T00:00:00.000000,breakout,correlation_filtered,None,inverse_volatility,100000000,286474150.1160761,186474150.1160761,1.852850995527875,0.35028072567388024,0.25835737406737364,-0.2609999486494774,1.3175990420498445,1.5920843715133968,0.9353733201851583,0.574245939675174
2023-01-01T00:00:00.000000,2022-12-30T00:00:00.000000,breakout,correlation_filtered,0.7,equal,100000000,280869794.6406801,180869794.64068007,1.7980178554427657,0.3427943966666156,0.2522374588034865,-0.2586787533608259,1.3204598633352085,1.6109953852522156,0.9354699286400923,0.574245939675174
2023-01-01T00:00:00.000000,2022-12-30T00:00:00.000000,breakout,correlation_filtered,0.7,alpha,100000000,280794139.44689333,180794139.44689333,1.7970744563332413,0.3426646826855795,0.25193908585256874,-0.25755262394467315,1.3213443192519376,1.6117401391126025,0.9444977687711171,0.5719257540603249
2023-01-01T00:00:00.000000,2022-12-30T00:00:00.000000,breakout,correlation_filtered,0.7,alpha_volatility,100000000,286480929.94038177,186480929.94038177,1.8527341166067908,0.3502648779257209,0.25819541916615224,-0.25919655133743125,1.318229878066227,1.5917037203771067,0.9310357541063916,0.5754060324825986
2023-01-01T00:00:00.000000,2022-12-30T00:00:00.000000,breakout,correlation_filtered,0.7,inverse_volatility,100000000,286474150.1160761,186474150.1160761,1.852850995527875,0.35028072567388024,0.25835737406737364,-0.2609999486494774,1.3175990420498445,1.5920843715133968,0.9353733201851583,0.574245939675174
2023-01-01T00:00:00.000000,2022-12-30T00:00:00.000000,breakout,correlation_filtered,0.75,equal,100000000,280869794.6406801,180869794.64068007,1.7980178554427657,0.3427943966666156,0.2522374588034865,-0.2586787533608259,1.3204598633352085,1.6109953852522156,0.9354699286400923,0.574245939675174
2023-01-01T00:00:00.000000,2022-12-30T00:00:00.000000,breakout,correlation_filtered,0.75,alpha,100000000,280794139.44689333,180794139.44689333,1.7970744563332413,0.3426646826855795,0.25193908585256874,-0.25755262394467315,1.3213443192519376,1.6117401391126025,0.9444977687711171,0.5719257540603249
2023-01-01T00:00:00.000000,2022-12-30T00:00:00.000000,breakout,correlation_filtered,0.75,alpha_volatility,100000000,286480929.94038177,186480929.94038177,1.8527341166067908,0.3502648779257209,0.25819541916615224,-0.25919655133743125,1.318229878066227,1.5917037203771067,0.9310357541063916,0.5754060324825986
2023-01-01T00:00:00.000000,2022-12-30T00:00:00.000000,breakout,correlation_filtered,0.75,inverse_volatility,100000000,286474150.1160761,186474150.1160761,1.852850995527875,0.35028072567388024,0.25835737406737364,-0.2609999486494774,1.3175990420498445,1.5920843715133968,0.9353733201851583,0.574245939675174
2023-01-01T00:00:00.000000,2022-12-30T00:00:00.000000,breakout,correlation_filtered,0.8,equal,100000000,280869794.6406801,180869794.64068007,1.7980178554427657,0.3427943966666156,0.2522374588034865,-0.2586787533608259,1.3204598633352085,1.6109953852522156,0.9354699286400923,0.574245939675174
2023-01-01T00:00:00.000000,2022-12-30T00:00:00.000000,breakout,correlation_filtered,0.8,alpha,100000000,280794139.44689333,180794139.44689333,1.7970744563332413,0.3426646826855795,0.25193908585256874,-0.25755262394467315,1.3213443192519376,1.6117401391126025,0.9444977687711171,0.5719257540603249
2023-01-01T00:00:00.000000,2022-12-30T00:00:00.000000,breakout,correlation_filtered,0.8,alpha_volatility,100000000,286480929.94038177,186480929.94038177,1.8527341166067908,0.3502648779257209,0.25819541916615224,-0.25919655133743125,1.318229878066227,1.5917037203771067,0.9310357541063916,0.5754060324825986
2023-01-01T00:00:00.000000,2022-12-30T00:00:00.000000,breakout,correlation_filtered,0.8,inverse_volatility,100000000,286474150.1160761,186474150.1160761,1.852850995527875,0.35028072567388024,0.25835737406737364,-0.2609999486494774,1.3175990420498445,1.5920843715133968,0.9353733201851583,0.574245939675174
2023-01-01T00:00:00.000000,2022-12-30T00:00:00.000000,breakout,correlation_filtered,0.85,equal,100000000,280869794.6406801,180869794.64068007,1.7980178554427657,0.3427943966666156,0.2522374588034865,-0.2586787533608259,1.3204598633352085,1.6109953852522156,0.9354699286400923,0.574245939675174
2023-01-01T00:00:00.000000,2022-12-30T00:00:00.000000,breakout,correlation_filtered,0.85,alpha,100000000,280794139.44689333,180794139.44689333,1.7970744563332413,0.3426646826855795,0.25193908585256874,-0.25755262394467315,1.3213443192519376,1.6117401391126025,0.9444977687711171,0.5719257540603249
2023-01-01T00:00:00.000000,2022-12-30T00:00:00.000000,breakout,correlation_filtered,0.85,alpha_volatility,100000000,286480929.94038177,186480929.94038177,1.8527341166067908,0.3502648779257209,0.25819541916615224,-0.25919655133743125,1.318229878066227,1.5917037203771067,0.9310357541063916,0.5754060324825986
2023-01-01T00:00:00.000000,2022-12-30T00:00:00.000000,breakout,correlation_filtered,0.85,inverse_volatility,100000000,286474150.1160761,186474150.1160761,1.852850995527875,0.35028072567388024,0.25835737406737364,-0.2609999486494774,1.3175990420498445,1.5920843715133968,0.9353733201851583,0.574245939675174
2023-01-01T00:00:00.000000,2022-12-30T00:00:00.000000,volume_confirmation,top_n,None,equal,100000000,260567378.01377243,160567378.01377243,1.593956026243549,0.31397805559485326,0.2857195542617337,-0.26984986828807955,1.1211400662576334,1.3792649035204925,0.905621374606967,0.5737514518002322
2023-01-01T00:00:00.000000,2022-12-30T00:00:00.000000,volume_confirmation,top_n,None,alpha,100000000,260731181.3017022,160731181.3017022,1.5956616039125193,0.31422549860677695,0.28573500488820097,-0.27120012790218195,1.1217795551570187,1.3779919114195256,0.9014172008436557,0.5749128919860628
2023-01-01T00:00:00.000000,2022-12-30T00:00:00.000000,volume_confirmation,top_n,None,alpha_volatility,100000000,246525591.66919047,146525591.66919047,1.451909228640817,0.29294946630314733,0.2697428658851465,-0.25566420253323185,1.1098219582028637,1.3501567591028865,0.8988926348981962,0.5749128919860628
2023-01-01T00:00:00.000000,2022-12-30T00:00:00.000000,volume_confirmation,top_n,None,inverse_volatility,100000000,246160200.15157872,146160200.15157872,1.4482163585754182,0.29239131142103525,0.26969445272145004,-0.2560276278064917,1.1083301170421314,1.3493450477549331,0.8986768327761676,0.5749128919860628
2023-01-01T00:00:00.000000,2022-12-30T00:00:00.000000,volume_confirmation,correlation_filtered,None,equal,100000000,260567378.01377243,160567378.01377243,1.593956026243549,0.31397805559485326,0.2857195542617337,-0.26984986828807955,1.1211400662576334,1.3792649035204925,0.905621374606967,0.5737514518002322
2023-01-01T00:00:00.000000,2022-12-30T00:00:00.000000,volume_confirmation,correlation_filtered,None,alpha,100000000,260731181.3017022,160731181.3017022,1.5956616039125193,0.31422549860677695,0.28573500488820097,-0.27120012790218195,1.1217795551570187,1.3779919114195256,0.9014172008436557,0.5749128919860628
2023-01-01T00:00:00.000000,2022-12-30T00:00:00.000000,volume_confirmation,correlation_filtered,None,alpha_volatility,100000000,246525591.66919047,146525591.66919047,1.451909228640817,0.29294946630314733,0.2697428658851465,-0.25566420253323185,1.1098219582028637,1.3501567591028865,0.8988926348981962,0.5749128919860628
2023-01-01T00:00:00.000000,2022-12-30T00:00:00.000000,volume_confirmation,correlation_filtered,None,inverse_volatility,100000000,246160200.15157872,146160200.15157872,1.4482163585754182,0.29239131142103525,0.26969445272145004,-0.2560276278064917,1.1083301170421314,1.3493450477549331,0.8986768327761676,0.5749128919860628
2023-01-01T00:00:00.000000,2022-12-30T00:00:00.000000,volume_confirmation,correlation_filtered,0.7,equal,100000000,260567378.01377243,160567378.01377243,1.593956026243549,0.31397805559485326,0.2857195542617337,-0.26984986828807955,1.1211400662576334,1.3792649035204925,0.905621374606967,0.5737514518002322
2023-01-01T00:00:00.000000,2022-12-30T00:00:00.000000,volume_confirmation,correlation_filtered,0.7,alpha,100000000,260731181.3017022,160731181.3017022,1.5956616039125193,0.31422549860677695,0.28573500488820097,-0.27120012790218195,1.1217795551570187,1.3779919114195256,0.9014172008436557,0.5749128919860628
2023-01-01T00:00:00.000000,2022-12-30T00:00:00.000000,volume_confirmation,correlation_filtered,0.7,alpha_volatility,100000000,246525591.66919047,146525591.66919047,1.451909228640817,0.29294946630314733,0.2697428658851465,-0.25566420253323185,1.1098219582028637,1.3501567591028865,0.8988926348981962,0.5749128919860628
2023-01-01T00:00:00.000000,2022-12-30T00:00:00.000000,volume_confirmation,correlation_filtered,0.7,inverse_volatility,100000000,246160200.15157872,146160200.15157872,1.4482163585754182,0.29239131142103525,0.26969445272145004,-0.2560276278064917,1.1083301170421314,1.3493450477549331,0.8986768327761676,0.5749128919860628
2023-01-01T00:00:00.000000,2022-12-30T00:00:00.000000,volume_confirmation,correlation_filtered,0.75,equal,100000000,260567378.01377243,160567378.01377243,1.593956026243549,0.31397805559485326,0.2857195542617337,-0.26984986828807955,1.1211400662576334,1.3792649035204925,0.905621374606967,0.5737514518002322
2023-01-01T00:00:00.000000,2022-12-30T00:00:00.000000,volume_confirmation,correlation_filtered,0.75,alpha,100000000,260731181.3017022,160731181.3017022,1.5956616039125193,0.31422549860677695,0.28573500488820097,-0.27120012790218195,1.1217795551570187,1.3779919114195256,0.9014172008436557,0.5749128919860628
2023-01-01T00:00:00.000000,2022-12-30T00:00:00.000000,volume_confirmation,correlation_filtered,0.75,alpha_volatility,100000000,246525591.66919047,146525591.66919047,1.451909228640817,0.29294946630314733,0.2697428658851465,-0.25566420253323185,1.1098219582028637,1.3501567591028865,0.8988926348981962,0.5749128919860628
2023-01-01T00:00:00.000000,2022-12-30T00:00:00.000000,volume_confirmation,correlation_filtered,0.75,inverse_volatility,100000000,246160200.15157872,146160200.15157872,1.4482163585754182,0.29239131142103525,0.26969445272145004,-0.2560276278064917,1.1083301170421314,1.3493450477549331,0.8986768327761676,0.5749128919860628
2023-01-01T00:00:00.000000,2022-12-30T00:00:00.000000,volume_confirmation,correlation_filtered,0.8,equal,100000000,260567378.01377243,160567378.01377243,1.593956026243549,0.31397805559485326,0.2857195542617337,-0.26984986828807955,1.1211400662576334,1.3792649035204925,0.905621374606967,0.5737514518002322
2023-01-01T00:00:00.000000,2022-12-30T00:00:00.000000,volume_confirmation,correlation_filtered,0.8,alpha,100000000,260731181.3017022,160731181.3017022,1.5956616039125193,0.31422549860677695,0.28573500488820097,-0.27120012790218195,1.1217795551570187,1.3779919114195256,0.9014172008436557,0.5749128919860628
2023-01-01T00:00:00.000000,2022-12-30T00:00:00.000000,volume_confirmation,correlation_filtered,0.8,alpha_volatility,100000000,246525591.66919047,146525591.66919047,1.451909228640817,0.29294946630314733,0.2697428658851465,-0.25566420253323185,1.1098219582028637,1.3501567591028865,0.8988926348981962,0.5749128919860628
2023-01-01T00:00:00.000000,2022-12-30T00:00:00.000000,volume_confirmation,correlation_filtered,0.8,inverse_volatility,100000000,246160200.15157872,146160200.15157872,1.4482163585754182,0.29239131142103525,0.26969445272145004,-0.2560276278064917,1.1083301170421314,1.3493450477549331,0.8986768327761676,0.5749128919860628
2023-01-01T00:00:00.000000,2022-12-30T00:00:00.000000,volume_confirmation,correlation_filtered,0.85,equal,100000000,260567378.01377243,160567378.01377243,1.593956026243549,0.31397805559485326,0.2857195542617337,-0.26984986828807955,1.1211400662576334,1.3792649035204925,0.905621374606967,0.5737514518002322
2023-01-01T00:00:00.000000,2022-12-30T00:00:00.000000,volume_confirmation,correlation_filtered,0.85,alpha,100000000,260731181.3017022,160731181.3017022,1.5956616039125193,0.31422549860677695,0.28573500488820097,-0.27120012790218195,1.1217795551570187,1.3779919114195256,0.9014172008436557,0.5749128919860628
2023-01-01T00:00:00.000000,2022-12-30T00:00:00.000000,volume_confirmation,correlation_filtered,0.85,alpha_volatility,100000000,246525591.66919047,146525591.66919047,1.451909228640817,0.29294946630314733,0.2697428658851465,-0.25566420253323185,1.1098219582028637,1.3501567591028865,0.8988926348981962,0.5749128919860628
2023-01-01T00:00:00.000000,2022-12-30T00:00:00.000000,volume_confirmation,correlation_filtered,0.85,inverse_volatility,100000000,246160200.15157872,146160200.15157872,1.4482163585754182,0.29239131142103525,0.26969445272145004,-0.2560276278064917,1.1083301170421314,1.3493450477549331,0.8986768327761676,0.5749128919860628
2023-01-01T00:00:00.000000,2022-12-30T00:00:00.000000,technical_composite,top_n,None,equal,100000000,209032231.0436306,109032231.0436306,1.0860528287769897,0.23446081054843138,0.2582624049116159,-0.28284878979949946,0.9635332475911114,1.2728138735382104,0.9468700634291174,0.554006968641115
2023-01-01T00:00:00.000000,2022-12-30T00:00:00.000000,technical_composite,top_n,None,alpha,100000000,209020947.7985656,109020947.7985656,1.085753421240156,0.23441005108617308,0.25857910548711616,-0.28184712873880424,0.96250886716887,1.2727667305409465,0.9378259280141918,0.5563298490127758
2023-01-01T00:00:00.000000,2022-12-30T00:00:00.000000,technical_composite,top_n,None,alpha_volatility,100000000,207398421.6248693,107398421.62486929,1.069346333961728,0.23162052387463228,0.25919226435858594,-0.2751691807978901,0.9519558340651939,1.258519216245572,0.9586983388513484,0.5505226480836237
2023-01-01T00:00:00.000000,2022-12-30T00:00:00.000000,technical_composite,top_n,None,inverse_volatility,100000000,207369772.63336065,107369772.63336065,1.0692296590948724,0.23160063043751844,0.25874211695063937,-0.2757791888736295,0.9530982265535531,1.2589057652261693,0.945440709923775,0.554006968641115
2023-01-01T00:00:00.000000,2022-12-30T00:00:00.000000,technical_composite,correlation_filtered,None,equal,100000000,209032231.0436306,109032231.0436306,1.0860528287769897,0.23446081054843138,0.2582624049116159,-0.28284878979949946,0.9635332475911114,1.2728138735382104,0.9468700634291174,0.554006968641115
2023-01-01T00:00:00.000000,2022-12-30T00:00:00.000000,technical_composite,correlation_filtered,None,alpha,100000000,209020947.7985656,109020947.7985656,1.085753421240156,0.23441005108617308,0.25857910548711616,-0.28184712873880424,0.96250886716887,1.2727667305409465,0.9378259280141918,0.5563298490127758
2023-01-01T00:00:00.000000,2022-12-30T00:00:00.000000,technical_composite,correlation_filtered,None,alpha_volatility,100000000,207398421.6248693,107398421.62486929,1.069346333961728,0.23162052387463228,0.25919226435858594,-0.2751691807978901,0.9519558340651939,1.258519216245572,0.9586983388513484,0.5505226480836237
2023-01-01T00:00:00.000000,2022-12-30T00:00:00.000000,technical_composite,correlation_filtered,None,inverse_volatility,100000000,207369772.63336065,107369772.63336065,1.0692296590948724,0.23160063043751844,0.25874211695063937,-0.2757791888736295,0.9530982265535531,1.2589057652261693,0.945440709923775,0.554006968641115
2023-01-01T00:00:00.000000,2022-12-30T00:00:00.000000,technical_composite,correlation_filtered,0.7,equal,100000000,215600845.54569757,115600845.54569757,1.1430778328704831,0.24403510171812326,0.24542384035309894,-0.2672295473179641,1.0327577168844697,1.3734299259866307,0.9182139756573892,0.5644599303135889
2023-01-01T00:00:00.000000,2022-12-30T00:00:00.000000,technical_composite,correlation_filtered,0.7,alpha,100000000,215432614.6656391,115432614.6656391,1.1414321979753494,0.24376136867176235,0.24596433548664134,-0.2664844544272731,1.0301154680151547,1.3711968804279921,0.9221260444835916,0.5632984901277585
2023-01-01T00:00:00.000000,2022-12-30T00:00:00.000000,technical_composite,correlation_filtered,0.7,alpha_volatility,100000000,214400605.57103878,114400605.57103878,1.1296491378104117,0.2417969897342147,0.2447089494422336,-0.25578685003313073,1.0275663261610366,1.3653534487344878,0.9395346526969987,0.5586527293844367
2023-01-01T00:00:00.000000,2022-12-30T00:00:00.000000,technical_composite,correlation_filtered,0.7,inverse_volatility,100000000,214549164.1353569,114549164.1353569,1.1310458568424635,0.24203024424104624,0.2440378045934168,-0.2555669859797832,1.030506842330581,1.3672171188321391,0.9356233471432962,0.5598141695702671
2023-01-01T00:00:00.000000,2022-12-30T00:00:00.000000,technical_composite,correlation_filtered,0.75,equal,100000000,215600845.54569757,115600845.54569757,1.1430778328704831,0.24403510171812326,0.24542384035309894,-0.2672295473179641,1.0327577168844697,1.3734299259866307,0.9182139756573892,0.5644599303135889
2023-01-01T00:00:00.000000,2022-12-30T00:00:00.000000,technical_composite,correlation_filtered,0.75,alpha,100000000,215432614.6656391,115432614.6656391,1.1414321979753494,0.24376136867176235,0.24596433548664134,-0.2664844544272731,1.0301154680151547,1.3711968804279921,0.9221260444835916,0.5632984901277585
2023-01-01T00:00:00.000000,2022-12-30T00:00:00.000000,technical_composite,correlation_filtered,0.75,alpha_volatility,100000000,214400605.57103878,114400605.57103878,1.1296491378104117,0.2417969897342147,0.2447089494422336,-0.25578685003313073,1.0275663261610366,1.3653534487344878,0.9395346526969987,0.5586527293844367
2023-01-01T00:00:00.000000,2022-12-30T00:00:00.000000,technical_composite,correlation_filtered,0.75,inverse_volatility,100000000,214549164.1353569,114549164.1353569,1.1310458568424635,0.24203024424104624,0.2440378045934168,-0.2555669859797832,1.030506842330581,1.3672171188321391,0.9356233471432962,0.5598141695702671
2023-01-01T00:00:00.000000,2022-12-30T00:00:00.000000,technical_composite,correlation_filtered,0.8,equal,100000000,209032231.0436306,109032231.0436306,1.0860528287769897,0.23446081054843138,0.2582624049116159,-0.28284878979949946,0.9635332475911114,1.2728138735382104,0.9468700634291174,0.554006968641115
2023-01-01T00:00:00.000000,2022-12-30T00:00:00.000000,technical_composite,correlation_filtered,0.8,alpha,100000000,209020947.7985656,109020947.7985656,1.085753421240156,0.23441005108617308,0.25857910548711616,-0.28184712873880424,0.96250886716887,1.2727667305409465,0.9378259280141918,0.5563298490127758
2023-01-01T00:00:00.000000,2022-12-30T00:00:00.000000,technical_composite,correlation_filtered,0.8,alpha_volatility,100000000,207398421.6248693,107398421.62486929,1.069346333961728,0.23162052387463228,0.25919226435858594,-0.2751691807978901,0.9519558340651939,1.258519216245572,0.9586983388513484,0.5505226480836237
2023-01-01T00:00:00.000000,2022-12-30T00:00:00.000000,technical_composite,correlation_filtered,0.8,inverse_volatility,100000000,207369772.63336065,107369772.63336065,1.0692296590948724,0.23160063043751844,0.25874211695063937,-0.2757791888736295,0.9530982265535531,1.2589057652261693,0.945440709923775,0.554006968641115
2023-01-01T00:00:00.000000,2022-12-30T00:00:00.000000,technical_composite,correlation_filtered,0.85,equal,100000000,209032231.0436306,109032231.0436306,1.0860528287769897,0.23446081054843138,0.2582624049116159,-0.28284878979949946,0.9635332475911114,1.2728138735382104,0.9468700634291174,0.554006968641115
2023-01-01T00:00:00.000000,2022-12-30T00:00:00.000000,technical_composite,correlation_filtered,0.85,alpha,100000000,209020947.7985656,109020947.7985656,1.085753421240156,0.23441005108617308,0.25857910548711616,-0.28184712873880424,0.96250886716887,1.2727667305409465,0.9378259280141918,0.5563298490127758
2023-01-01T00:00:00.000000,2022-12-30T00:00:00.000000,technical_composite,correlation_filtered,0.85,alpha_volatility,100000000,207398421.6248693,107398421.62486929,1.069346333961728,0.23162052387463228,0.25919226435858594,-0.2751691807978901,0.9519558340651939,1.258519216245572,0.9586983388513484,0.5505226480836237
2023-01-01T00:00:00.000000,2022-12-30T00:00:00.000000,technical_composite,correlation_filtered,0.85,inverse_volatility,100000000,207369772.63336065,107369772.63336065,1.0692296590948724,0.23160063043751844,0.25874211695063937,-0.2757791888736295,0.9530982265535531,1.2589057652261693,0.945440709923775,0.554006968641115
2023-07-01T00:00:00.000000,2023-06-30T00:00:00.000000,momentum_12_1,top_n,None,equal,100000000,258404146.24405512,158404146.24405512,1.5643207737296407,0.36983137707991753,0.2959518009724701,-0.3184865248152178,1.2328044085811178,1.6720163794405019,1.0572068266455317,0.5391891891891892
2023-07-01T00:00:00.000000,2023-06-30T00:00:00.000000,momentum_12_1,top_n,None,alpha,100000000,259014499.52823293,159014499.52823293,1.5704110377084968,0.3709176973211763,0.29649384517530164,-0.31832343031922117,1.2338212447982215,1.6738168141938885,1.0632090056102406,0.5378378378378378
2023-07-01T00:00:00.000000,2023-06-30T00:00:00.000000,momentum_12_1,top_n,None,alpha_volatility,100000000,240370848.02549306,140370848.02549306,1.3794650270965705,0.3360073601692952,0.28214151479673216,-0.3115225719628981,1.1886588345377753,1.574784694091277,1.0325964637178986,0.5432432432432432
2023-07-01T00:00:00.000000,2023-06-30T00:00:00.000000,momentum_12_1,top_n,None,inverse_volatility,100000000,239731207.44468948,139731207.44468948,1.3731101043584992,0.3348139316661922,0.28155449308800307,-0.3115603058839794,1.187308133537938,1.5729816621998347,1.0323000195329184,0.5432432432432432
2023-07-01T00:00:00.000000,2023-06-30T00:00:00.000000,momentum_12_1,correlation_filtered,None,equal,100000000,258404146.24405512,158404146.24405512,1.5643207737296407,0.36983137707991753,0.2959518009724701,-0.3184865248152178,1.2328044085811178,1.6720163794405019,1.0572068266455317,0.5391891891891892
2023-07-01T00:00:00.000000,2023-06-30T00:00:00.000000,momentum_12_1,correlation_filtered,None,alpha,100000000,259014499.52823293,159014499.52823293,1.5704110377084968,0.3709176973211763,0.29649384517530164,-0.31832343031922117,1.2338212447982215,1.6738168141938885,1.0632090056102406,0.5378378378378378
2023-07-01T00:00:00.000000,2023-06-30T00:00:00.000000,momentum_12_1,correlation_filtered,None,alpha_volatility,100000000,240370848.02549306,140370848.02549306,1.3794650270965705,0.3360073601692952,0.28214151479673216,-0.3115225719628981,1.1886588345377753,1.574784694091277,1.0325964637178986,0.5432432432432432
2023-07-01T00:00:00.000000,2023-06-30T00:00:00.000000,momentum_12_1,correlation_filtered,None,inverse_volatility,100000000,239731207.44468948,139731207.44468948,1.3731101043584992,0.3348139316661922,0.28155449308800307,-0.3115603058839794,1.187308133537938,1.5729816621998347,1.0323000195329184,0.5432432432432432
2023-07-01T00:00:00.000000,2023-06-30T00:00:00.000000,momentum_12_1,correlation_filtered,0.7,equal,100000000,258404146.24405512,158404146.24405512,1.5643207737296407,0.36983137707991753,0.2959518009724701,-0.3184865248152178,1.2328044085811178,1.6720163794405019,1.0572068266455317,0.5391891891891892
2023-07-01T00:00:00.000000,2023-06-30T00:00:00.000000,momentum_12_1,correlation_filtered,0.7,alpha,100000000,259014499.52823293,159014499.52823293,1.5704110377084968,0.3709176973211763,0.29649384517530164,-0.31832343031922117,1.2338212447982215,1.6738168141938885,1.0632090056102406,0.5378378378378378
2023-07-01T00:00:00.000000,2023-06-30T00:00:00.000000,momentum_12_1,correlation_filtered,0.7,alpha_volatility,100000000,240370848.02549306,140370848.02549306,1.3794650270965705,0.3360073601692952,0.28214151479673216,-0.3115225719628981,1.1886588345377753,1.574784694091277,1.0325964637178986,0.5432432432432432
2023-07-01T00:00:00.000000,2023-06-30T00:00:00.000000,momentum_12_1,correlation_filtered,0.7,inverse_volatility,100000000,239731207.44468948,139731207.44468948,1.3731101043584992,0.3348139316661922,0.28155449308800307,-0.3115603058839794,1.187308133537938,1.5729816621998347,1.0323000195329184,0.5432432432432432
2023-07-01T00:00:00.000000,2023-06-30T00:00:00.000000,momentum_12_1,correlation_filtered,0.75,equal,100000000,258404146.24405512,158404146.24405512,1.5643207737296407,0.36983137707991753,0.2959518009724701,-0.3184865248152178,1.2328044085811178,1.6720163794405019,1.0572068266455317,0.5391891891891892
2023-07-01T00:00:00.000000,2023-06-30T00:00:00.000000,momentum_12_1,correlation_filtered,0.75,alpha,100000000,259014499.52823293,159014499.52823293,1.5704110377084968,0.3709176973211763,0.29649384517530164,-0.31832343031922117,1.2338212447982215,1.6738168141938885,1.0632090056102406,0.5378378378378378
2023-07-01T00:00:00.000000,2023-06-30T00:00:00.000000,momentum_12_1,correlation_filtered,0.75,alpha_volatility,100000000,240370848.02549306,140370848.02549306,1.3794650270965705,0.3360073601692952,0.28214151479673216,-0.3115225719628981,1.1886588345377753,1.574784694091277,1.0325964637178986,0.5432432432432432
2023-07-01T00:00:00.000000,2023-06-30T00:00:00.000000,momentum_12_1,correlation_filtered,0.75,inverse_volatility,100000000,239731207.44468948,139731207.44468948,1.3731101043584992,0.3348139316661922,0.28155449308800307,-0.3115603058839794,1.187308133537938,1.5729816621998347,1.0323000195329184,0.5432432432432432
2023-07-01T00:00:00.000000,2023-06-30T00:00:00.000000,momentum_12_1,correlation_filtered,0.8,equal,100000000,258404146.24405512,158404146.24405512,1.5643207737296407,0.36983137707991753,0.2959518009724701,-0.3184865248152178,1.2328044085811178,1.6720163794405019,1.0572068266455317,0.5391891891891892
2023-07-01T00:00:00.000000,2023-06-30T00:00:00.000000,momentum_12_1,correlation_filtered,0.8,alpha,100000000,259014499.52823293,159014499.52823293,1.5704110377084968,0.3709176973211763,0.29649384517530164,-0.31832343031922117,1.2338212447982215,1.6738168141938885,1.0632090056102406,0.5378378378378378
2023-07-01T00:00:00.000000,2023-06-30T00:00:00.000000,momentum_12_1,correlation_filtered,0.8,alpha_volatility,100000000,240370848.02549306,140370848.02549306,1.3794650270965705,0.3360073601692952,0.28214151479673216,-0.3115225719628981,1.1886588345377753,1.574784694091277,1.0325964637178986,0.5432432432432432
2023-07-01T00:00:00.000000,2023-06-30T00:00:00.000000,momentum_12_1,correlation_filtered,0.8,inverse_volatility,100000000,239731207.44468948,139731207.44468948,1.3731101043584992,0.3348139316661922,0.28155449308800307,-0.3115603058839794,1.187308133537938,1.5729816621998347,1.0323000195329184,0.5432432432432432
2023-07-01T00:00:00.000000,2023-06-30T00:00:00.000000,momentum_12_1,correlation_filtered,0.85,equal,100000000,258404146.24405512,158404146.24405512,1.5643207737296407,0.36983137707991753,0.2959518009724701,-0.3184865248152178,1.2328044085811178,1.6720163794405019,1.0572068266455317,0.5391891891891892
2023-07-01T00:00:00.000000,2023-06-30T00:00:00.000000,momentum_12_1,correlation_filtered,0.85,alpha,100000000,259014499.52823293,159014499.52823293,1.5704110377084968,0.3709176973211763,0.29649384517530164,-0.31832343031922117,1.2338212447982215,1.6738168141938885,1.0632090056102406,0.5378378378378378
2023-07-01T00:00:00.000000,2023-06-30T00:00:00.000000,momentum_12_1,correlation_filtered,0.85,alpha_volatility,100000000,240370848.02549306,140370848.02549306,1.3794650270965705,0.3360073601692952,0.28214151479673216,-0.3115225719628981,1.1886588345377753,1.574784694091277,1.0325964637178986,0.5432432432432432
2023-07-01T00:00:00.000000,2023-06-30T00:00:00.000000,momentum_12_1,correlation_filtered,0.85,inverse_volatility,100000000,239731207.44468948,139731207.44468948,1.3731101043584992,0.3348139316661922,0.28155449308800307,-0.3115603058839794,1.187308133537938,1.5729816621998347,1.0323000195329184,0.5432432432432432
2023-07-01T00:00:00.000000,2023-06-30T00:00:00.000000,momentum_6m,top_n,None,equal,100000000,444523197.8086115,344523197.8086115,3.419173095845805,0.6430655855317686,0.2923195104533213,-0.3240676601405037,1.8818147325747023,2.5170403745660033,0.9529972574911878,0.5899864682002707
2023-07-01T00:00:00.000000,2023-06-30T00:00:00.000000,momentum_6m,top_n,None,alpha,100000000,443240623.33340794,343240623.33340794,3.4062131868681247,0.6414537883358244,0.29227630279095507,-0.3243524325413333,1.878617265919518,2.513289112410116,0.9471562892699602,0.591339648173207
2023-07-01T00:00:00.000000,2023-06-30T00:00:00.000000,momentum_6m,top_n,None,alpha_volatility,100000000,398965544.70722276,298965544.70722276,2.967260024264455,0.5848889047874462,0.29249071861658466,-0.3188645947911599,1.754951608862342,2.2903798770249084,0.9315927424091268,0.591339648173207
2023-07-01T00:00:00.000000,2023-06-30T00:00:00.000000,momentum_6m,top_n,None,inverse_volatility,100000000,399843264.2341379,299843264.2341379,2.976213351847479,0.5860832687401298,0.29259297818071045,-0.3186328394350778,1.7570717016234807,2.2929400897178365,0.9319685254990592,0.591339648173207
2023-07-01T00:00:00.000000,2023-06-30T00:00:00.000000,momentum_6m,correlation_filtered,None,equal,100000000,444523197.8086115,344523197.8086115,3.419173095845805,0.6430655855317686,0.2923195104533213,-0.3240676601405037,1.8818147325747023,2.5170403745660033,0.9529972574911878,0.5899864682002707
2023-07-01T00:00:00.000000,2023-06-30T00:00:00.000000,momentum_6m,correlation_filtered,None,alpha,100000000,443240623.33340794,343240623.33340794,3.4062131868681247,0.6414537883358244,0.29227630279095507,-0.3243524325413333,1.878617265919518,2.513289112410116,0.9471562892699602,0.591339648173207
2023-07-01T00:00:00.000000,2023-06-30T00:00:00.000000,momentum_6m,correlation_filtered,None,alpha_volatility,100000000,398965544.70722276,298965544.70722276,2.967260024264455,0.5848889047874462,0.29249071861658466,-0.3188645947911599,1.754951608862342,2.2903798770249084,0.9315927424091268,0.591339648173207
2023-07-01T00:00:00.000000,2023-06-30T00:00:00.000000,momentum_6m,correlation_filtered,None,inverse_volatility,100000000,399843264.2341379,299843264.2341379,2.976213351847479,0.5860832687401298,0.29259297818071045,-0.3186328394350778,1.7570717016234807,2.2929400897178365,0.9319685254990592,0.591339648173207
2023-07-01T00:00:00.000000,2023-06-30T00:00:00.000000,momentum_6m,correlation_filtered,0.7,equal,100000000,444523197.8086115,344523197.8086115,3.419173095845805,0.6430655855317686,0.2923195104533213,-0.3240676601405037,1.8818147325747023,2.5170403745660033,0.9529972574911878,0.5899864682002707
2023-07-01T00:00:00.000000,2023-06-30T00:00:00.000000,momentum_6m,correlation_filtered,0.7,alpha,100000000,443240623.33340794,343240623.33340794,3.4062131868681247,0.6414537883358244,0.29227630279095507,-0.3243524325413333,1.878617265919518,2.513289112410116,0.9471562892699602,0.591339648173207
2023-07-01T00:00:00.000000,2023-06-30T00:00:00.000000,momentum_6m,correlation_filtered,0.7,alpha_volatility,100000000,398965544.70722276,298965544.70722276,2.967260024264455,0.5848889047874462,0.29249071861658466,-0.3188645947911599,1.754951608862342,2.2903798770249084,0.9315927424091268,0.591339648173207
2023-07-01T00:00:00.000000,2023-06-30T00:00:00.000000,momentum_6m,correlation_filtered,0.7,inverse_volatility,100000000,399843264.2341379,299843264.2341379,2.976213351847479,0.5860832687401298,0.29259297818071045,-0.3186328394350778,1.7570717016234807,2.2929400897178365,0.9319685254990592,0.591339648173207
2023-07-01T00:00:00.000000,2023-06-30T00:00:00.000000,momentum_6m,correlation_filtered,0.75,equal,100000000,444523197.8086115,344523197.8086115,3.419173095845805,0.6430655855317686,0.2923195104533213,-0.3240676601405037,1.8818147325747023,2.5170403745660033,0.9529972574911878,0.5899864682002707
2023-07-01T00:00:00.000000,2023-06-30T00:00:00.000000,momentum_6m,correlation_filtered,0.75,alpha,100000000,443240623.33340794,343240623.33340794,3.4062131868681247,0.6414537883358244,0.29227630279095507,-0.3243524325413333,1.878617265919518,2.513289112410116,0.9471562892699602,0.591339648173207
2023-07-01T00:00:00.000000,2023-06-30T00:00:00.000000,momentum_6m,correlation_filtered,0.75,alpha_volatility,100000000,398965544.70722276,298965544.70722276,2.967260024264455,0.5848889047874462,0.29249071861658466,-0.3188645947911599,1.754951608862342,2.2903798770249084,0.9315927424091268,0.591339648173207
2023-07-01T00:00:00.000000,2023-06-30T00:00:00.000000,momentum_6m,correlation_filtered,0.75,inverse_volatility,100000000,399843264.2341379,299843264.2341379,2.976213351847479,0.5860832687401298,0.29259297818071045,-0.3186328394350778,1.7570717016234807,2.2929400897178365,0.9319685254990592,0.591339648173207
2023-07-01T00:00:00.000000,2023-06-30T00:00:00.000000,momentum_6m,correlation_filtered,0.8,equal,100000000,444523197.8086115,344523197.8086115,3.419173095845805,0.6430655855317686,0.2923195104533213,-0.3240676601405037,1.8818147325747023,2.5170403745660033,0.9529972574911878,0.5899864682002707
2023-07-01T00:00:00.000000,2023-06-30T00:00:00.000000,momentum_6m,correlation_filtered,0.8,alpha,100000000,443240623.33340794,343240623.33340794,3.4062131868681247,0.6414537883358244,0.29227630279095507,-0.3243524325413333,1.878617265919518,2.513289112410116,0.9471562892699602,0.591339648173207
2023-07-01T00:00:00.000000,2023-06-30T00:00:00.000000,momentum_6m,correlation_filtered,0.8,alpha_volatility,100000000,398965544.70722276,298965544.70722276,2.967260024264455,0.5848889047874462,0.29249071861658466,-0.3188645947911599,1.754951608862342,2.2903798770249084,0.9315927424091268,0.591339648173207
2023-07-01T00:00:00.000000,2023-06-30T00:00:00.000000,momentum_6m,correlation_filtered,0.8,inverse_volatility,100000000,399843264.2341379,299843264.2341379,2.976213351847479,0.5860832687401298,0.29259297818071045,-0.3186328394350778,1.7570717016234807,2.2929400897178365,0.9319685254990592,0.591339648173207
2023-07-01T00:00:00.000000,2023-06-30T00:00:00.000000,momentum_6m,correlation_filtered,0.85,equal,100000000,444523197.8086115,344523197.8086115,3.419173095845805,0.6430655855317686,0.2923195104533213,-0.3240676601405037,1.8818147325747023,2.5170403745660033,0.9529972574911878,0.5899864682002707
2023-07-01T00:00:00.000000,2023-06-30T00:00:00.000000,momentum_6m,correlation_filtered,0.85,alpha,100000000,443240623.33340794,343240623.33340794,3.4062131868681247,0.6414537883358244,0.29227630279095507,-0.3243524325413333,1.878617265919518,2.513289112410116,0.9471562892699602,0.591339648173207
2023-07-01T00:00:00.000000,2023-06-30T00:00:00.000000,momentum_6m,correlation_filtered,0.85,alpha_volatility,100000000,398965544.70722276,298965544.70722276,2.967260024264455,0.5848889047874462,0.29249071861658466,-0.3188645947911599,1.754951608862342,2.2903798770249084,0.9315927424091268,0.591339648173207
2023-07-01T00:00:00.000000,2023-06-30T00:00:00.000000,momentum_6m,correlation_filtered,0.85,inverse_volatility,100000000,399843264.2341379,299843264.2341379,2.976213351847479,0.5860832687401298,0.29259297818071045,-0.3186328394350778,1.7570717016234807,2.2929400897178365,0.9319685254990592,0.591339648173207
2023-07-01T00:00:00.000000,2023-06-30T00:00:00.000000,momentum_3m,top_n,None,equal,100000000,544500209.9932058,444500209.9932058,4.372387362684072,0.7538864624078805,0.494780633968473,-0.314821370651471,1.4939239257490575,3.4530191801238126,1.055406609263487,0.583710407239819
2023-07-01T00:00:00.000000,2023-06-30T00:00:00.000000,momentum_3m,top_n,None,alpha,100000000,543590784.6466608,443590784.6466608,4.363796554609646,0.752948750183345,0.4937587909492101,-0.3147918618887724,1.4951133194747535,3.4517759457929924,1.0487481408034387,0.5852187028657617
2023-07-01T00:00:00.000000,2023-06-30T00:00:00.000000,momentum_3m,top_n,None,alpha_volatility,100000000,500968989.86362374,400968989.86362374,3.9457392882315006,0.7060534662953046,0.4700092539872885,-0.31336527668492997,1.4886125389664198,3.3082902608286284,1.018352416308276,0.5897435897435898
2023-07-01T00:00:00.000000,2023-06-30T00:00:00.000000,momentum_3m,top_n,None,inverse_volatility,100000000,501403257.88750833,401403257.88750833,3.9496692139748877,0.7065063648912588,0.47092693434514454,-0.3134001396959656,1.486968653599134,3.307205007654347,1.031068524700426,0.5867269984917044
2023-07-01T00:00:00.000000,2023-06-30T00:00:00.000000,momentum_3m,correlation_filtered,None,equal,100000000,544500209.9932058,444500209.9932058,4.372387362684072,0.7538864624078805,0.494780633968473,-0.314821370651471,1.4939239257490575,3.4530191801238126,1.055406609263487,0.583710407239819
2023-07-01T00:00:00.000000,2023-06-30T00:00:00.000000,momentum_3m,correlation_filtered,None,alpha,100000000,543590784.6466608,443590784.6466608,4.363796554609646,0.752948750183345,0.4937587909492101,-0.3147918618887724,1.4951133194747535,3.4517759457929924,1.0487481408034387,0.5852187028657617
2023-07-01T00:00:00.000000,2023-06-30T00:00:00.000000,momentum_3m,correlation_filtered,None,alpha_volatility,100000000,500968989.86362374,400968989.86362374,3.9457392882315006,0.7060534662953046,0.4700092539872885,-0.31336527668492997,1.4886125389664198,3.3082902608286284,1.018352416308276,0.5897435897435898
2023-07-01T00:00:00.000000,2023-06-30T00:00:00.000000,momentum_3m,correlation_filtered,None,inverse_volatility,100000000,501403257.88750833,401403257.88750833,3.9496692139748877,0.7065063648912588,0.47092693434514454,-0.3134001396959656,1.486968653599134,3.307205007654347,1.031068524700426,0.5867269984917044
2023-07-01T00:00:00.000000,2023-06-30T00:00:00.000000,momentum_3m,correlation_filtered,0.7,equal,100000000,544500209.9932058,444500209.9932058,4.372387362684072,0.7538864624078805,0.494780633968473,-0.314821370651471,1.4939239257490575,3.4530191801238126,1.055406609263487,0.583710407239819
2023-07-01T00:00:00.000000,2023-06-30T00:00:00.000000,momentum_3m,correlation_filtered,0.7,alpha,100000000,543590784.6466608,443590784.6466608,4.363796554609646,0.752948750183345,0.4937587909492101,-0.3147918618887724,1.4951133194747535,3.4517759457929924,1.0487481408034387,0.5852187028657617
2023-07-01T00:00:00.000000,2023-06-30T00:00:00.000000,momentum_3m,correlation_filtered,0.7,alpha_volatility,100000000,500968989.86362374,400968989.86362374,3.9457392882315006,0.7060534662953046,0.4700092539872885,-0.31336527668492997,1.4886125389664198,3.3082902608286284,1.018352416308276,0.5897435897435898
2023-07-01T00:00:00.000000,2023-06-30T00:00:00.000000,momentum_3m,correlation_filtered,0.7,inverse_volatility,100000000,501403257.88750833,401403257.88750833,3.9496692139748877,0.7065063648912588,0.47092693434514454,-0.3134001396959656,1.486968653599134,3.307205007654347,1.031068524700426,0.5867269984917044
2023-07-01T00:00:00.000000,2023-06-30T00:00:00.000000,momentum_3m,correlation_filtered,0.75,equal,100000000,544500209.9932058,444500209.9932058,4.372387362684072,0.7538864624078805,0.494780633968473,-0.314821370651471,1.4939239257490575,3.4530191801238126,1.055406609263487,0.583710407239819
2023-07-01T00:00:00.000000,2023-06-30T00:00:00.000000,momentum_3m,correlation_filtered,0.75,alpha,100000000,543590784.6466608,443590784.6466608,4.363796554609646,0.752948750183345,0.4937587909492101,-0.3147918618887724,1.4951133194747535,3.4517759457929924,1.0487481408034387,0.5852187028657617
2023-07-01T00:00:00.000000,2023-06-30T00:00:00.000000,momentum_3m,correlation_filtered,0.75,alpha_volatility,100000000,500968989.86362374,400968989.86362374,3.9457392882315006,0.7060534662953046,0.4700092539872885,-0.31336527668492997,1.4886125389664198,3.3082902608286284,1.018352416308276,0.5897435897435898
2023-07-01T00:00:00.000000,2023-06-30T00:00:00.000000,momentum_3m,correlation_filtered,0.75,inverse_volatility,100000000,501403257.88750833,401403257.88750833,3.9496692139748877,0.7065063648912588,0.47092693434514454,-0.3134001396959656,1.486968653599134,3.307205007654347,1.031068524700426,0.5867269984917044
2023-07-01T00:00:00.000000,2023-06-30T00:00:00.000000,momentum_3m,correlation_filtered,0.8,equal,100000000,544500209.9932058,444500209.9932058,4.372387362684072,0.7538864624078805,0.494780633968473,-0.314821370651471,1.4939239257490575,3.4530191801238126,1.055406609263487,0.583710407239819
2023-07-01T00:00:00.000000,2023-06-30T00:00:00.000000,momentum_3m,correlation_filtered,0.8,alpha,100000000,543590784.6466608,443590784.6466608,4.363796554609646,0.752948750183345,0.4937587909492101,-0.3147918618887724,1.4951133194747535,3.4517759457929924,1.0487481408034387,0.5852187028657617
2023-07-01T00:00:00.000000,2023-06-30T00:00:00.000000,momentum_3m,correlation_filtered,0.8,alpha_volatility,100000000,500968989.86362374,400968989.86362374,3.9457392882315006,0.7060534662953046,0.4700092539872885,-0.31336527668492997,1.4886125389664198,3.3082902608286284,1.018352416308276,0.5897435897435898
2023-07-01T00:00:00.000000,2023-06-30T00:00:00.000000,momentum_3m,correlation_filtered,0.8,inverse_volatility,100000000,501403257.88750833,401403257.88750833,3.9496692139748877,0.7065063648912588,0.47092693434514454,-0.3134001396959656,1.486968653599134,3.307205007654347,1.031068524700426,0.5867269984917044
2023-07-01T00:00:00.000000,2023-06-30T00:00:00.000000,momentum_3m,correlation_filtered,0.85,equal,100000000,544500209.9932058,444500209.9932058,4.372387362684072,0.7538864624078805,0.494780633968473,-0.314821370651471,1.4939239257490575,3.4530191801238126,1.055406609263487,0.583710407239819
2023-07-01T00:00:00.000000,2023-06-30T00:00:00.000000,momentum_3m,correlation_filtered,0.85,alpha,100000000,543590784.6466608,443590784.6466608,4.363796554609646,0.752948750183345,0.4937587909492101,-0.3147918618887724,1.4951133194747535,3.4517759457929924,1.0487481408034387,0.5852187028657617
2023-07-01T00:00:00.000000,2023-06-30T00:00:00.000000,momentum_3m,correlation_filtered,0.85,alpha_volatility,100000000,500968989.86362374,400968989.86362374,3.9457392882315006,0.7060534662953046,0.4700092539872885,-0.31336527668492997,1.4886125389664198,3.3082902608286284,1.018352416308276,0.5897435897435898
2023-07-01T00:00:00.000000,2023-06-30T00:00:00.000000,momentum_3m,correlation_filtered,0.85,inverse_volatility,100000000,501403257.88750833,401403257.88750833,3.9496692139748877,0.7065063648912588,0.47092693434514454,-0.3134001396959656,1.486968653599134,3.307205007654347,1.031068524700426,0.5867269984917044
2023-07-01T00:00:00.000000,2023-06-30T00:00:00.000000,multi_horizon_momentum,top_n,None,equal,100000000,533080524.0040278,433080524.0040278,4.301159163405293,0.74608128014487,0.4739675330888909,-0.3362968074694742,1.537820900751836,3.2817012145300235,1.1479172045501533,0.5595776772247361
2023-07-01T00:00:00.000000,2023-06-30T00:00:00.000000,multi_horizon_momentum,top_n,None,alpha,100000000,532457128.77950656,432457128.77950656,4.295986152379785,0.7455117086838918,0.4750537053360041,-0.3366582862779911,1.5342090126756274,3.2822417230101606,1.1479071691522746,0.5595776772247361
2023-07-01T00:00:00.000000,2023-06-30T00:00:00.000000,multi_horizon_momentum,top_n,None,alpha_volatility,100000000,486209086.9941946,386209086.9941946,3.838282940691675,0.6935758454564465,0.4481108617082197,-0.3399545560661802,1.5306709090105821,3.0785216799431065,1.0861862156485873,0.5701357466063348
2023-07-01T00:00:00.000000,2023-06-30T00:00:00.000000,multi_horizon_momentum,top_n,None,inverse_volatility,100000000,486381577.04338336,386381577.04338336,3.8392451832217773,0.6936883938362064,0.44705076574701713,-0.3396206451001469,1.533789392781399,3.0767279090354567,1.0727569704783166,0.5731523378582202
2023-07-01T00:00:00.000000,2023-06-30T00:00:00.000000,multi_horizon_momentum,correlation_filtered,None,equal,100000000,533080524.0040278,433080524.0040278,4.301159163405293,0.74608128014487,0.4739675330888909,-0.3362968074694742,1.537820900751836,3.2817012145300235,1.1479172045501533,0.5595776772247361
2023-07-01T00:00:00.000000,2023-06-30T00:00:00.000000,multi_horizon_momentum,correlation_filtered,None,alpha,100000000,532457128.77950656,432457128.77950656,4.295986152379785,0.7455117086838918,0.4750537053360041,-0.3366582862779911,1.5342090126756274,3.2822417230101606,1.1479071691522746,0.5595776772247361
2023-07-01T00:00:00.000000,2023-06-30T00:00:00.000000,multi_horizon_momentum,correlation_filtered,None,alpha_volatility,100000000,486209086.9941946,386209086.9941946,3.838282940691675,0.6935758454564465,0.4481108617082197,-0.3399545560661802,1.5306709090105821,3.0785216799431065,1.0861862156485873,0.5701357466063348
2023-07-01T00:00:00.000000,2023-06-30T00:00:00.000000,multi_horizon_momentum,correlation_filtered,None,inverse_volatility,100000000,486381577.04338336,386381577.04338336,3.8392451832217773,0.6936883938362064,0.44705076574701713,-0.3396206451001469,1.533789392781399,3.0767279090354567,1.0727569704783166,0.5731523378582202
2023-07-01T00:00:00.000000,2023-06-30T00:00:00.000000,multi_horizon_momentum,correlation_filtered,0.7,equal,100000000,533080524.0040278,433080524.0040278,4.301159163405293,0.74608128014487,0.4739675330888909,-0.3362968074694742,1.537820900751836,3.2817012145300235,1.1479172045501533,0.5595776772247361
2023-07-01T00:00:00.000000,2023-06-30T00:00:00.000000,multi_horizon_momentum,correlation_filtered,0.7,alpha,100000000,532457128.77950656,432457128.77950656,4.295986152379785,0.7455117086838918,0.4750537053360041,-0.3366582862779911,1.5342090126756274,3.2822417230101606,1.1479071691522746,0.5595776772247361
2023-07-01T00:00:00.000000,2023-06-30T00:00:00.000000,multi_horizon_momentum,correlation_filtered,0.7,alpha_volatility,100000000,486209086.9941946,386209086.9941946,3.838282940691675,0.6935758454564465,0.4481108617082197,-0.3399545560661802,1.5306709090105821,3.0785216799431065,1.0861862156485873,0.5701357466063348
2023-07-01T00:00:00.000000,2023-06-30T00:00:00.000000,multi_horizon_momentum,correlation_filtered,0.7,inverse_volatility,100000000,486381577.04338336,386381577.04338336,3.8392451832217773,0.6936883938362064,0.44705076574701713,-0.3396206451001469,1.533789392781399,3.0767279090354567,1.0727569704783166,0.5731523378582202
2023-07-01T00:00:00.000000,2023-06-30T00:00:00.000000,multi_horizon_momentum,correlation_filtered,0.75,equal,100000000,533080524.0040278,433080524.0040278,4.301159163405293,0.74608128014487,0.4739675330888909,-0.3362968074694742,1.537820900751836,3.2817012145300235,1.1479172045501533,0.5595776772247361
2023-07-01T00:00:00.000000,2023-06-30T00:00:00.000000,multi_horizon_momentum,correlation_filtered,0.75,alpha,100000000,532457128.77950656,432457128.77950656,4.295986152379785,0.7455117086838918,0.4750537053360041,-0.3366582862779911,1.5342090126756274,3.2822417230101606,1.1479071691522746,0.5595776772247361
2023-07-01T00:00:00.000000,2023-06-30T00:00:00.000000,multi_horizon_momentum,correlation_filtered,0.75,alpha_volatility,100000000,486209086.9941946,386209086.9941946,3.838282940691675,0.6935758454564465,0.4481108617082197,-0.3399545560661802,1.5306709090105821,3.0785216799431065,1.0861862156485873,0.5701357466063348
2023-07-01T00:00:00.000000,2023-06-30T00:00:00.000000,multi_horizon_momentum,correlation_filtered,0.75,inverse_volatility,100000000,486381577.04338336,386381577.04338336,3.8392451832217773,0.6936883938362064,0.44705076574701713,-0.3396206451001469,1.533789392781399,3.0767279090354567,1.0727569704783166,0.5731523378582202
2023-07-01T00:00:00.000000,2023-06-30T00:00:00.000000,multi_horizon_momentum,correlation_filtered,0.8,equal,100000000,533080524.0040278,433080524.0040278,4.301159163405293,0.74608128014487,0.4739675330888909,-0.3362968074694742,1.537820900751836,3.2817012145300235,1.1479172045501533,0.5595776772247361
2023-07-01T00:00:00.000000,2023-06-30T00:00:00.000000,multi_horizon_momentum,correlation_filtered,0.8,alpha,100000000,532457128.77950656,432457128.77950656,4.295986152379785,0.7455117086838918,0.4750537053360041,-0.3366582862779911,1.5342090126756274,3.2822417230101606,1.1479071691522746,0.5595776772247361
2023-07-01T00:00:00.000000,2023-06-30T00:00:00.000000,multi_horizon_momentum,correlation_filtered,0.8,alpha_volatility,100000000,486209086.9941946,386209086.9941946,3.838282940691675,0.6935758454564465,0.4481108617082197,-0.3399545560661802,1.5306709090105821,3.0785216799431065,1.0861862156485873,0.5701357466063348
2023-07-01T00:00:00.000000,2023-06-30T00:00:00.000000,multi_horizon_momentum,correlation_filtered,0.8,inverse_volatility,100000000,486381577.04338336,386381577.04338336,3.8392451832217773,0.6936883938362064,0.44705076574701713,-0.3396206451001469,1.533789392781399,3.0767279090354567,1.0727569704783166,0.5731523378582202
2023-07-01T00:00:00.000000,2023-06-30T00:00:00.000000,multi_horizon_momentum,correlation_filtered,0.85,equal,100000000,533080524.0040278,433080524.0040278,4.301159163405293,0.74608128014487,0.4739675330888909,-0.3362968074694742,1.537820900751836,3.2817012145300235,1.1479172045501533,0.5595776772247361
2023-07-01T00:00:00.000000,2023-06-30T00:00:00.000000,multi_horizon_momentum,correlation_filtered,0.85,alpha,100000000,532457128.77950656,432457128.77950656,4.295986152379785,0.7455117086838918,0.4750537053360041,-0.3366582862779911,1.5342090126756274,3.2822417230101606,1.1479071691522746,0.5595776772247361
2023-07-01T00:00:00.000000,2023-06-30T00:00:00.000000,multi_horizon_momentum,correlation_filtered,0.85,alpha_volatility,100000000,486209086.9941946,386209086.9941946,3.838282940691675,0.6935758454564465,0.4481108617082197,-0.3399545560661802,1.5306709090105821,3.0785216799431065,1.0861862156485873,0.5701357466063348
2023-07-01T00:00:00.000000,2023-06-30T00:00:00.000000,multi_horizon_momentum,correlation_filtered,0.85,inverse_volatility,100000000,486381577.04338336,386381577.04338336,3.8392451832217773,0.6936883938362064,0.44705076574701713,-0.3396206451001469,1.533789392781399,3.0767279090354567,1.0727569704783166,0.5731523378582202
2023-07-01T00:00:00.000000,2023-06-30T00:00:00.000000,relative_strength,top_n,None,equal,100000000,486236607.5945252,386236607.5945252,3.826936919366153,0.6922476364817742,0.4034720042896585,-0.32803308759887095,1.667004783753949,3.0291024757677554,1.0635044425860607,0.5731523378582202
2023-07-01T00:00:00.000000,2023-06-30T00:00:00.000000,relative_strength,top_n,None,alpha,100000000,487837124.1670728,387837124.1670728,3.842135794618887,0.6940264036542787,0.4047994284737339,-0.3283073150088034,1.6654862233075542,3.0362455492252463,1.050815941121881,0.5761689291101055
2023-07-01T00:00:00.000000,2023-06-30T00:00:00.000000,relative_strength,top_n,None,alpha_volatility,100000000,449425829.55095464,349425829.55095464,3.4583634912136407,0.6479205470859379,0.3864455441911324,-0.3294616597836949,1.6499891566029694,2.8067702967341575,1.0354803181470036,0.5761689291101055
2023-07-01T00:00:00.000000,2023-06-30T00:00:00.000000,relative_strength,top_n,None,inverse_volatility,100000000,447946065.3463337,347946065.3463337,3.444323314024751,0.6461845087087812,0.3851874566561702,-0.3291652966417862,1.6512936944863488,2.8004329987657735,1.0415086857967506,0.5746606334841629
2023-07-01T00:00:00.000000,2023-06-30T00:00:00.000000,relative_strength,correlation_filtered,None,equal,100000000,486236607.5945252,386236607.5945252,3.826936919366153,0.6922476364817742,0.4034720042896585,-0.32803308759887095,1.667004783753949,3.0291024757677554,1.0635044425860607,0.5731523378582202
2023-07-01T00:00:00.000000,2023-06-30T00:00:00.000000,relative_strength,correlation_filtered,None,alpha,100000000,487837124.1670728,387837124.1670728,3.842135794618887,0.6940264036542787,0.4047994284737339,-0.3283073150088034,1.6654862233075542,3.0362455492252463,1.050815941121881,0.5761689291101055
2023-07-01T00:00:00.000000,2023-06-30T00:00:00.000000,relative_strength,correlation_filtered,None,alpha_volatility,100000000,449425829.55095464,349425829.55095464,3.4583634912136407,0.6479205470859379,0.3864455441911324,-0.3294616597836949,1.6499891566029694,2.8067702967341575,1.0354803181470036,0.5761689291101055
2023-07-01T00:00:00.000000,2023-06-30T00:00:00.000000,relative_strength,correlation_filtered,None,inverse_volatility,100000000,447946065.3463337,347946065.3463337,3.444323314024751,0.6461845087087812,0.3851874566561702,-0.3291652966417862,1.6512936944863488,2.8004329987657735,1.0415086857967506,0.5746606334841629
2023-07-01T00:00:00.000000,2023-06-30T00:00:00.000000,relative_strength,correlation_filtered,0.7,equal,100000000,486236607.5945252,386236607.5945252,3.826936919366153,0.6922476364817742,0.4034720042896585,-0.32803308759887095,1.667004783753949,3.0291024757677554,1.0635044425860607,0.5731523378582202
2023-07-01T00:00:00.000000,2023-06-30T00:00:00.000000,relative_strength,correlation_filtered,0.7,alpha,100000000,487837124.1670728,387837124.1670728,3.842135794618887,0.6940264036542787,0.4047994284737339,-0.3283073150088034,1.6654862233075542,3.0362455492252463,1.050815941121881,0.5761689291101055
2023-07-01T00:00:00.000000,2023-06-30T00:00:00.000000,relative_strength,correlation_filtered,0.7,alpha_volatility,100000000,449425829.55095464,349425829.55095464,3.4583634912136407,0.6479205470859379,0.3864455441911324,-0.3294616597836949,1.6499891566029694,2.8067702967341575,1.0354803181470036,0.5761689291101055
2023-07-01T00:00:00.000000,2023-06-30T00:00:00.000000,relative_strength,correlation_filtered,0.7,inverse_volatility,100000000,447946065.3463337,347946065.3463337,3.444323314024751,0.6461845087087812,0.3851874566561702,-0.3291652966417862,1.6512936944863488,2.8004329987657735,1.0415086857967506,0.5746606334841629
2023-07-01T00:00:00.000000,2023-06-30T00:00:00.000000,relative_strength,correlation_filtered,0.75,equal,100000000,486236607.5945252,386236607.5945252,3.826936919366153,0.6922476364817742,0.4034720042896585,-0.32803308759887095,1.667004783753949,3.0291024757677554,1.0635044425860607,0.5731523378582202
2023-07-01T00:00:00.000000,2023-06-30T00:00:00.000000,relative_strength,correlation_filtered,0.75,alpha,100000000,487837124.1670728,387837124.1670728,3.842135794618887,0.6940264036542787,0.4047994284737339,-0.3283073150088034,1.6654862233075542,3.0362455492252463,1.050815941121881,0.5761689291101055
2023-07-01T00:00:00.000000,2023-06-30T00:00:00.000000,relative_strength,correlation_filtered,0.75,alpha_volatility,100000000,449425829.55095464,349425829.55095464,3.4583634912136407,0.6479205470859379,0.3864455441911324,-0.3294616597836949,1.6499891566029694,2.8067702967341575,1.0354803181470036,0.5761689291101055
2023-07-01T00:00:00.000000,2023-06-30T00:00:00.000000,relative_strength,correlation_filtered,0.75,inverse_volatility,100000000,447946065.3463337,347946065.3463337,3.444323314024751,0.6461845087087812,0.3851874566561702,-0.3291652966417862,1.6512936944863488,2.8004329987657735,1.0415086857967506,0.5746606334841629
2023-07-01T00:00:00.000000,2023-06-30T00:00:00.000000,relative_strength,correlation_filtered,0.8,equal,100000000,486236607.5945252,386236607.5945252,3.826936919366153,0.6922476364817742,0.4034720042896585,-0.32803308759887095,1.667004783753949,3.0291024757677554,1.0635044425860607,0.5731523378582202
2023-07-01T00:00:00.000000,2023-06-30T00:00:00.000000,relative_strength,correlation_filtered,0.8,alpha,100000000,487837124.1670728,387837124.1670728,3.842135794618887,0.6940264036542787,0.4047994284737339,-0.3283073150088034,1.6654862233075542,3.0362455492252463,1.050815941121881,0.5761689291101055
2023-07-01T00:00:00.000000,2023-06-30T00:00:00.000000,relative_strength,correlation_filtered,0.8,alpha_volatility,100000000,449425829.55095464,349425829.55095464,3.4583634912136407,0.6479205470859379,0.3864455441911324,-0.3294616597836949,1.6499891566029694,2.8067702967341575,1.0354803181470036,0.5761689291101055
2023-07-01T00:00:00.000000,2023-06-30T00:00:00.000000,relative_strength,correlation_filtered,0.8,inverse_volatility,100000000,447946065.3463337,347946065.3463337,3.444323314024751,0.6461845087087812,0.3851874566561702,-0.3291652966417862,1.6512936944863488,2.8004329987657735,1.0415086857967506,0.5746606334841629
2023-07-01T00:00:00.000000,2023-06-30T00:00:00.000000,relative_strength,correlation_filtered,0.85,equal,100000000,486236607.5945252,386236607.5945252,3.826936919366153,0.6922476364817742,0.4034720042896585,-0.32803308759887095,1.667004783753949,3.0291024757677554,1.0635044425860607,0.5731523378582202
2023-07-01T00:00:00.000000,2023-06-30T00:00:00.000000,relative_strength,correlation_filtered,0.85,alpha,100000000,487837124.1670728,387837124.1670728,3.842135794618887,0.6940264036542787,0.4047994284737339,-0.3283073150088034,1.6654862233075542,3.0362455492252463,1.050815941121881,0.5761689291101055
2023-07-01T00:00:00.000000,2023-06-30T00:00:00.000000,relative_strength,correlation_filtered,0.85,alpha_volatility,100000000,449425829.55095464,349425829.55095464,3.4583634912136407,0.6479205470859379,0.3864455441911324,-0.3294616597836949,1.6499891566029694,2.8067702967341575,1.0354803181470036,0.5761689291101055
2023-07-01T00:00:00.000000,2023-06-30T00:00:00.000000,relative_strength,correlation_filtered,0.85,inverse_volatility,100000000,447946065.3463337,347946065.3463337,3.444323314024751,0.6461845087087812,0.3851874566561702,-0.3291652966417862,1.6512936944863488,2.8004329987657735,1.0415086857967506,0.5746606334841629
2023-07-01T00:00:00.000000,2023-06-30T00:00:00.000000,trend_strength,top_n,None,equal,100000000,438311310.9039854,338311310.9039854,3.383046607996995,0.6385647263915637,0.26117693544785725,-0.30300934951260516,2.0620986884605226,2.930694701111801,0.9800931946425185,0.5886332882273342
2023-07-01T00:00:00.000000,2023-06-30T00:00:00.000000,trend_strength,top_n,None,alpha,100000000,440353812.99676394,340353812.99676394,3.40296549176574,0.6410493846863867,0.26161553802635207,-0.30377902756350483,2.065001569599043,2.9354647000500296,0.9859494057688323,0.5872801082543978
2023-07-01T00:00:00.000000,2023-06-30T00:00:00.000000,trend_strength,top_n,None,alpha_volatility,100000000,375885602.0288259,275885602.0288259,2.7660194908470035,0.5575565735966443,0.24101717186194294,-0.2836231628589393,1.9984773619722385,2.796761820618627,1.0156995027081628,0.577807848443843
2023-07-01T00:00:00.000000,2023-06-30T00:00:00.000000,trend_strength,top_n,None,inverse_volatility,100000000,374168150.61721003,274168150.61721003,2.749139266904933,0.5552201116035271,0.24053896711477238,-0.2832577429679438,1.995590871509553,2.7935578630165687,0.9985371882266045,0.5818673883626523
2023-07-01T00:00:00.000000,2023-06-30T00:00:00.000000,trend_strength,correlation_filtered,None,equal,100000000,438311310.9039854,338311310.9039854,3.383046607996995,0.6385647263915637,0.26117693544785725,-0.30300934951260516,2.0620986884605226,2.930694701111801,0.9800931946425185,0.5886332882273342
2023-07-01T00:00:00.000000,2023-06-30T00:00:00.000000,trend_strength,correlation_filtered,None,alpha,100000000,440353812.99676394,340353812.99676394,3.40296549176574,0.6410493846863867,0.26161553802635207,-0.30377902756350483,2.065001569599043,2.9354647000500296,0.9859494057688323,0.5872801082543978
2023-07-01T00:00:00.000000,2023-06-30T00:00:00.000000,trend_strength,correlation_filtered,None,alpha_volatility,100000000,375885602.0288259,275885602.0288259,2.7660194908470035,0.5575565735966443,0.24101717186194294,-0.2836231628589393,1.9984773619722385,2.796761820618627,1.0156995027081628,0.577807848443843
2023-07-01T00:00:00.000000,2023-06-30T00:00:00.000000,trend_strength,correlation_filtered,None,inverse_volatility,100000000,374168150.61721003,274168150.61721003,2.749139266904933,0.5552201116035271,0.24053896711477238,-0.2832577429679438,1.995590871509553,2.7935578630165687,0.9985371882266045,0.5818673883626523
2023-07-01T00:00:00.000000,2023-06-30T00:00:00.000000,trend_strength,correlation_filtered,0.7,equal,100000000,438311310.9039854,338311310.9039854,3.383046607996995,0.6385647263915637,0.26117693544785725,-0.30300934951260516,2.0620986884605226,2.930694701111801,0.9800931946425185,0.5886332882273342
2023-07-01T00:00:00.000000,2023-06-30T00:00:00.000000,trend_strength,correlation_filtered,0.7,alpha,100000000,440353812.99676394,340353812.99676394,3.40296549176574,0.6410493846863867,0.26161553802635207,-0.30377902756350483,2.065001569599043,2.9354647000500296,0.9859494057688323,0.5872801082543978
2023-07-01T00:00:00.000000,2023-06-30T00:00:00.000000,trend_strength,correlation_filtered,0.7,alpha_volatility,100000000,375885602.0288259,275885602.0288259,2.7660194908470035,0.5575565735966443,0.24101717186194294,-0.2836231628589393,1.9984773619722385,2.796761820618627,1.0156995027081628,0.577807848443843
2023-07-01T00:00:00.000000,2023-06-30T00:00:00.000000,trend_strength,correlation_filtered,0.7,inverse_volatility,100000000,374168150.61721003,274168150.61721003,2.749139266904933,0.5552201116035271,0.24053896711477238,-0.2832577429679438,1.995590871509553,2.7935578630165687,0.9985371882266045,0.5818673883626523
2023-07-01T00:00:00.000000,2023-06-30T00:00:00.000000,trend_strength,correlation_filtered,0.75,equal,100000000,438311310.9039854,338311310.9039854,3.383046607996995,0.6385647263915637,0.26117693544785725,-0.30300934951260516,2.0620986884605226,2.930694701111801,0.9800931946425185,0.5886332882273342
2023-07-01T00:00:00.000000,2023-06-30T00:00:00.000000,trend_strength,correlation_filtered,0.75,alpha,100000000,440353812.99676394,340353812.99676394,3.40296549176574,0.6410493846863867,0.26161553802635207,-0.30377902756350483,2.065001569599043,2.9354647000500296,0.9859494057688323,0.5872801082543978
2023-07-01T00:00:00.000000,2023-06-30T00:00:00.000000,trend_strength,correlation_filtered,0.75,alpha_volatility,100000000,375885602.0288259,275885602.0288259,2.7660194908470035,0.5575565735966443,0.24101717186194294,-0.2836231628589393,1.9984773619722385,2.796761820618627,1.0156995027081628,0.577807848443843
2023-07-01T00:00:00.000000,2023-06-30T00:00:00.000000,trend_strength,correlation_filtered,0.75,inverse_volatility,100000000,374168150.61721003,274168150.61721003,2.749139266904933,0.5552201116035271,0.24053896711477238,-0.2832577429679438,1.995590871509553,2.7935578630165687,0.9985371882266045,0.5818673883626523
2023-07-01T00:00:00.000000,2023-06-30T00:00:00.000000,trend_strength,correlation_filtered,0.8,equal,100000000,438311310.9039854,338311310.9039854,3.383046607996995,0.6385647263915637,0.26117693544785725,-0.30300934951260516,2.0620986884605226,2.930694701111801,0.9800931946425185,0.5886332882273342
2023-07-01T00:00:00.000000,2023-06-30T00:00:00.000000,trend_strength,correlation_filtered,0.8,alpha,100000000,440353812.99676394,340353812.99676394,3.40296549176574,0.6410493846863867,0.26161553802635207,-0.30377902756350483,2.065001569599043,2.9354647000500296,0.9859494057688323,0.5872801082543978
2023-07-01T00:00:00.000000,2023-06-30T00:00:00.000000,trend_strength,correlation_filtered,0.8,alpha_volatility,100000000,375885602.0288259,275885602.0288259,2.7660194908470035,0.5575565735966443,0.24101717186194294,-0.2836231628589393,1.9984773619722385,2.796761820618627,1.0156995027081628,0.577807848443843
2023-07-01T00:00:00.000000,2023-06-30T00:00:00.000000,trend_strength,correlation_filtered,0.8,inverse_volatility,100000000,374168150.61721003,274168150.61721003,2.749139266904933,0.5552201116035271,0.24053896711477238,-0.2832577429679438,1.995590871509553,2.7935578630165687,0.9985371882266045,0.5818673883626523
2023-07-01T00:00:00.000000,2023-06-30T00:00:00.000000,trend_strength,correlation_filtered,0.85,equal,100000000,438311310.9039854,338311310.9039854,3.383046607996995,0.6385647263915637,0.26117693544785725,-0.30300934951260516,2.0620986884605226,2.930694701111801,0.9800931946425185,0.5886332882273342
2023-07-01T00:00:00.000000,2023-06-30T00:00:00.000000,trend_strength,correlation_filtered,0.85,alpha,100000000,440353812.99676394,340353812.99676394,3.40296549176574,0.6410493846863867,0.26161553802635207,-0.30377902756350483,2.065001569599043,2.9354647000500296,0.9859494057688323,0.5872801082543978
2023-07-01T00:00:00.000000,2023-06-30T00:00:00.000000,trend_strength,correlation_filtered,0.85,alpha_volatility,100000000,375885602.0288259,275885602.0288259,2.7660194908470035,0.5575565735966443,0.24101717186194294,-0.2836231628589393,1.9984773619722385,2.796761820618627,1.0156995027081628,0.577807848443843
2023-07-01T00:00:00.000000,2023-06-30T00:00:00.000000,trend_strength,correlation_filtered,0.85,inverse_volatility,100000000,374168150.61721003,274168150.61721003,2.749139266904933,0.5552201116035271,0.24053896711477238,-0.2832577429679438,1.995590871509553,2.7935578630165687,0.9985371882266045,0.5818673883626523
2023-07-01T00:00:00.000000,2023-06-30T00:00:00.000000,high_52w,top_n,None,equal,100000000,162461538.30146915,62461538.30146915,0.6219505417946019,0.17540812383111137,0.19618606210394487,-0.27896661834913306,0.9390303507320994,1.3041569195458491,0.9450421788023405,0.5534506089309879
2023-07-01T00:00:00.000000,2023-06-30T00:00:00.000000,high_52w,top_n,None,alpha,100000000,162524562.82822013,62524562.82822013,0.6224601853003406,0.17553153151833878,0.19683922318257735,-0.2800179850557486,0.9371104060893689,1.3019372792248232,0.9499291509900387,0.5520974289580515
2023-07-01T00:00:00.000000,2023-06-30T00:00:00.000000,high_52w,top_n,None,alpha_volatility,100000000,158177007.55669332,58177007.556693316,0.583768686258022,0.1660881792210076,0.17941229320206264,-0.2514823007077506,0.963969135426059,1.3265222669088321,0.8790311995034263,0.5723951285520974
2023-07-01T00:00:00.000000,2023-06-30T00:00:00.000000,high_52w,top_n,None,inverse_volatility,100000000,158115751.09946167,58115751.099461675,0.5832421006913959,0.16595860257537698,0.17900631019475124,-0.250951416982672,0.9651143998473427,1.3290036039980329,0.869544599101369,0.5751014884979703
2023-07-01T00:00:00.000000,2023-06-30T00:00:00.000000,high_52w,correlation_filtered,None,equal,100000000,162461538.30146915,62461538.30146915,0.6219505417946019,0.17540812383111137,0.19618606210394487,-0.27896661834913306,0.9390303507320994,1.3041569195458491,0.9450421788023405,0.5534506089309879
2023-07-01T00:00:00.000000,2023-06-30T00:00:00.000000,high_52w,correlation_filtered,None,alpha,100000000,162524562.82822013,62524562.82822013,0.6224601853003406,0.17553153151833878,0.19683922318257735,-0.2800179850557486,0.9371104060893689,1.3019372792248232,0.9499291509900387,0.5520974289580515
2023-07-01T00:00:00.000000,2023-06-30T00:00:00.000000,high_52w,correlation_filtered,None,alpha_volatility,100000000,158177007.55669332,58177007.556693316,0.583768686258022,0.1660881792210076,0.17941229320206264,-0.2514823007077506,0.963969135426059,1.3265222669088321,0.8790311995034263,0.5723951285520974
2023-07-01T00:00:00.000000,2023-06-30T00:00:00.000000,high_52w,correlation_filtered,None,inverse_volatility,100000000,158115751.09946167,58115751.099461675,0.5832421006913959,0.16595860257537698,0.17900631019475124,-0.250951416982672,0.9651143998473427,1.3290036039980329,0.869544599101369,0.5751014884979703
2023-07-01T00:00:00.000000,2023-06-30T00:00:00.000000,high_52w,correlation_filtered,0.7,equal,100000000,162461538.30146915,62461538.30146915,0.6219505417946019,0.17540812383111137,0.19618606210394487,-0.27896661834913306,0.9390303507320994,1.3041569195458491,0.9450421788023405,0.5534506089309879
2023-07-01T00:00:00.000000,2023-06-30T00:00:00.000000,high_52w,correlation_filtered,0.7,alpha,100000000,162524562.82822013,62524562.82822013,0.6224601853003406,0.17553153151833878,0.19683922318257735,-0.2800179850557486,0.9371104060893689,1.3019372792248232,0.9499291509900387,0.5520974289580515
2023-07-01T00:00:00.000000,2023-06-30T00:00:00.000000,high_52w,correlation_filtered,0.7,alpha_volatility,100000000,158177007.55669332,58177007.556693316,0.583768686258022,0.1660881792210076,0.17941229320206264,-0.2514823007077506,0.963969135426059,1.3265222669088321,0.8790311995034263,0.5723951285520974
2023-07-01T00:00:00.000000,2023-06-30T00:00:00.000000,high_52w,correlation_filtered,0.7,inverse_volatility,100000000,158115751.09946167,58115751.099461675,0.5832421006913959,0.16595860257537698,0.17900631019475124,-0.250951416982672,0.9651143998473427,1.3290036039980329,0.869544599101369,0.5751014884979703
2023-07-01T00:00:00.000000,2023-06-30T00:00:00.000000,high_52w,correlation_filtered,0.75,equal,100000000,162461538.30146915,62461538.30146915,0.6219505417946019,0.17540812383111137,0.19618606210394487,-0.27896661834913306,0.9390303507320994,1.3041569195458491,0.9450421788023405,0.5534506089309879
2023-07-01T00:00:00.000000,2023-06-30T00:00:00.000000,high_52w,correlation_filtered,0.75,alpha,100000000,162524562.82822013,62524562.82822013,0.6224601853003406,0.17553153151833878,0.19683922318257735,-0.2800179850557486,0.9371104060893689,1.3019372792248232,0.9499291509900387,0.5520974289580515
2023-07-01T00:00:00.000000,2023-06-30T00:00:00.000000,high_52w,correlation_filtered,0.75,alpha_volatility,100000000,158177007.55669332,58177007.556693316,0.583768686258022,0.1660881792210076,0.17941229320206264,-0.2514823007077506,0.963969135426059,1.3265222669088321,0.8790311995034263,0.5723951285520974
2023-07-01T00:00:00.000000,2023-06-30T00:00:00.000000,high_52w,correlation_filtered,0.75,inverse_volatility,100000000,158115751.09946167,58115751.099461675,0.5832421006913959,0.16595860257537698,0.17900631019475124,-0.250951416982672,0.9651143998473427,1.3290036039980329,0.869544599101369,0.5751014884979703
2023-07-01T00:00:00.000000,2023-06-30T00:00:00.000000,high_52w,correlation_filtered,0.8,equal,100000000,162461538.30146915,62461538.30146915,0.6219505417946019,0.17540812383111137,0.19618606210394487,-0.27896661834913306,0.9390303507320994,1.3041569195458491,0.9450421788023405,0.5534506089309879
2023-07-01T00:00:00.000000,2023-06-30T00:00:00.000000,high_52w,correlation_filtered,0.8,alpha,100000000,162524562.82822013,62524562.82822013,0.6224601853003406,0.17553153151833878,0.19683922318257735,-0.2800179850557486,0.9371104060893689,1.3019372792248232,0.9499291509900387,0.5520974289580515
2023-07-01T00:00:00.000000,2023-06-30T00:00:00.000000,high_52w,correlation_filtered,0.8,alpha_volatility,100000000,158177007.55669332,58177007.556693316,0.583768686258022,0.1660881792210076,0.17941229320206264,-0.2514823007077506,0.963969135426059,1.3265222669088321,0.8790311995034263,0.5723951285520974
2023-07-01T00:00:00.000000,2023-06-30T00:00:00.000000,high_52w,correlation_filtered,0.8,inverse_volatility,100000000,158115751.09946167,58115751.099461675,0.5832421006913959,0.16595860257537698,0.17900631019475124,-0.250951416982672,0.9651143998473427,1.3290036039980329,0.869544599101369,0.5751014884979703
2023-07-01T00:00:00.000000,2023-06-30T00:00:00.000000,high_52w,correlation_filtered,0.85,equal,100000000,162461538.30146915,62461538.30146915,0.6219505417946019,0.17540812383111137,0.19618606210394487,-0.27896661834913306,0.9390303507320994,1.3041569195458491,0.9450421788023405,0.5534506089309879
2023-07-01T00:00:00.000000,2023-06-30T00:00:00.000000,high_52w,correlation_filtered,0.85,alpha,100000000,162524562.82822013,62524562.82822013,0.6224601853003406,0.17553153151833878,0.19683922318257735,-0.2800179850557486,0.9371104060893689,1.3019372792248232,0.9499291509900387,0.5520974289580515
2023-07-01T00:00:00.000000,2023-06-30T00:00:00.000000,high_52w,correlation_filtered,0.85,alpha_volatility,100000000,158177007.55669332,58177007.556693316,0.583768686258022,0.1660881792210076,0.17941229320206264,-0.2514823007077506,0.963969135426059,1.3265222669088321,0.8790311995034263,0.5723951285520974
2023-07-01T00:00:00.000000,2023-06-30T00:00:00.000000,high_52w,correlation_filtered,0.85,inverse_volatility,100000000,158115751.09946167,58115751.099461675,0.5832421006913959,0.16595860257537698,0.17900631019475124,-0.250951416982672,0.9651143998473427,1.3290036039980329,0.869544599101369,0.5751014884979703
2023-07-01T00:00:00.000000,2023-06-30T00:00:00.000000,breakout,top_n,None,equal,100000000,148781478.06557068,48781478.06557068,0.4856877147632157,0.14144073656964795,0.19906765772429166,-0.29303709833431835,0.7778657384861004,1.0777181553586213,0.946880602662373,0.5466847090663058
2023-07-01T00:00:00.000000,2023-06-30T00:00:00.000000,breakout,top_n,None,alpha,100000000,148675464.36268747,48675464.36268747,0.48459087461514394,0.14115906305748083,0.19893337594043975,-0.292768792255622,0.776993062774134,1.0757477920795624,0.9519148054792326,0.5453315290933695
2023-07-01T00:00:00.000000,2023-06-30T00:00:00.000000,breakout,top_n,None,alpha_volatility,100000000,142992182.3484403,42992182.34844029,0.43290571268887246,0.12772589561940406,0.17725450151528743,-0.2625045469276509,0.7808257352875791,1.07448205008851,0.9119167980560456,0.5561569688768606
2023-07-01T00:00:00.000000,2023-06-30T00:00:00.000000,breakout,top_n,None,inverse_volatility,100000000,142931730.8034853,42931730.803485304,0.4323241097206474,0.1275729132757346,0.17711873279680296,-0.26259099971645017,0.780503974106504,1.0747978897166357,0.9118466581369479,0.5561569688768606
2023-07-01T00:00:00.000000,2023-06-30T00:00:00.000000,breakout,correlation_filtered,None,equal,100000000,148781478.06557068,48781478.06557068,0.4856877147632157,0.14144073656964795,0.19906765772429166,-0.29303709833431835,0.7778657384861004,1.0777181553586213,0.946880602662373,0.5466847090663058
2023-07-01T00:00:00.000000,2023-06-30T00:00:00.000000,breakout,correlation_filtered,None,alpha,100000000,148675464.36268747,48675464.36268747,0.48459087461514394,0.14115906305748083,0.19893337594043975,-0.292768792255622,0.776993062774134,1.0757477920795624,0.9519148054792326,0.5453315290933695
2023-07-01T00:00:00.000000,2023-06-30T00:00:00.000000,breakout,correlation_filtered,None,alpha_volatility,100000000,142992182.3484403,42992182.34844029,0.43290571268887246,0.12772589561940406,0.17725450151528743,-0.2625045469276509,0.7808257352875791,1.07448205008851,0.9119167980560456,0.5561569688768606
2023-07-01T00:00:00.000000,2023-06-30T00:00:00.000000,breakout,correlation_filtered,None,inverse_volatility,100000000,142931730.8034853,42931730.803485304,0.4323241097206474,0.1275729132757346,0.17711873279680296,-0.26259099971645017,0.780503974106504,1.0747978897166357,0.9118466581369479,0.5561569688768606
2023-07-01T00:00:00.000000,2023-06-30T00:00:00.000000,breakout,correlation_filtered,0.7,equal,100000000,148781478.06557068,48781478.06557068,0.4856877147632157,0.14144073656964795,0.19906765772429166,-0.29303709833431835,0.7778657384861004,1.0777181553586213,0.946880602662373,0.5466847090663058
2023-07-01T00:00:00.000000,2023-06-30T00:00:00.000000,breakout,correlation_filtered,0.7,alpha,100000000,148675464.36268747,48675464.36268747,0.48459087461514394,0.14115906305748083,0.19893337594043975,-0.292768792255622,0.776993062774134,1.0757477920795624,0.9519148054792326,0.5453315290933695
2023-07-01T00:00:00.000000,2023-06-30T00:00:00.000000,breakout,correlation_filtered,0.7,alpha_volatility,100000000,142992182.3484403,42992182.34844029,0.43290571268887246,0.12772589561940406,0.17725450151528743,-0.2625045469276509,0.7808257352875791,1.07448205008851,0.9119167980560456,0.5561569688768606
2023-07-01T00:00:00.000000,2023-06-30T00:00:00.000000,breakout,correlation_filtered,0.7,inverse_volatility,100000000,142931730.8034853,42931730.803485304,0.4323241097206474,0.1275729132757346,0.17711873279680296,-0.26259099971645017,0.780503974106504,1.0747978897166357,0.9118466581369479,0.5561569688768606
2023-07-01T00:00:00.000000,2023-06-30T00:00:00.000000,breakout,correlation_filtered,0.75,equal,100000000,148781478.06557068,48781478.06557068,0.4856877147632157,0.14144073656964795,0.19906765772429166,-0.29303709833431835,0.7778657384861004,1.0777181553586213,0.946880602662373,0.5466847090663058
2023-07-01T00:00:00.000000,2023-06-30T00:00:00.000000,breakout,correlation_filtered,0.75,alpha,100000000,148675464.36268747,48675464.36268747,0.48459087461514394,0.14115906305748083,0.19893337594043975,-0.292768792255622,0.776993062774134,1.0757477920795624,0.9519148054792326,0.5453315290933695
2023-07-01T00:00:00.000000,2023-06-30T00:00:00.000000,breakout,correlation_filtered,0.75,alpha_volatility,100000000,142992182.3484403,42992182.34844029,0.43290571268887246,0.12772589561940406,0.17725450151528743,-0.2625045469276509,0.7808257352875791,1.07448205008851,0.9119167980560456,0.5561569688768606
2023-07-01T00:00:00.000000,2023-06-30T00:00:00.000000,breakout,correlation_filtered,0.75,inverse_volatility,100000000,142931730.8034853,42931730.803485304,0.4323241097206474,0.1275729132757346,0.17711873279680296,-0.26259099971645017,0.780503974106504,1.0747978897166357,0.9118466581369479,0.5561569688768606
2023-07-01T00:00:00.000000,2023-06-30T00:00:00.000000,breakout,correlation_filtered,0.8,equal,100000000,148781478.06557068,48781478.06557068,0.4856877147632157,0.14144073656964795,0.19906765772429166,-0.29303709833431835,0.7778657384861004,1.0777181553586213,0.946880602662373,0.5466847090663058
2023-07-01T00:00:00.000000,2023-06-30T00:00:00.000000,breakout,correlation_filtered,0.8,alpha,100000000,148675464.36268747,48675464.36268747,0.48459087461514394,0.14115906305748083,0.19893337594043975,-0.292768792255622,0.776993062774134,1.0757477920795624,0.9519148054792326,0.5453315290933695
2023-07-01T00:00:00.000000,2023-06-30T00:00:00.000000,breakout,correlation_filtered,0.8,alpha_volatility,100000000,142992182.3484403,42992182.34844029,0.43290571268887246,0.12772589561940406,0.17725450151528743,-0.2625045469276509,0.7808257352875791,1.07448205008851,0.9119167980560456,0.5561569688768606
2023-07-01T00:00:00.000000,2023-06-30T00:00:00.000000,breakout,correlation_filtered,0.8,inverse_volatility,100000000,142931730.8034853,42931730.803485304,0.4323241097206474,0.1275729132757346,0.17711873279680296,-0.26259099971645017,0.780503974106504,1.0747978897166357,0.9118466581369479,0.5561569688768606
2023-07-01T00:00:00.000000,2023-06-30T00:00:00.000000,breakout,correlation_filtered,0.85,equal,100000000,148781478.06557068,48781478.06557068,0.4856877147632157,0.14144073656964795,0.19906765772429166,-0.29303709833431835,0.7778657384861004,1.0777181553586213,0.946880602662373,0.5466847090663058
2023-07-01T00:00:00.000000,2023-06-30T00:00:00.000000,breakout,correlation_filtered,0.85,alpha,100000000,148675464.36268747,48675464.36268747,0.48459087461514394,0.14115906305748083,0.19893337594043975,-0.292768792255622,0.776993062774134,1.0757477920795624,0.9519148054792326,0.5453315290933695
2023-07-01T00:00:00.000000,2023-06-30T00:00:00.000000,breakout,correlation_filtered,0.85,alpha_volatility,100000000,142992182.3484403,42992182.34844029,0.43290571268887246,0.12772589561940406,0.17725450151528743,-0.2625045469276509,0.7808257352875791,1.07448205008851,0.9119167980560456,0.5561569688768606
2023-07-01T00:00:00.000000,2023-06-30T00:00:00.000000,breakout,correlation_filtered,0.85,inverse_volatility,100000000,142931730.8034853,42931730.803485304,0.4323241097206474,0.1275729132757346,0.17711873279680296,-0.26259099971645017,0.780503974106504,1.0747978897166357,0.9118466581369479,0.5561569688768606
2023-07-01T00:00:00.000000,2023-06-30T00:00:00.000000,volume_confirmation,top_n,None,equal,100000000,223077714.69592547,123077714.69592547,1.1974708555758324,0.3009515874984059,0.33358234576420204,-0.3020019559201499,1.061377184073855,1.5574705079828506,0.9422337210536356,0.5649546827794562
2023-07-01T00:00:00.000000,2023-06-30T00:00:00.000000,volume_confirmation,top_n,None,alpha,100000000,223407307.6252118,123407307.6252118,1.2007766352928515,0.30160526661118126,0.3341178946760863,-0.3020279322167633,1.0618532990789187,1.5603112118751596,0.9366844902700526,0.5664652567975831
2023-07-01T00:00:00.000000,2023-06-30T00:00:00.000000,volume_confirmation,top_n,None,alpha_volatility,100000000,206979213.96024215,106979213.96024215,1.0398485465096932,0.2689922167138541,0.31279788374483203,-0.29805708277230425,1.0214582481655556,1.4709631444366638,0.9665419876625396,0.5558912386706949
2023-07-01T00:00:00.000000,2023-06-30T00:00:00.000000,volume_confirmation,top_n,None,inverse_volatility,100000000,206564376.18307453,106564376.18307453,1.0357041687999424,0.268130063584034,0.3122688826007114,-0.29827675460294645,1.020237861732472,1.4676434278793995,0.9661788247445637,0.5558912386706949
2023-07-01T00:00:00.000000,2023-06-30T00:00:00.000000,volume_confirmation,correlation_filtered,None,equal,100000000,223077714.69592547,123077714.69592547,1.1974708555758324,0.3009515874984059,0.33358234576420204,-0.3020019559201499,1.061377184073855,1.5574705079828506,0.9422337210536356,0.5649546827794562
2023-07-01T00:00:00.000000,2023-06-30T00:00:00.000000,volume_confirmation,correlation_filtered,None,alpha,100000000,223407307.6252118,123407307.6252118,1.2007766352928515,0.30160526661118126,0.3341178946760863,-0.3020279322167633,1.0618532990789187,1.5603112118751596,0.9366844902700526,0.5664652567975831
2023-07-01T00:00:00.000000,2023-06-30T00:00:00.000000,volume_confirmation,correlation_filtered,None,alpha_volatility,100000000,206979213.96024215,106979213.96024215,1.0398485465096932,0.2689922167138541,0.31279788374483203,-0.29805708277230425,1.0214582481655556,1.4709631444366638,0.9665419876625396,0.5558912386706949
2023-07-01T00:00:00.000000,2023-06-30T00:00:00.000000,volume_confirmation,correlation_filtered,None,inverse_volatility,100000000,206564376.18307453,106564376.18307453,1.0357041687999424,0.268130063584034,0.3122688826007114,-0.29827675460294645,1.020237861732472,1.4676434278793995,0.9661788247445637,0.5558912386706949
2023-07-01T00:00:00.000000,2023-06-30T00:00:00.000000,volume_confirmation,correlation_filtered,0.7,equal,100000000,223077714.69592547,123077714.69592547,1.1974708555758324,0.3009515874984059,0.33358234576420204,-0.3020019559201499,1.061377184073855,1.5574705079828506,0.9422337210536356,0.5649546827794562
2023-07-01T00:00:00.000000,2023-06-30T00:00:00.000000,volume_confirmation,correlation_filtered,0.7,alpha,100000000,223407307.6252118,123407307.6252118,1.2007766352928515,0.30160526661118126,0.3341178946760863,-0.3020279322167633,1.0618532990789187,1.5603112118751596,0.9366844902700526,0.5664652567975831
2023-07-01T00:00:00.000000,2023-06-30T00:00:00.000000,volume_confirmation,correlation_filtered,0.7,alpha_volatility,100000000,206979213.96024215,106979213.96024215,1.0398485465096932,0.2689922167138541,0.31279788374483203,-0.29805708277230425,1.0214582481655556,1.4709631444366638,0.9665419876625396,0.5558912386706949
2023-07-01T00:00:00.000000,2023-06-30T00:00:00.000000,volume_confirmation,correlation_filtered,0.7,inverse_volatility,100000000,206564376.18307453,106564376.18307453,1.0357041687999424,0.268130063584034,0.3122688826007114,-0.29827675460294645,1.020237861732472,1.4676434278793995,0.9661788247445637,0.5558912386706949
2023-07-01T00:00:00.000000,2023-06-30T00:00:00.000000,volume_confirmation,correlation_filtered,0.75,equal,100000000,223077714.69592547,123077714.69592547,1.1974708555758324,0.3009515874984059,0.33358234576420204,-0.3020019559201499,1.061377184073855,1.5574705079828506,0.9422337210536356,0.5649546827794562
2023-07-01T00:00:00.000000,2023-06-30T00:00:00.000000,volume_confirmation,correlation_filtered,0.75,alpha,100000000,223407307.6252118,123407307.6252118,1.2007766352928515,0.30160526661118126,0.3341178946760863,-0.3020279322167633,1.0618532990789187,1.5603112118751596,0.9366844902700526,0.5664652567975831
2023-07-01T00:00:00.000000,2023-06-30T00:00:00.000000,volume_confirmation,correlation_filtered,0.75,alpha_volatility,100000000,206979213.96024215,106979213.96024215,1.0398485465096932,0.2689922167138541,0.31279788374483203,-0.29805708277230425,1.0214582481655556,1.4709631444366638,0.9665419876625396,0.5558912386706949
2023-07-01T00:00:00.000000,2023-06-30T00:00:00.000000,volume_confirmation,correlation_filtered,0.75,inverse_volatility,100000000,206564376.18307453,106564376.18307453,1.0357041687999424,0.268130063584034,0.3122688826007114,-0.29827675460294645,1.020237861732472,1.4676434278793995,0.9661788247445637,0.5558912386706949
2023-07-01T00:00:00.000000,2023-06-30T00:00:00.000000,volume_confirmation,correlation_filtered,0.8,equal,100000000,223077714.69592547,123077714.69592547,1.1974708555758324,0.3009515874984059,0.33358234576420204,-0.3020019559201499,1.061377184073855,1.5574705079828506,0.9422337210536356,0.5649546827794562
2023-07-01T00:00:00.000000,2023-06-30T00:00:00.000000,volume_confirmation,correlation_filtered,0.8,alpha,100000000,223407307.6252118,123407307.6252118,1.2007766352928515,0.30160526661118126,0.3341178946760863,-0.3020279322167633,1.0618532990789187,1.5603112118751596,0.9366844902700526,0.5664652567975831
2023-07-01T00:00:00.000000,2023-06-30T00:00:00.000000,volume_confirmation,correlation_filtered,0.8,alpha_volatility,100000000,206979213.96024215,106979213.96024215,1.0398485465096932,0.2689922167138541,0.31279788374483203,-0.29805708277230425,1.0214582481655556,1.4709631444366638,0.9665419876625396,0.5558912386706949
2023-07-01T00:00:00.000000,2023-06-30T00:00:00.000000,volume_confirmation,correlation_filtered,0.8,inverse_volatility,100000000,206564376.18307453,106564376.18307453,1.0357041687999424,0.268130063584034,0.3122688826007114,-0.29827675460294645,1.020237861732472,1.4676434278793995,0.9661788247445637,0.5558912386706949
2023-07-01T00:00:00.000000,2023-06-30T00:00:00.000000,volume_confirmation,correlation_filtered,0.85,equal,100000000,223077714.69592547,123077714.69592547,1.1974708555758324,0.3009515874984059,0.33358234576420204,-0.3020019559201499,1.061377184073855,1.5574705079828506,0.9422337210536356,0.5649546827794562
2023-07-01T00:00:00.000000,2023-06-30T00:00:00.000000,volume_confirmation,correlation_filtered,0.85,alpha,100000000,223407307.6252118,123407307.6252118,1.2007766352928515,0.30160526661118126,0.3341178946760863,-0.3020279322167633,1.0618532990789187,1.5603112118751596,0.9366844902700526,0.5664652567975831
2023-07-01T00:00:00.000000,2023-06-30T00:00:00.000000,volume_confirmation,correlation_filtered,0.85,alpha_volatility,100000000,206979213.96024215,106979213.96024215,1.0398485465096932,0.2689922167138541,0.31279788374483203,-0.29805708277230425,1.0214582481655556,1.4709631444366638,0.9665419876625396,0.5558912386706949
2023-07-01T00:00:00.000000,2023-06-30T00:00:00.000000,volume_confirmation,correlation_filtered,0.85,inverse_volatility,100000000,206564376.18307453,106564376.18307453,1.0357041687999424,0.268130063584034,0.3122688826007114,-0.29827675460294645,1.020237861732472,1.4676434278793995,0.9661788247445637,0.5558912386706949
2023-07-01T00:00:00.000000,2023-06-30T00:00:00.000000,technical_composite,top_n,None,equal,100000000,268999692.1138847,168999692.1138847,1.65663936434391,0.3861175948012525,0.35814433014893077,-0.269688401154094,1.2069784996545458,1.9617218303514996,0.9774977134750603,0.56797583081571
2023-07-01T00:00:00.000000,2023-06-30T00:00:00.000000,technical_composite,top_n,None,alpha,100000000,269445373.1196103,169445373.1196103,1.6605493304832408,0.38679898810427926,0.36049935384432363,-0.2715133083196928,1.2025719872415537,1.9641358622089347,1.0015649879277453,0.5619335347432024
2023-07-01T00:00:00.000000,2023-06-30T00:00:00.000000,technical_composite,top_n,None,alpha_volatility,100000000,249628048.9559825,149628048.9559825,1.4696627058961087,0.35272185929123423,0.33917366200385657,-0.27176505764048164,1.174247299815191,1.8888866713948853,0.9790307412761192,0.5664652567975831
2023-07-01T00:00:00.000000,2023-06-30T00:00:00.000000,technical_composite,top_n,None,inverse_volatility,100000000,248799698.10978281,148799698.10978281,1.4616848970601644,0.35126004504741304,0.3373045602655587,-0.27068680091823427,1.1755095393604553,1.8850876422295135,0.9789189325136953,0.5664652567975831
2023-07-01T00:00:00.000000,2023-06-30T00:00:00.000000,technical_composite,correlation_filtered,None,equal,100000000,268999692.1138847,168999692.1138847,1.65663936434391,0.3861175948012525,0.35814433014893077,-0.269688401154094,1.2069784996545458,1.9617218303514996,0.9774977134750603,0.56797583081571
2023-07-01T00:00:00.000000,2023-06-30T00:00:00.000000,technical_composite,correlation_filtered,None,alpha,100000000,269445373.1196103,169445373.1196103,1.6605493304832408,0.38679898810427926,0.36049935384432363,-0.2715133083196928,1.2025719872415537,1.9641358622089347,1.0015649879277453,0.5619335347432024
2023-07-01T00:00:00.000000,2023-06-30T00:00:00.000000,technical_composite,correlation_filtered,None,alpha_volatility,100000000,249628048.9559825,149628048.9559825,1.4696627058961087,0.35272185929123423,0.33917366200385657,-0.27176505764048164,1.174247299815191,1.8888866713948853,0.9790307412761192,0.5664652567975831
2023-07-01T00:00:00.000000,2023-06-30T00:00:00.000000,technical_composite,correlation_filtered,None,inverse_volatility,100000000,248799698.10978281,148799698.10978281,1.4616848970601644,0.35126004504741304,0.3373045602655587,-0.27068680091823427,1.1755095393604553,1.8850876422295135,0.9789189325136953,0.5664652567975831
2023-07-01T00:00:00.000000,2023-06-30T00:00:00.000000,technical_composite,correlation_filtered,0.7,equal,100000000,268999692.1138847,168999692.1138847,1.65663936434391,0.3861175948012525,0.35814433014893077,-0.269688401154094,1.2069784996545458,1.9617218303514996,0.9774977134750603,0.56797583081571
2023-07-01T00:00:00.000000,2023-06-30T00:00:00.000000,technical_composite,correlation_filtered,0.7,alpha,100000000,269445373.1196103,169445373.1196103,1.6605493304832408,0.38679898810427926,0.36049935384432363,-0.2715133083196928,1.2025719872415537,1.9641358622089347,1.0015649879277453,0.5619335347432024
2023-07-01T00:00:00.000000,2023-06-30T00:00:00.000000,technical_composite,correlation_filtered,0.7,alpha_volatility,100000000,249628048.9559825,149628048.9559825,1.4696627058961087,0.35272185929123423,0.33917366200385657,-0.27176505764048164,1.174247299815191,1.8888866713948853,0.9790307412761192,0.5664652567975831
2023-07-01T00:00:00.000000,2023-06-30T00:00:00.000000,technical_composite,correlation_filtered,0.7,inverse_volatility,100000000,248799698.10978281,148799698.10978281,1.4616848970601644,0.35126004504741304,0.3373045602655587,-0.27068680091823427,1.1755095393604553,1.8850876422295135,0.9789189325136953,0.5664652567975831
2023-07-01T00:00:00.000000,2023-06-30T00:00:00.000000,technical_composite,correlation_filtered,0.75,equal,100000000,268999692.1138847,168999692.1138847,1.65663936434391,0.3861175948012525,0.35814433014893077,-0.269688401154094,1.2069784996545458,1.9617218303514996,0.9774977134750603,0.56797583081571
2023-07-01T00:00:00.000000,2023-06-30T00:00:00.000000,technical_composite,correlation_filtered,0.75,alpha,100000000,269445373.1196103,169445373.1196103,1.6605493304832408,0.38679898810427926,0.36049935384432363,-0.2715133083196928,1.2025719872415537,1.9641358622089347,1.0015649879277453,0.5619335347432024
2023-07-01T00:00:00.000000,2023-06-30T00:00:00.000000,technical_composite,correlation_filtered,0.75,alpha_volatility,100000000,249628048.9559825,149628048.9559825,1.4696627058961087,0.35272185929123423,0.33917366200385657,-0.27176505764048164,1.174247299815191,1.8888866713948853,0.9790307412761192,0.5664652567975831
2023-07-01T00:00:00.000000,2023-06-30T00:00:00.000000,technical_composite,correlation_filtered,0.75,inverse_volatility,100000000,248799698.10978281,148799698.10978281,1.4616848970601644,0.35126004504741304,0.3373045602655587,-0.27068680091823427,1.1755095393604553,1.8850876422295135,0.9789189325136953,0.5664652567975831
2023-07-01T00:00:00.000000,2023-06-30T00:00:00.000000,technical_composite,correlation_filtered,0.8,equal,100000000,268999692.1138847,168999692.1138847,1.65663936434391,0.3861175948012525,0.35814433014893077,-0.269688401154094,1.2069784996545458,1.9617218303514996,0.9774977134750603,0.56797583081571
2023-07-01T00:00:00.000000,2023-06-30T00:00:00.000000,technical_composite,correlation_filtered,0.8,alpha,100000000,269445373.1196103,169445373.1196103,1.6605493304832408,0.38679898810427926,0.36049935384432363,-0.2715133083196928,1.2025719872415537,1.9641358622089347,1.0015649879277453,0.5619335347432024
2023-07-01T00:00:00.000000,2023-06-30T00:00:00.000000,technical_composite,correlation_filtered,0.8,alpha_volatility,100000000,249628048.9559825,149628048.9559825,1.4696627058961087,0.35272185929123423,0.33917366200385657,-0.27176505764048164,1.174247299815191,1.8888866713948853,0.9790307412761192,0.5664652567975831
2023-07-01T00:00:00.000000,2023-06-30T00:00:00.000000,technical_composite,correlation_filtered,0.8,inverse_volatility,100000000,248799698.10978281,148799698.10978281,1.4616848970601644,0.35126004504741304,0.3373045602655587,-0.27068680091823427,1.1755095393604553,1.8850876422295135,0.9789189325136953,0.5664652567975831
2023-07-01T00:00:00.000000,2023-06-30T00:00:00.000000,technical_composite,correlation_filtered,0.85,equal,100000000,268999692.1138847,168999692.1138847,1.65663936434391,0.3861175948012525,0.35814433014893077,-0.269688401154094,1.2069784996545458,1.9617218303514996,0.9774977134750603,0.56797583081571
2023-07-01T00:00:00.000000,2023-06-30T00:00:00.000000,technical_composite,correlation_filtered,0.85,alpha,100000000,269445373.1196103,169445373.1196103,1.6605493304832408,0.38679898810427926,0.36049935384432363,-0.2715133083196928,1.2025719872415537,1.9641358622089347,1.0015649879277453,0.5619335347432024
2023-07-01T00:00:00.000000,2023-06-30T00:00:00.000000,technical_composite,correlation_filtered,0.85,alpha_volatility,100000000,249628048.9559825,149628048.9559825,1.4696627058961087,0.35272185929123423,0.33917366200385657,-0.27176505764048164,1.174247299815191,1.8888866713948853,0.9790307412761192,0.5664652567975831
2023-07-01T00:00:00.000000,2023-06-30T00:00:00.000000,technical_composite,correlation_filtered,0.85,inverse_volatility,100000000,248799698.10978281,148799698.10978281,1.4616848970601644,0.35126004504741304,0.3373045602655587,-0.27068680091823427,1.1755095393604553,1.8850876422295135,0.9789189325136953,0.5664652567975831
2024-01-01T00:00:00.000000,2024-01-01T00:00:00.000000,momentum_12_1,top_n,None,equal,100000000,281927043.0194659,181927043.01946592,1.8122026689642827,0.5143821037719662,0.2838532076651837,-0.31097912388927884,1.6390008692043823,2.1789318199880787,0.9842275684371424,0.5716612377850163
2024-01-01T00:00:00.000000,2024-01-01T00:00:00.000000,momentum_12_1,top_n,None,alpha,100000000,283151742.19178057,183151742.19178057,1.8242834388093416,0.5169899068650328,0.283811446422111,-0.3107914844380878,1.6453980499139929,2.190876718896114,0.972095755029748,0.5749185667752443
2024-01-01T00:00:00.000000,2024-01-01T00:00:00.000000,momentum_12_1,top_n,None,alpha_volatility,100000000,292221432.5486571,192221432.54865712,1.9158251743972747,0.5365369240401918,0.2790690910009549,-0.30834594895015677,1.715512367599418,2.2880402310318524,1.0166001784818286,0.5667752442996743
2024-01-01T00:00:00.000000,2024-01-01T00:00:00.000000,momentum_12_1,top_n,None,inverse_volatility,100000000,291038725.36635184,191038725.36635184,1.904145035689309,0.5340634926702497,0.2790994372697043,-0.3085245892917412,1.709454353004457,2.2769907126200484,1.0157290389700764,0.5667752442996743
2024-01-01T00:00:00.000000,2024-01-01T00:00:00.000000,momentum_12_1,correlation_filtered,None,equal,100000000,281927043.0194659,181927043.01946592,1.8122026689642827,0.5143821037719662,0.2838532076651837,-0.31097912388927884,1.6390008692043823,2.1789318199880787,0.9842275684371424,0.5716612377850163
2024-01-01T00:00:00.000000,2024-01-01T00:00:00.000000,momentum_12_1,correlation_filtered,None,alpha,100000000,283151742.19178057,183151742.19178057,1.8242834388093416,0.5169899068650328,0.283811446422111,-0.3107914844380878,1.6453980499139929,2.190876718896114,0.972095755029748,0.5749185667752443
2024-01-01T00:00:00.000000,2024-01-01T00:00:00.000000,momentum_12_1,correlation_filtered,None,alpha_volatility,100000000,292221432.5486571,192221432.54865712,1.9158251743972747,0.5365369240401918,0.2790690910009549,-0.30834594895015677,1.715512367599418,2.2880402310318524,1.0166001784818286,0.5667752442996743
2024-01-01T00:00:00.000000,2024-01-01T00:00:00.000000,momentum_12_1,correlation_filtered,None,inverse_volatility,100000000,291038725.36635184,191038725.36635184,1.904145035689309,0.5340634926702497,0.2790994372697043,-0.3085245892917412,1.709454353004457,2.2769907126200484,1.0157290389700764,0.5667752442996743
2024-01-01T00:00:00.000000,2024-01-01T00:00:00.000000,momentum_12_1,correlation_filtered,0.7,equal,100000000,281927043.0194659,181927043.01946592,1.8122026689642827,0.5143821037719662,0.2838532076651837,-0.31097912388927884,1.6390008692043823,2.1789318199880787,0.9842275684371424,0.5716612377850163
2024-01-01T00:00:00.000000,2024-01-01T00:00:00.000000,momentum_12_1,correlation_filtered,0.7,alpha,100000000,283151742.19178057,183151742.19178057,1.8242834388093416,0.5169899068650328,0.283811446422111,-0.3107914844380878,1.6453980499139929,2.190876718896114,0.972095755029748,0.5749185667752443
2024-01-01T00:00:00.000000,2024-01-01T00:00:00.000000,momentum_12_1,correlation_filtered,0.7,alpha_volatility,100000000,292221432.5486571,192221432.54865712,1.9158251743972747,0.5365369240401918,0.2790690910009549,-0.30834594895015677,1.715512367599418,2.2880402310318524,1.0166001784818286,0.5667752442996743
2024-01-01T00:00:00.000000,2024-01-01T00:00:00.000000,momentum_12_1,correlation_filtered,0.7,inverse_volatility,100000000,291038725.36635184,191038725.36635184,1.904145035689309,0.5340634926702497,0.2790994372697043,-0.3085245892917412,1.709454353004457,2.2769907126200484,1.0157290389700764,0.5667752442996743
2024-01-01T00:00:00.000000,2024-01-01T00:00:00.000000,momentum_12_1,correlation_filtered,0.75,equal,100000000,281927043.0194659,181927043.01946592,1.8122026689642827,0.5143821037719662,0.2838532076651837,-0.31097912388927884,1.6390008692043823,2.1789318199880787,0.9842275684371424,0.5716612377850163
2024-01-01T00:00:00.000000,2024-01-01T00:00:00.000000,momentum_12_1,correlation_filtered,0.75,alpha,100000000,283151742.19178057,183151742.19178057,1.8242834388093416,0.5169899068650328,0.283811446422111,-0.3107914844380878,1.6453980499139929,2.190876718896114,0.972095755029748,0.5749185667752443
2024-01-01T00:00:00.000000,2024-01-01T00:00:00.000000,momentum_12_1,correlation_filtered,0.75,alpha_volatility,100000000,292221432.5486571,192221432.54865712,1.9158251743972747,0.5365369240401918,0.2790690910009549,-0.30834594895015677,1.715512367599418,2.2880402310318524,1.0166001784818286,0.5667752442996743
2024-01-01T00:00:00.000000,2024-01-01T00:00:00.000000,momentum_12_1,correlation_filtered,0.75,inverse_volatility,100000000,291038725.36635184,191038725.36635184,1.904145035689309,0.5340634926702497,0.2790994372697043,-0.3085245892917412,1.709454353004457,2.2769907126200484,1.0157290389700764,0.5667752442996743
2024-01-01T00:00:00.000000,2024-01-01T00:00:00.000000,momentum_12_1,correlation_filtered,0.8,equal,100000000,281927043.0194659,181927043.01946592,1.8122026689642827,0.5143821037719662,0.2838532076651837,-0.31097912388927884,1.6390008692043823,2.1789318199880787,0.9842275684371424,0.5716612377850163
2024-01-01T00:00:00.000000,2024-01-01T00:00:00.000000,momentum_12_1,correlation_filtered,0.8,alpha,100000000,283151742.19178057,183151742.19178057,1.8242834388093416,0.5169899068650328,0.283811446422111,-0.3107914844380878,1.6453980499139929,2.190876718896114,0.972095755029748,0.5749185667752443
2024-01-01T00:00:00.000000,2024-01-01T00:00:00.000000,momentum_12_1,correlation_filtered,0.8,alpha_volatility,100000000,292221432.5486571,192221432.54865712,1.9158251743972747,0.5365369240401918,0.2790690910009549,-0.30834594895015677,1.715512367599418,2.2880402310318524,1.0166001784818286,0.5667752442996743
2024-01-01T00:00:00.000000,2024-01-01T00:00:00.000000,momentum_12_1,correlation_filtered,0.8,inverse_volatility,100000000,291038725.36635184,191038725.36635184,1.904145035689309,0.5340634926702497,0.2790994372697043,-0.3085245892917412,1.709454353004457,2.2769907126200484,1.0157290389700764,0.5667752442996743
2024-01-01T00:00:00.000000,2024-01-01T00:00:00.000000,momentum_12_1,correlation_filtered,0.85,equal,100000000,281927043.0194659,181927043.01946592,1.8122026689642827,0.5143821037719662,0.2838532076651837,-0.31097912388927884,1.6390008692043823,2.1789318199880787,0.9842275684371424,0.5716612377850163
2024-01-01T00:00:00.000000,2024-01-01T00:00:00.000000,momentum_12_1,correlation_filtered,0.85,alpha,100000000,283151742.19178057,183151742.19178057,1.8242834388093416,0.5169899068650328,0.283811446422111,-0.3107914844380878,1.6453980499139929,2.190876718896114,0.972095755029748,0.5749185667752443
2024-01-01T00:00:00.000000,2024-01-01T00:00:00.000000,momentum_12_1,correlation_filtered,0.85,alpha_volatility,100000000,292221432.5486571,192221432.54865712,1.9158251743972747,0.5365369240401918,0.2790690910009549,-0.30834594895015677,1.715512367599418,2.2880402310318524,1.0166001784818286,0.5667752442996743
2024-01-01T00:00:00.000000,2024-01-01T00:00:00.000000,momentum_12_1,correlation_filtered,0.85,inverse_volatility,100000000,291038725.36635184,191038725.36635184,1.904145035689309,0.5340634926702497,0.2790994372697043,-0.3085245892917412,1.709454353004457,2.2769907126200484,1.0157290389700764,0.5667752442996743
2024-01-01T00:00:00.000000,2024-01-01T00:00:00.000000,momentum_6m,top_n,None,equal,100000000,207025857.2049218,107025857.20492181,1.0729880310921591,0.3399037529616966,0.30211085654564923,-0.3118154341249295,1.1404207583351504,1.6511303518732499,1.0007626490018489,0.5479674796747968
2024-01-01T00:00:00.000000,2024-01-01T00:00:00.000000,momentum_6m,top_n,None,alpha,100000000,207674497.72620282,107674497.72620282,1.0793952511828864,0.3415644636609405,0.3015078480116988,-0.30926400431720313,1.1463046646466644,1.6579779091371851,1.0082555336387673,0.5463414634146342
2024-01-01T00:00:00.000000,2024-01-01T00:00:00.000000,momentum_6m,top_n,None,alpha_volatility,100000000,217155943.07346871,117155943.07346871,1.1733029733676474,0.3655612578418652,0.2877006816099187,-0.30589924191350815,1.2502015967800095,1.7989818541490374,1.0116118484037884,0.5495934959349593
2024-01-01T00:00:00.000000,2024-01-01T00:00:00.000000,momentum_6m,top_n,None,inverse_volatility,100000000,216387692.3533415,116387692.35334149,1.1656990494215735,0.36364155977275714,0.28825049029072947,-0.30621306323545927,1.243373160675302,1.7896956217499091,1.00398926443833,0.551219512195122
2024-01-01T00:00:00.000000,2024-01-01T00:00:00.000000,momentum_6m,correlation_filtered,None,equal,100000000,207025857.2049218,107025857.20492181,1.0729880310921591,0.3399037529616966,0.30211085654564923,-0.3118154341249295,1.1404207583351504,1.6511303518732499,1.0007626490018489,0.5479674796747968
2024-01-01T00:00:00.000000,2024-01-01T00:00:00.000000,momentum_6m,correlation_filtered,None,alpha,100000000,207674497.72620282,107674497.72620282,1.0793952511828864,0.3415644636609405,0.3015078480116988,-0.30926400431720313,1.1463046646466644,1.6579779091371851,1.0082555336387673,0.5463414634146342
2024-01-01T00:00:00.000000,2024-01-01T00:00:00.000000,momentum_6m,correlation_filtered,None,alpha_volatility,100000000,217155943.07346871,117155943.07346871,1.1733029733676474,0.3655612578418652,0.2877006816099187,-0.30589924191350815,1.2502015967800095,1.7989818541490374,1.0116118484037884,0.5495934959349593
2024-01-01T00:00:00.000000,2024-01-01T00:00:00.000000,momentum_6m,correlation_filtered,None,inverse_volatility,100000000,216387692.3533415,116387692.35334149,1.1656990494215735,0.36364155977275714,0.28825049029072947,-0.30621306323545927,1.243373160675302,1.7896956217499091,1.00398926443833,0.551219512195122
2024-01-01T00:00:00.000000,2024-01-01T00:00:00.000000,momentum_6m,correlation_filtered,0.7,equal,100000000,207025857.2049218,107025857.20492181,1.0729880310921591,0.3399037529616966,0.30211085654564923,-0.3118154341249295,1.1404207583351504,1.6511303518732499,1.0007626490018489,0.5479674796747968
2024-01-01T00:00:00.000000,2024-01-01T00:00:00.000000,momentum_6m,correlation_filtered,0.7,alpha,100000000,207674497.72620282,107674497.72620282,1.0793952511828864,0.3415644636609405,0.3015078480116988,-0.30926400431720313,1.1463046646466644,1.6579779091371851,1.0082555336387673,0.5463414634146342
2024-01-01T00:00:00.000000,2024-01-01T00:00:00.000000,momentum_6m,correlation_filtered,0.7,alpha_volatility,100000000,217155943.07346871,117155943.07346871,1.1733029733676474,0.3655612578418652,0.2877006816099187,-0.30589924191350815,1.2502015967800095,1.7989818541490374,1.0116118484037884,0.5495934959349593
2024-01-01T00:00:00.000000,2024-01-01T00:00:00.000000,momentum_6m,correlation_filtered,0.7,inverse_volatility,100000000,216387692.3533415,116387692.35334149,1.1656990494215735,0.36364155977275714,0.28825049029072947,-0.30621306323545927,1.243373160675302,1.7896956217499091,1.00398926443833,0.551219512195122
2024-01-01T00:00:00.000000,2024-01-01T00:00:00.000000,momentum_6m,correlation_filtered,0.75,equal,100000000,207025857.2049218,107025857.20492181,1.0729880310921591,0.3399037529616966,0.30211085654564923,-0.3118154341249295,1.1404207583351504,1.6511303518732499,1.0007626490018489,0.5479674796747968
2024-01-01T00:00:00.000000,2024-01-01T00:00:00.000000,momentum_6m,correlation_filtered,0.75,alpha,100000000,207674497.72620282,107674497.72620282,1.0793952511828864,0.3415644636609405,0.3015078480116988,-0.30926400431720313,1.1463046646466644,1.6579779091371851,1.0082555336387673,0.5463414634146342
2024-01-01T00:00:00.000000,2024-01-01T00:00:00.000000,momentum_6m,correlation_filtered,0.75,alpha_volatility,100000000,217155943.07346871,117155943.07346871,1.1733029733676474,0.3655612578418652,0.2877006816099187,-0.30589924191350815,1.2502015967800095,1.7989818541490374,1.0116118484037884,0.5495934959349593
2024-01-01T00:00:00.000000,2024-01-01T00:00:00.000000,momentum_6m,correlation_filtered,0.75,inverse_volatility,100000000,216387692.3533415,116387692.35334149,1.1656990494215735,0.36364155977275714,0.28825049029072947,-0.30621306323545927,1.243373160675302,1.7896956217499091,1.00398926443833,0.551219512195122
2024-01-01T00:00:00.000000,2024-01-01T00:00:00.000000,momentum_6m,correlation_filtered,0.8,equal,100000000,207025857.2049218,107025857.20492181,1.0729880310921591,0.3399037529616966,0.30211085654564923,-0.3118154341249295,1.1404207583351504,1.6511303518732499,1.0007626490018489,0.5479674796747968
2024-01-01T00:00:00.000000,2024-01-01T00:00:00.000000,momentum_6m,correlation_filtered,0.8,alpha,100000000,207674497.72620282,107674497.72620282,1.0793952511828864,0.3415644636609405,0.3015078480116988,-0.30926400431720313,1.1463046646466644,1.6579779091371851,1.0082555336387673,0.5463414634146342
2024-01-01T00:00:00.000000,2024-01-01T00:00:00.000000,momentum_6m,correlation_filtered,0.8,alpha_volatility,100000000,217155943.07346871,117155943.07346871,1.1733029733676474,0.3655612578418652,0.2877006816099187,-0.30589924191350815,1.2502015967800095,1.7989818541490374,1.0116118484037884,0.5495934959349593
2024-01-01T00:00:00.000000,2024-01-01T00:00:00.000000,momentum_6m,correlation_filtered,0.8,inverse_volatility,100000000,216387692.3533415,116387692.35334149,1.1656990494215735,0.36364155977275714,0.28825049029072947,-0.30621306323545927,1.243373160675302,1.7896956217499091,1.00398926443833,0.551219512195122
2024-01-01T00:00:00.000000,2024-01-01T00:00:00.000000,momentum_6m,correlation_filtered,0.85,equal,100000000,207025857.2049218,107025857.20492181,1.0729880310921591,0.3399037529616966,0.30211085654564923,-0.3118154341249295,1.1404207583351504,1.6511303518732499,1.0007626490018489,0.5479674796747968
2024-01-01T00:00:00.000000,2024-01-01T00:00:00.000000,momentum_6m,correlation_filtered,0.85,alpha,100000000,207674497.72620282,107674497.72620282,1.0793952511828864,0.3415644636609405,0.3015078480116988,-0.30926400431720313,1.1463046646466644,1.6579779091371851,1.0082555336387673,0.5463414634146342
2024-01-01T00:00:00.000000,2024-01-01T00:00:00.000000,momentum_6m,correlation_filtered,0.85,alpha_volatility,100000000,217155943.07346871,117155943.07346871,1.1733029733676474,0.3655612578418652,0.2877006816099187,-0.30589924191350815,1.2502015967800095,1.7989818541490374,1.0116118484037884,0.5495934959349593
2024-01-01T00:00:00.000000,2024-01-01T00:00:00.000000,momentum_6m,correlation_filtered,0.85,inverse_volatility,100000000,216387692.3533415,116387692.35334149,1.1656990494215735,0.36364155977275714,0.28825049029072947,-0.30621306323545927,1.243373160675302,1.7896956217499091,1.00398926443833,0.551219512195122
2024-01-01T00:00:00.000000,2024-01-01T00:00:00.000000,momentum_3m,top_n,None,equal,100000000,233894586.3300622,133894586.33006221,1.3382218845544305,0.40624502670698703,0.2768889622120602,-0.2716647363051964,1.3989068426743088,1.905207497506479,0.9711592187402978,0.5651465798045603
2024-01-01T00:00:00.000000,2024-01-01T00:00:00.000000,momentum_3m,top_n,None,alpha,100000000,234108027.6704015,134108027.67040151,1.3402503966469421,0.40673456760156035,0.2768875913224201,-0.2719117005408437,1.4001964861297604,1.9083777609239854,0.9713479820291031,0.5651465798045603
2024-01-01T00:00:00.000000,2024-01-01T00:00:00.000000,momentum_3m,top_n,None,alpha_volatility,100000000,255075208.89071906,155075208.89071906,1.5517566853901954,0.45644654503922233,0.2795918740298223,-0.28342216280950827,1.516351551510433,2.1255379258653293,1.0011697020977088,0.5618892508143323
2024-01-01T00:00:00.000000,2024-01-01T00:00:00.000000,momentum_3m,top_n,None,inverse_volatility,100000000,254764603.98489678,154764603.98489678,1.5487602030763683,0.455759842658392,0.2794743725355324,-0.2831767273547776,1.515148708616988,2.122850400548392,0.9878203071029235,0.5651465798045603
2024-01-01T00:00:00.000000,2024-01-01T00:00:00.000000,momentum_3m,correlation_filtered,None,equal,100000000,236559283.24062258,136559283.24062258,1.3667565040536398,0.41310807766703017,0.2778683782518485,-0.3001122359160858,1.4126599338999744,1.9637111425194884,0.9784026701936204,0.5635179153094463
2024-01-01T00:00:00.000000,2024-01-01T00:00:00.000000,momentum_3m,correlation_filtered,None,alpha,100000000,237192769.08458632,137192769.08458632,1.3730106683980141,0.4146056809010328,0.27807846104478695,-0.2999993770950149,1.41569949563676,1.9704336630458679,0.9788387383045907,0.5635179153094463
2024-01-01T00:00:00.000000,2024-01-01T00:00:00.000000,momentum_3m,correlation_filtered,None,alpha_volatility,100000000,240568490.55415714,140568490.55415714,1.4064830372050956,0.4225809850220583,0.27185193032286115,-0.3019197768780124,1.4629907027536544,2.030917274635675,0.9932023803666322,0.5618892508143323
2024-01-01T00:00:00.000000,2024-01-01T00:00:00.000000,momentum_3m,correlation_filtered,None,inverse_volatility,100000000,240018462.68108636,140018462.68108636,1.401072131151368,0.421296273700136,0.27163372034857153,-0.30204611616888344,1.4605449871698377,2.025189486565833,0.992839042222617,0.5618892508143323
2024-01-01T00:00:00.000000,2024-01-01T00:00:00.000000,momentum_3m,correlation_filtered,0.7,equal,100000000,236559283.24062258,136559283.24062258,1.3667565040536398,0.41310807766703017,0.2778683782518485,-0.3001122359160858,1.4126599338999744,1.9637111425194884,0.9784026701936204,0.5635179153094463
2024-01-01T00:00:00.000000,2024-01-01T00:00:00.000000,momentum_3m,correlation_filtered,0.7,alpha,100000000,237192769.08458632,137192769.08458632,1.3730106683980141,0.4146056809010328,0.27807846104478695,-0.2999993770950149,1.41569949563676,1.9704336630458679,0.9788387383045907,0.5635179153094463
2024-01-01T00:00:00.000000,2024-01-01T00:00:00.000000,momentum_3m,correlation_filtered,0.7,alpha_volatility,100000000,240568490.55415714,140568490.55415714,1.4064830372050956,0.4225809850220583,0.27185193032286115,-0.3019197768780124,1.4629907027536544,2.030917274635675,0.9932023803666322,0.5618892508143323
2024-01-01T00:00:00.000000,2024-01-01T00:00:00.000000,momentum_3m,correlation_filtered,0.7,inverse_volatility,100000000,240018462.68108636,140018462.68108636,1.401072131151368,0.421296273700136,0.27163372034857153,-0.30204611616888344,1.4605449871698377,2.025189486565833,0.992839042222617,0.5618892508143323
2024-01-01T00:00:00.000000,2024-01-01T00:00:00.000000,momentum_3m,correlation_filtered,0.75,equal,100000000,236559283.24062258,136559283.24062258,1.3667565040536398,0.41310807766703017,0.2778683782518485,-0.3001122359160858,1.4126599338999744,1.9637111425194884,0.9784026701936204,0.5635179153094463
2024-01-01T00:00:00.000000,2024-01-01T00:00:00.000000,momentum_3m,correlation_filtered,0.75,alpha,100000000,237192769.08458632,137192769.08458632,1.3730106683980141,0.4146056809010328,0.27807846104478695,-0.2999993770950149,1.41569949563676,1.9704336630458679,0.9788387383045907,0.5635179153094463
2024-01-01T00:00:00.000000,2024-01-01T00:00:00.000000,momentum_3m,correlation_filtered,0.75,alpha_volatility,100000000,240568490.55415714,140568490.55415714,1.4064830372050956,0.4225809850220583,0.27185193032286115,-0.3019197768780124,1.4629907027536544,2.030917274635675,0.9932023803666322,0.5618892508143323
2024-01-01T00:00:00.000000,2024-01-01T00:00:00.000000,momentum_3m,correlation_filtered,0.75,inverse_volatility,100000000,240018462.68108636,140018462.68108636,1.401072131151368,0.421296273700136,0.27163372034857153,-0.30204611616888344,1.4605449871698377,2.025189486565833,0.992839042222617,0.5618892508143323
2024-01-01T00:00:00.000000,2024-01-01T00:00:00.000000,momentum_3m,correlation_filtered,0.8,equal,100000000,236559283.24062258,136559283.24062258,1.3667565040536398,0.41310807766703017,0.2778683782518485,-0.3001122359160858,1.4126599338999744,1.9637111425194884,0.9784026701936204,0.5635179153094463
2024-01-01T00:00:00.000000,2024-01-01T00:00:00.000000,momentum_3m,correlation_filtered,0.8,alpha,100000000,237192769.08458632,137192769.08458632,1.3730106683980141,0.4146056809010328,0.27807846104478695,-0.2999993770950149,1.41569949563676,1.9704336630458679,0.9788387383045907,0.5635179153094463
2024-01-01T00:00:00.000000,2024-01-01T00:00:00.000000,momentum_3m,correlation_filtered,0.8,alpha_volatility,100000000,240568490.55415714,140568490.55415714,1.4064830372050956,0.4225809850220583,0.27185193032286115,-0.3019197768780124,1.4629907027536544,2.030917274635675,0.9932023803666322,0.5618892508143323
2024-01-01T00:00:00.000000,2024-01-01T00:00:00.000000,momentum_3m,correlation_filtered,0.8,inverse_volatility,100000000,240018462.68108636,140018462.68108636,1.401072131151368,0.421296273700136,0.27163372034857153,-0.30204611616888344,1.4605449871698377,2.025189486565833,0.992839042222617,0.5618892508143323
2024-01-01T00:00:00.000000,2024-01-01T00:00:00.000000,momentum_3m,correlation_filtered,0.85,equal,100000000,236559283.24062258,136559283.24062258,1.3667565040536398,0.41310807766703017,0.2778683782518485,-0.3001122359160858,1.4126599338999744,1.9637111425194884,0.9784026701936204,0.5635179153094463
2024-01-01T00:00:00.000000,2024-01-01T00:00:00.000000,momentum_3m,correlation_filtered,0.85,alpha,100000000,237192769.08458632,137192769.08458632,1.3730106683980141,0.4146056809010328,0.27807846104478695,-0.2999993770950149,1.41569949563676,1.9704336630458679,0.9788387383045907,0.5635179153094463
2024-01-01T00:00:00.000000,2024-01-01T00:00:00.000000,momentum_3m,correlation_filtered,0.85,alpha_volatility,100000000,240568490.55415714,140568490.55415714,1.4064830372050956,0.4225809850220583,0.27185193032286115,-0.3019197768780124,1.4629907027536544,2.030917274635675,0.9932023803666322,0.5618892508143323
2024-01-01T00:00:00.000000,2024-01-01T00:00:00.000000,momentum_3m,correlation_filtered,0.85,inverse_volatility,100000000,240018462.68108636,140018462.68108636,1.401072131151368,0.421296273700136,0.27163372034857153,-0.30204611616888344,1.4605449871698377,2.025189486565833,0.992839042222617,0.5618892508143323
2024-01-01T00:00:00.000000,2024-01-01T00:00:00.000000,multi_horizon_momentum,top_n,None,equal,100000000,205369521.19430387,105369521.19430387,1.048727934965179,0.3335876922605192,0.27203884328540356,-0.32474786544872636,1.217379803093559,1.667282688829322,0.9541165775577466,0.5626016260162602
2024-01-01T00:00:00.000000,2024-01-01T00:00:00.000000,multi_horizon_momentum,top_n,None,alpha,100000000,207083111.09936982,107083111.09936982,1.0656980731736363,0.33801050103068664,0.2721192637660127,-0.3239205775129873,1.2295194375025011,1.6895078933589402,0.9433481017917196,0.5658536585365853
2024-01-01T00:00:00.000000,2024-01-01T00:00:00.000000,multi_horizon_momentum,top_n,None,alpha_volatility,100000000,213246037.62418318,113246037.62418318,1.1278262266569876,0.3540195182230681,0.26566401543164264,-0.321355119002412,1.2985487662358195,1.7915938672036793,0.9736273311019513,0.5609756097560976
2024-01-01T00:00:00.000000,2024-01-01T00:00:00.000000,multi_horizon_momentum,top_n,None,inverse_volatility,100000000,211465042.30028832,111465042.30028832,1.110196020722618,0.3495053736960121,0.2656909725748164,-0.3221895997854817,1.2856148598971884,1.768160895077814,0.9910508852662308,0.5560975609756098
2024-01-01T00:00:00.000000,2024-01-01T00:00:00.000000,multi_horizon_momentum,correlation_filtered,None,equal,100000000,205369521.19430387,105369521.19430387,1.048727934965179,0.3335876922605192,0.27203884328540356,-0.32474786544872636,1.217379803093559,1.667282688829322,0.9541165775577466,0.5626016260162602
2024-01-01T00:00:00.000000,2024-01-01T00:00:00.000000,multi_horizon_momentum,correlation_filtered,None,alpha,100000000,207083111.09936982,107083111.09936982,1.0656980731736363,0.33801050103068664,0.2721192637660127,-0.3239205775129873,1.2295194375025011,1.6895078933589402,0.9433481017917196,0.5658536585365853
2024-01-01T00:00:00.000000,2024-01-01T00:00:00.000000,multi_horizon_momentum,correlation_filtered,None,alpha_volatility,100000000,213246037.62418318,113246037.62418318,1.1278262266569876,0.3540195182230681,0.26566401543164264,-0.321355119002412,1.2985487662358195,1.7915938672036793,0.9736273311019513,0.5609756097560976
2024-01-01T00:00:00.000000,2024-01-01T00:00:00.000000,multi_horizon_momentum,correlation_filtered,None,inverse_volatility,100000000,211465042.30028832,111465042.30028832,1.110196020722618,0.3495053736960121,0.2656909725748164,-0.3221895997854817,1.2856148598971884,1.768160895077814,0.9910508852662308,0.5560975609756098
2024-01-01T00:00:00.000000,2024-01-01T00:00:00.000000,multi_horizon_momentum,correlation_filtered,0.7,equal,100000000,205369521.19430387,105369521.19430387,1.048727934965179,0.3335876922605192,0.27203884328540356,-0.32474786544872636,1.217379803093559,1.667282688829322,0.9541165775577466,0.5626016260162602
2024-01-01T00:00:00.000000,2024-01-01T00:00:00.000000,multi_horizon_momentum,correlation_filtered,0.7,alpha,100000000,207083111.09936982,107083111.09936982,1.0656980731736363,0.33801050103068664,0.2721192637660127,-0.3239205775129873,1.2295194375025011,1.6895078933589402,0.9433481017917196,0.5658536585365853
2024-01-01T00:00:00.000000,2024-01-01T00:00:00.000000,multi_horizon_momentum,correlation_filtered,0.7,alpha_volatility,100000000,213246037.62418318,113246037.62418318,1.1278262266569876,0.3540195182230681,0.26566401543164264,-0.321355119002412,1.2985487662358195,1.7915938672036793,0.9736273311019513,0.5609756097560976
2024-01-01T00:00:00.000000,2024-01-01T00:00:00.000000,multi_horizon_momentum,correlation_filtered,0.7,inverse_volatility,100000000,211465042.30028832,111465042.30028832,1.110196020722618,0.3495053736960121,0.2656909725748164,-0.3221895997854817,1.2856148598971884,1.768160895077814,0.9910508852662308,0.5560975609756098
2024-01-01T00:00:00.000000,2024-01-01T00:00:00.000000,multi_horizon_momentum,correlation_filtered,0.75,equal,100000000,205369521.19430387,105369521.19430387,1.048727934965179,0.3335876922605192,0.27203884328540356,-0.32474786544872636,1.217379803093559,1.667282688829322,0.9541165775577466,0.5626016260162602
2024-01-01T00:00:00.000000,2024-01-01T00:00:00.000000,multi_horizon_momentum,correlation_filtered,0.75,alpha,100000000,207083111.09936982,107083111.09936982,1.0656980731736363,0.33801050103068664,0.2721192637660127,-0.3239205775129873,1.2295194375025011,1.6895078933589402,0.9433481017917196,0.5658536585365853
2024-01-01T00:00:00.000000,2024-01-01T00:00:00.000000,multi_horizon_momentum,correlation_filtered,0.75,alpha_volatility,100000000,213246037.62418318,113246037.62418318,1.1278262266569876,0.3540195182230681,0.26566401543164264,-0.321355119002412,1.2985487662358195,1.7915938672036793,0.9736273311019513,0.5609756097560976
2024-01-01T00:00:00.000000,2024-01-01T00:00:00.000000,multi_horizon_momentum,correlation_filtered,0.75,inverse_volatility,100000000,211465042.30028832,111465042.30028832,1.110196020722618,0.3495053736960121,0.2656909725748164,-0.3221895997854817,1.2856148598971884,1.768160895077814,0.9910508852662308,0.5560975609756098
2024-01-01T00:00:00.000000,2024-01-01T00:00:00.000000,multi_horizon_momentum,correlation_filtered,0.8,equal,100000000,205369521.19430387,105369521.19430387,1.048727934965179,0.3335876922605192,0.27203884328540356,-0.32474786544872636,1.217379803093559,1.667282688829322,0.9541165775577466,0.5626016260162602
2024-01-01T00:00:00.000000,2024-01-01T00:00:00.000000,multi_horizon_momentum,correlation_filtered,0.8,alpha,100000000,207083111.09936982,107083111.09936982,1.0656980731736363,0.33801050103068664,0.2721192637660127,-0.3239205775129873,1.2295194375025011,1.6895078933589402,0.9433481017917196,0.5658536585365853
2024-01-01T00:00:00.000000,2024-01-01T00:00:00.000000,multi_horizon_momentum,correlation_filtered,0.8,alpha_volatility,100000000,213246037.62418318,113246037.62418318,1.1278262266569876,0.3540195182230681,0.26566401543164264,-0.321355119002412,1.2985487662358195,1.7915938672036793,0.9736273311019513,0.5609756097560976
2024-01-01T00:00:00.000000,2024-01-01T00:00:00.000000,multi_horizon_momentum,correlation_filtered,0.8,inverse_volatility,100000000,211465042.30028832,111465042.30028832,1.110196020722618,0.3495053736960121,0.2656909725748164,-0.3221895997854817,1.2856148598971884,1.768160895077814,0.9910508852662308,0.5560975609756098
2024-01-01T00:00:00.000000,2024-01-01T00:00:00.000000,multi_horizon_momentum,correlation_filtered,0.85,equal,100000000,205369521.19430387,105369521.19430387,1.048727934965179,0.3335876922605192,0.27203884328540356,-0.32474786544872636,1.217379803093559,1.667282688829322,0.9541165775577466,0.5626016260162602
2024-01-01T00:00:00.000000,2024-01-01T00:00:00.000000,multi_horizon_momentum,correlation_filtered,0.85,alpha,100000000,207083111.09936982,107083111.09936982,1.0656980731736363,0.33801050103068664,0.2721192637660127,-0.3239205775129873,1.2295194375025011,1.6895078933589402,0.9433481017917196,0.5658536585365853
2024-01-01T00:00:00.000000,2024-01-01T00:00:00.000000,multi_horizon_momentum,correlation_filtered,0.85,alpha_volatility,100000000,213246037.62418318,113246037.62418318,1.1278262266569876,0.3540195182230681,0.26566401543164264,-0.321355119002412,1.2985487662358195,1.7915938672036793,0.9736273311019513,0.5609756097560976
2024-01-01T00:00:00.000000,2024-01-01T00:00:00.000000,multi_horizon_momentum,correlation_filtered,0.85,inverse_volatility,100000000,211465042.30028832,111465042.30028832,1.110196020722618,0.3495053736960121,0.2656909725748164,-0.3221895997854817,1.2856148598971884,1.768160895077814,0.9910508852662308,0.5560975609756098
2024-01-01T00:00:00.000000,2024-01-01T00:00:00.000000,relative_strength,top_n,None,equal,100000000,174785413.13994992,74785413.13994992,0.7476653854729534,0.2511701106893711,0.28480451618565783,-0.29631851008296195,0.946670920386304,1.2747146544637307,0.9490200526894306,0.5528455284552846
2024-01-01T00:00:00.000000,2024-01-01T00:00:00.000000,relative_strength,top_n,None,alpha,100000000,175514639.45616418,75514639.45616418,0.7548705730025358,0.2532379516106311,0.285051223268713,-0.2958969995782449,0.9520117019800323,1.283221124420976,0.9498430206996973,0.5528455284552846
2024-01-01T00:00:00.000000,2024-01-01T00:00:00.000000,relative_strength,top_n,None,alpha_volatility,100000000,184486242.48896682,84486242.48896682,0.845031528551893,0.27869482220137654,0.27550607996696197,-0.29611979921341003,1.0497993095528342,1.4167508691467443,0.9653124989799383,0.5528455284552846
2024-01-01T00:00:00.000000,2024-01-01T00:00:00.000000,relative_strength,top_n,None,inverse_volatility,100000000,183633641.31919652,83633641.31919652,0.8366077447870868,0.27634835932047097,0.27528685386645474,-0.2965477972742595,1.0436051246278888,1.4063441880322975,0.9771314543583108,0.5495934959349593
2024-01-01T00:00:00.000000,2024-01-01T00:00:00.000000,relative_strength,correlation_filtered,None,equal,100000000,174785413.13994992,74785413.13994992,0.7476653854729534,0.2511701106893711,0.28480451618565783,-0.29631851008296195,0.946670920386304,1.2747146544637307,0.9490200526894306,0.5528455284552846
2024-01-01T00:00:00.000000,2024-01-01T00:00:00.000000,relative_strength,correlation_filtered,None,alpha,100000000,175514639.45616418,75514639.45616418,0.7548705730025358,0.2532379516106311,0.285051223268713,-0.2958969995782449,0.9520117019800323,1.283221124420976,0.9498430206996973,0.5528455284552846
2024-01-01T00:00:00.000000,2024-01-01T00:00:00.000000,relative_strength,correlation_filtered,None,alpha_volatility,100000000,184486242.48896682,84486242.48896682,0.845031528551893,0.27869482220137654,0.27550607996696197,-0.29611979921341003,1.0497993095528342,1.4167508691467443,0.9653124989799383,0.5528455284552846
2024-01-01T00:00:00.000000,2024-01-01T00:00:00.000000,relative_strength,correlation_filtered,None,inverse_volatility,100000000,183633641.31919652,83633641.31919652,0.8366077447870868,0.27634835932047097,0.27528685386645474,-0.2965477972742595,1.0436051246278888,1.4063441880322975,0.9771314543583108,0.5495934959349593
2024-01-01T00:00:00.000000,2024-01-01T00:00:00.000000,relative_strength,correlation_filtered,0.7,equal,100000000,174785413.13994992,74785413.13994992,0.7476653854729534,0.2511701106893711,0.28480451618565783,-0.29631851008296195,0.946670920386304,1.2747146544637307,0.9490200526894306,0.5528455284552846
2024-01-01T00:00:00.000000,2024-01-01T00:00:00.000000,relative_strength,correlation_filtered,0.7,alpha,100000000,175514639.45616418,75514639.45616418,0.7548705730025358,0.2532379516106311,0.285051223268713,-0.2958969995782449,0.9520117019800323,1.283221124420976,0.9498430206996973,0.5528455284552846
2024-01-01T00:00:00.000000,2024-01-01T00:00:00.000000,relative_strength,correlation_filtered,0.7,alpha_volatility,100000000,184486242.48896682,84486242.48896682,0.845031528551893,0.27869482220137654,0.27550607996696197,-0.29611979921341003,1.0497993095528342,1.4167508691467443,0.9653124989799383,0.5528455284552846
2024-01-01T00:00:00.000000,2024-01-01T00:00:00.000000,relative_strength,correlation_filtered,0.7,inverse_volatility,100000000,183633641.31919652,83633641.31919652,0.8366077447870868,0.27634835932047097,0.27528685386645474,-0.2965477972742595,1.0436051246278888,1.4063441880322975,0.9771314543583108,0.5495934959349593
2024-01-01T00:00:00.000000,2024-01-01T00:00:00.000000,relative_strength,correlation_filtered,0.75,equal,100000000,174785413.13994992,74785413.13994992,0.7476653854729534,0.2511701106893711,0.28480451618565783,-0.29631851008296195,0.946670920386304,1.2747146544637307,0.9490200526894306,0.5528455284552846
2024-01-01T00:00:00.000000,2024-01-01T00:00:00.000000,relative_strength,correlation_filtered,0.75,alpha,100000000,175514639.45616418,75514639.45616418,0.7548705730025358,0.2532379516106311,0.285051223268713,-0.2958969995782449,0.9520117019800323,1.283221124420976,0.9498430206996973,0.5528455284552846
2024-01-01T00:00:00.000000,2024-01-01T00:00:00.000000,relative_strength,correlation_filtered,0.75,alpha_volatility,100000000,184486242.48896682,84486242.48896682,0.845031528551893,0.27869482220137654,0.27550607996696197,-0.29611979921341003,1.0497993095528342,1.4167508691467443,0.9653124989799383,0.5528455284552846
2024-01-01T00:00:00.000000,2024-01-01T00:00:00.000000,relative_strength,correlation_filtered,0.75,inverse_volatility,100000000,183633641.31919652,83633641.31919652,0.8366077447870868,0.27634835932047097,0.27528685386645474,-0.2965477972742595,1.0436051246278888,1.4063441880322975,0.9771314543583108,0.5495934959349593
2024-01-01T00:00:00.000000,2024-01-01T00:00:00.000000,relative_strength,correlation_filtered,0.8,equal,100000000,174785413.13994992,74785413.13994992,0.7476653854729534,0.2511701106893711,0.28480451618565783,-0.29631851008296195,0.946670920386304,1.2747146544637307,0.9490200526894306,0.5528455284552846
2024-01-01T00:00:00.000000,2024-01-01T00:00:00.000000,relative_strength,correlation_filtered,0.8,alpha,100000000,175514639.45616418,75514639.45616418,0.7548705730025358,0.2532379516106311,0.285051223268713,-0.2958969995782449,0.9520117019800323,1.283221124420976,0.9498430206996973,0.5528455284552846
2024-01-01T00:00:00.000000,2024-01-01T00:00:00.000000,relative_strength,correlation_filtered,0.8,alpha_volatility,100000000,184486242.48896682,84486242.48896682,0.845031528551893,0.27869482220137654,0.27550607996696197,-0.29611979921341003,1.0497993095528342,1.4167508691467443,0.9653124989799383,0.5528455284552846
2024-01-01T00:00:00.000000,2024-01-01T00:00:00.000000,relative_strength,correlation_filtered,0.8,inverse_volatility,100000000,183633641.31919652,83633641.31919652,0.8366077447870868,0.27634835932047097,0.27528685386645474,-0.2965477972742595,1.0436051246278888,1.4063441880322975,0.9771314543583108,0.5495934959349593
2024-01-01T00:00:00.000000,2024-01-01T00:00:00.000000,relative_strength,correlation_filtered,0.85,equal,100000000,174785413.13994992,74785413.13994992,0.7476653854729534,0.2511701106893711,0.28480451618565783,-0.29631851008296195,0.946670920386304,1.2747146544637307,0.9490200526894306,0.5528455284552846
2024-01-01T00:00:00.000000,2024-01-01T00:00:00.000000,relative_strength,correlation_filtered,0.85,alpha,100000000,175514639.45616418,75514639.45616418,0.7548705730025358,0.2532379516106311,0.285051223268713,-0.2958969995782449,0.9520117019800323,1.283221124420976,0.9498430206996973,0.5528455284552846
2024-01-01T00:00:00.000000,2024-01-01T00:00:00.000000,relative_strength,correlation_filtered,0.85,alpha_volatility,100000000,184486242.48896682,84486242.48896682,0.845031528551893,0.27869482220137654,0.27550607996696197,-0.29611979921341003,1.0497993095528342,1.4167508691467443,0.9653124989799383,0.5528455284552846
2024-01-01T00:00:00.000000,2024-01-01T00:00:00.000000,relative_strength,correlation_filtered,0.85,inverse_volatility,100000000,183633641.31919652,83633641.31919652,0.8366077447870868,0.27634835932047097,0.27528685386645474,-0.2965477972742595,1.0436051246278888,1.4063441880322975,0.9771314543583108,0.5495934959349593
2024-01-01T00:00:00.000000,2024-01-01T00:00:00.000000,trend_strength,top_n,None,equal,100000000,227604909.78821737,127604909.78821737,1.2794498901047762,0.391949709038671,0.30304795071146695,-0.2972391526368764,1.2668860310415195,1.7601101569868425,0.9955002258042905,0.5544715447154471
2024-01-01T00:00:00.000000,2024-01-01T00:00:00.000000,trend_strength,top_n,None,alpha,100000000,227803155.44842112,127803155.44842112,1.2814313349907946,0.39243523378075484,0.30287837899024755,-0.2970737161356206,1.2685992707270957,1.7628642817640165,1.002329522783892,0.5528455284552846
2024-01-01T00:00:00.000000,2024-01-01T00:00:00.000000,trend_strength,top_n,None,alpha_volatility,100000000,241555722.92445093,141555722.92445093,1.419002732610108,0.42554692161739593,0.29197620425275805,-0.2926659061449075,1.3872372712708578,1.8940582523862113,1.0292223504383124,0.551219512195122
2024-01-01T00:00:00.000000,2024-01-01T00:00:00.000000,trend_strength,top_n,None,inverse_volatility,100000000,241365167.88260528,141365167.88260528,1.4170979996934108,0.42509628086567197,0.29218205960423804,-0.2928488554094716,1.3853658512327223,1.8906296128855502,1.0088187335076237,0.5560975609756098
2024-01-01T00:00:00.000000,2024-01-01T00:00:00.000000,trend_strength,correlation_filtered,None,equal,100000000,227604909.78821737,127604909.78821737,1.2794498901047762,0.391949709038671,0.30304795071146695,-0.2972391526368764,1.2668860310415195,1.7601101569868425,0.9955002258042905,0.5544715447154471
2024-01-01T00:00:00.000000,2024-01-01T00:00:00.000000,trend_strength,correlation_filtered,None,alpha,100000000,227803155.44842112,127803155.44842112,1.2814313349907946,0.39243523378075484,0.30287837899024755,-0.2970737161356206,1.2685992707270957,1.7628642817640165,1.002329522783892,0.5528455284552846
2024-01-01T00:00:00.000000,2024-01-01T00:00:00.000000,trend_strength,correlation_filtered,None,alpha_volatility,100000000,241555722.92445093,141555722.92445093,1.419002732610108,0.42554692161739593,0.29197620425275805,-0.2926659061449075,1.3872372712708578,1.8940582523862113,1.0292223504383124,0.551219512195122
2024-01-01T00:00:00.000000,2024-01-01T00:00:00.000000,trend_strength,correlation_filtered,None,inverse_volatility,100000000,241365167.88260528,141365167.88260528,1.4170979996934108,0.42509628086567197,0.29218205960423804,-0.2928488554094716,1.3853658512327223,1.8906296128855502,1.0088187335076237,0.5560975609756098
2024-01-01T00:00:00.000000,2024-01-01T00:00:00.000000,trend_strength,correlation_filtered,0.7,equal,100000000,227604909.78821737,127604909.78821737,1.2794498901047762,0.391949709038671,0.30304795071146695,-0.2972391526368764,1.2668860310415195,1.7601101569868425,0.9955002258042905,0.5544715447154471
2024-01-01T00:00:00.000000,2024-01-01T00:00:00.000000,trend_strength,correlation_filtered,0.7,alpha,100000000,227803155.44842112,127803155.44842112,1.2814313349907946,0.39243523378075484,0.30287837899024755,-0.2970737161356206,1.2685992707270957,1.7628642817640165,1.002329522783892,0.5528455284552846
2024-01-01T00:00:00.000000,2024-01-01T00:00:00.000000,trend_strength,correlation_filtered,0.7,alpha_volatility,100000000,241555722.92445093,141555722.92445093,1.419002732610108,0.42554692161739593,0.29197620425275805,-0.2926659061449075,1.3872372712708578,1.8940582523862113,1.0292223504383124,0.551219512195122
2024-01-01T00:00:00.000000,2024-01-01T00:00:00.000000,trend_strength,correlation_filtered,0.7,inverse_volatility,100000000,241365167.88260528,141365167.88260528,1.4170979996934108,0.42509628086567197,0.29218205960423804,-0.2928488554094716,1.3853658512327223,1.8906296128855502,1.0088187335076237,0.5560975609756098
2024-01-01T00:00:00.000000,2024-01-01T00:00:00.000000,trend_strength,correlation_filtered,0.75,equal,100000000,227604909.78821737,127604909.78821737,1.2794498901047762,0.391949709038671,0.30304795071146695,-0.2972391526368764,1.2668860310415195,1.7601101569868425,0.9955002258042905,0.5544715447154471
2024-01-01T00:00:00.000000,2024-01-01T00:00:00.000000,trend_strength,correlation_filtered,0.75,alpha,100000000,227803155.44842112,127803155.44842112,1.2814313349907946,0.39243523378075484,0.30287837899024755,-0.2970737161356206,1.2685992707270957,1.7628642817640165,1.002329522783892,0.5528455284552846
2024-01-01T00:00:00.000000,2024-01-01T00:00:00.000000,trend_strength,correlation_filtered,0.75,alpha_volatility,100000000,241555722.92445093,141555722.92445093,1.419002732610108,0.42554692161739593,0.29197620425275805,-0.2926659061449075,1.3872372712708578,1.8940582523862113,1.0292223504383124,0.551219512195122
2024-01-01T00:00:00.000000,2024-01-01T00:00:00.000000,trend_strength,correlation_filtered,0.75,inverse_volatility,100000000,241365167.88260528,141365167.88260528,1.4170979996934108,0.42509628086567197,0.29218205960423804,-0.2928488554094716,1.3853658512327223,1.8906296128855502,1.0088187335076237,0.5560975609756098
2024-01-01T00:00:00.000000,2024-01-01T00:00:00.000000,trend_strength,correlation_filtered,0.8,equal,100000000,227604909.78821737,127604909.78821737,1.2794498901047762,0.391949709038671,0.30304795071146695,-0.2972391526368764,1.2668860310415195,1.7601101569868425,0.9955002258042905,0.5544715447154471
2024-01-01T00:00:00.000000,2024-01-01T00:00:00.000000,trend_strength,correlation_filtered,0.8,alpha,100000000,227803155.44842112,127803155.44842112,1.2814313349907946,0.39243523378075484,0.30287837899024755,-0.2970737161356206,1.2685992707270957,1.7628642817640165,1.002329522783892,0.5528455284552846
2024-01-01T00:00:00.000000,2024-01-01T00:00:00.000000,trend_strength,correlation_filtered,0.8,alpha_volatility,100000000,241555722.92445093,141555722.92445093,1.419002732610108,0.42554692161739593,0.29197620425275805,-0.2926659061449075,1.3872372712708578,1.8940582523862113,1.0292223504383124,0.551219512195122
2024-01-01T00:00:00.000000,2024-01-01T00:00:00.000000,trend_strength,correlation_filtered,0.8,inverse_volatility,100000000,241365167.88260528,141365167.88260528,1.4170979996934108,0.42509628086567197,0.29218205960423804,-0.2928488554094716,1.3853658512327223,1.8906296128855502,1.0088187335076237,0.5560975609756098
2024-01-01T00:00:00.000000,2024-01-01T00:00:00.000000,trend_strength,correlation_filtered,0.85,equal,100000000,227604909.78821737,127604909.78821737,1.2794498901047762,0.391949709038671,0.30304795071146695,-0.2972391526368764,1.2668860310415195,1.7601101569868425,0.9955002258042905,0.5544715447154471
2024-01-01T00:00:00.000000,2024-01-01T00:00:00.000000,trend_strength,correlation_filtered,0.85,alpha,100000000,227803155.44842112,127803155.44842112,1.2814313349907946,0.39243523378075484,0.30287837899024755,-0.2970737161356206,1.2685992707270957,1.7628642817640165,1.002329522783892,0.5528455284552846
2024-01-01T00:00:00.000000,2024-01-01T00:00:00.000000,trend_strength,correlation_filtered,0.85,alpha_volatility,100000000,241555722.92445093,141555722.92445093,1.419002732610108,0.42554692161739593,0.29197620425275805,-0.2926659061449075,1.3872372712708578,1.8940582523862113,1.0292223504383124,0.551219512195122
2024-01-01T00:00:00.000000,2024-01-01T00:00:00.000000,trend_strength,correlation_filtered,0.85,inverse_volatility,100000000,241365167.88260528,141365167.88260528,1.4170979996934108,0.42509628086567197,0.29218205960423804,-0.2928488554094716,1.3853658512327223,1.8906296128855502,1.0088187335076237,0.5560975609756098
2024-01-01T00:00:00.000000,2024-01-01T00:00:00.000000,high_52w,top_n,None,equal,100000000,233713458.00457016,133713458.00457016,1.3637587684076453,0.4123894090348379,0.25888206877851516,-0.24622984482524812,1.494542941547975,2.062229950607996,0.9021363926776845,0.5863192182410424
2024-01-01T00:00:00.000000,2024-01-01T00:00:00.000000,high_52w,top_n,None,alpha,100000000,235024535.10415104,135024535.10415104,1.3767610883575578,0.4155026120828025,0.25953996888687475,-0.24640748071866114,1.500091447642282,2.0736565628148442,0.9029567402166613,0.5863192182410424
2024-01-01T00:00:00.000000,2024-01-01T00:00:00.000000,high_52w,top_n,None,alpha_volatility,100000000,209410138.0238489,109410138.02384889,1.1203976739793626,0.3521202065840914,0.231604410708453,-0.22955152047762373,1.4488514727268564,1.9625178099157643,0.883076696318108,0.5895765472312704
2024-01-01T00:00:00.000000,2024-01-01T00:00:00.000000,high_52w,top_n,None,inverse_volatility,100000000,208190900.55533636,108190900.55533636,1.1082458971469427,0.3490046675117078,0.23104693042082908,-0.23066341755202435,1.4415726485491263,1.949856137027562,0.8761626232692782,0.5912052117263844
2024-01-01T00:00:00.000000,2024-01-01T00:00:00.000000,high_52w,correlation_filtered,None,equal,100000000,233713458.00457016,133713458.00457016,1.3637587684076453,0.4123894090348379,0.25888206877851516,-0.24622984482524812,1.494542941547975,2.062229950607996,0.9021363926776845,0.5863192182410424
2024-01-01T00:00:00.000000,2024-01-01T00:00:00.000000,high_52w,correlation_filtered,None,alpha,100000000,235024535.10415104,135024535.10415104,1.3767610883575578,0.4155026120828025,0.25953996888687475,-0.24640748071866114,1.500091447642282,2.0736565628148442,0.9029567402166613,0.5863192182410424
2024-01-01T00:00:00.000000,2024-01-01T00:00:00.000000,high_52w,correlation_filtered,None,alpha_volatility,100000000,209410138.0238489,109410138.02384889,1.1203976739793626,0.3521202065840914,0.231604410708453,-0.22955152047762373,1.4488514727268564,1.9625178099157643,0.883076696318108,0.5895765472312704
2024-01-01T00:00:00.000000,2024-01-01T00:00:00.000000,high_52w,correlation_filtered,None,inverse_volatility,100000000,208190900.55533636,108190900.55533636,1.1082458971469427,0.3490046675117078,0.23104693042082908,-0.23066341755202435,1.4415726485491263,1.949856137027562,0.8761626232692782,0.5912052117263844
2024-01-01T00:00:00.000000,2024-01-01T00:00:00.000000,high_52w,correlation_filtered,0.7,equal,100000000,233713458.00457016,133713458.00457016,1.3637587684076453,0.4123894090348379,0.25888206877851516,-0.24622984482524812,1.494542941547975,2.062229950607996,0.9021363926776845,0.5863192182410424
2024-01-01T00:00:00.000000,2024-01-01T00:00:00.000000,high_52w,correlation_filtered,0.7,alpha,100000000,235024535.10415104,135024535.10415104,1.3767610883575578,0.4155026120828025,0.25953996888687475,-0.24640748071866114,1.500091447642282,2.0736565628148442,0.9029567402166613,0.5863192182410424
2024-01-01T00:00:00.000000,2024-01-01T00:00:00.000000,high_52w,correlation_filtered,0.7,alpha_volatility,100000000,209410138.0238489,109410138.02384889,1.1203976739793626,0.3521202065840914,0.231604410708453,-0.22955152047762373,1.4488514727268564,1.9625178099157643,0.883076696318108,0.5895765472312704
2024-01-01T00:00:00.000000,2024-01-01T00:00:00.000000,high_52w,correlation_filtered,0.7,inverse_volatility,100000000,208190900.55533636,108190900.55533636,1.1082458971469427,0.3490046675117078,0.23104693042082908,-0.23066341755202435,1.4415726485491263,1.949856137027562,0.8761626232692782,0.5912052117263844
2024-01-01T00:00:00.000000,2024-01-01T00:00:00.000000,high_52w,correlation_filtered,0.75,equal,100000000,233713458.00457016,133713458.00457016,1.3637587684076453,0.4123894090348379,0.25888206877851516,-0.24622984482524812,1.494542941547975,2.062229950607996,0.9021363926776845,0.5863192182410424
2024-01-01T00:00:00.000000,2024-01-01T00:00:00.000000,high_52w,correlation_filtered,0.75,alpha,100000000,235024535.10415104,135024535.10415104,1.3767610883575578,0.4155026120828025,0.25953996888687475,-0.24640748071866114,1.500091447642282,2.0736565628148442,0.9029567402166613,0.5863192182410424
2024-01-01T00:00:00.000000,2024-01-01T00:00:00.000000,high_52w,correlation_filtered,0.75,alpha_volatility,100000000,209410138.0238489,109410138.02384889,1.1203976739793626,0.3521202065840914,0.231604410708453,-0.22955152047762373,1.4488514727268564,1.9625178099157643,0.883076696318108,0.5895765472312704
2024-01-01T00:00:00.000000,2024-01-01T00:00:00.000000,high_52w,correlation_filtered,0.75,inverse_volatility,100000000,208190900.55533636,108190900.55533636,1.1082458971469427,0.3490046675117078,0.23104693042082908,-0.23066341755202435,1.4415726485491263,1.949856137027562,0.8761626232692782,0.5912052117263844
2024-01-01T00:00:00.000000,2024-01-01T00:00:00.000000,high_52w,correlation_filtered,0.8,equal,100000000,233713458.00457016,133713458.00457016,1.3637587684076453,0.4123894090348379,0.25888206877851516,-0.24622984482524812,1.494542941547975,2.062229950607996,0.9021363926776845,0.5863192182410424
2024-01-01T00:00:00.000000,2024-01-01T00:00:00.000000,high_52w,correlation_filtered,0.8,alpha,100000000,235024535.10415104,135024535.10415104,1.3767610883575578,0.4155026120828025,0.25953996888687475,-0.24640748071866114,1.500091447642282,2.0736565628148442,0.9029567402166613,0.5863192182410424
2024-01-01T00:00:00.000000,2024-01-01T00:00:00.000000,high_52w,correlation_filtered,0.8,alpha_volatility,100000000,209410138.0238489,109410138.02384889,1.1203976739793626,0.3521202065840914,0.231604410708453,-0.22955152047762373,1.4488514727268564,1.9625178099157643,0.883076696318108,0.5895765472312704
2024-01-01T00:00:00.000000,2024-01-01T00:00:00.000000,high_52w,correlation_filtered,0.8,inverse_volatility,100000000,208190900.55533636,108190900.55533636,1.1082458971469427,0.3490046675117078,0.23104693042082908,-0.23066341755202435,1.4415726485491263,1.949856137027562,0.8761626232692782,0.5912052117263844
2024-01-01T00:00:00.000000,2024-01-01T00:00:00.000000,high_52w,correlation_filtered,0.85,equal,100000000,233713458.00457016,133713458.00457016,1.3637587684076453,0.4123894090348379,0.25888206877851516,-0.24622984482524812,1.494542941547975,2.062229950607996,0.9021363926776845,0.5863192182410424
2024-01-01T00:00:00.000000,2024-01-01T00:00:00.000000,high_52w,correlation_filtered,0.85,alpha,100000000,235024535.10415104,135024535.10415104,1.3767610883575578,0.4155026120828025,0.25953996888687475,-0.24640748071866114,1.500091447642282,2.0736565628148442,0.9029567402166613,0.5863192182410424
2024-01-01T00:00:00.000000,2024-01-01T00:00:00.000000,high_52w,correlation_filtered,0.85,alpha_volatility,100000000,209410138.0238489,109410138.02384889,1.1203976739793626,0.3521202065840914,0.231604410708453,-0.22955152047762373,1.4488514727268564,1.9625178099157643,0.883076696318108,0.5895765472312704
2024-01-01T00:00:00.000000,2024-01-01T00:00:00.000000,high_52w,correlation_filtered,0.85,inverse_volatility,100000000,208190900.55533636,108190900.55533636,1.1082458971469427,0.3490046675117078,0.23104693042082908,-0.23066341755202435,1.4415726485491263,1.949856137027562,0.8761626232692782,0.5912052117263844
2024-01-01T00:00:00.000000,2024-01-01T00:00:00.000000,breakout,top_n,None,equal,100000000,233713458.00457016,133713458.00457016,1.3637587684076453,0.4123894090348379,0.25888206877851516,-0.24622984482524823,1.4945429415479783,2.0622299506080024,0.902136392677685,0.5863192182410424
2024-01-01T00:00:00.000000,2024-01-01T00:00:00.000000,breakout,top_n,None,alpha,100000000,234189379.8942247,134189379.8942247,1.3681784451970187,0.4134487792667849,0.25889307838646247,-0.2459715782354056,1.497446397601338,2.069275627873437,0.9025852351199115,0.5863192182410424
2024-01-01T00:00:00.000000,2024-01-01T00:00:00.000000,breakout,top_n,None,alpha_volatility,100000000,208331513.5616853,108331513.5616853,1.1094192882717624,0.34930597608313274,0.23081728919019787,-0.22949421207813814,1.4437592582262098,1.9572786538164257,0.8705382697409775,0.5928338762214984
2024-01-01T00:00:00.000000,2024-01-01T00:00:00.000000,breakout,top_n,None,inverse_volatility,100000000,208190900.5553363,108190900.5553363,1.1082458971469427,0.3490046675117078,0.23104693042082897,-0.23066341755202446,1.4415726485491267,1.9498561370275607,0.8761626232692783,0.5912052117263844
2024-01-01T00:00:00.000000,2024-01-01T00:00:00.000000,breakout,correlation_filtered,None,equal,100000000,233713458.00457016,133713458.00457016,1.3637587684076453,0.4123894090348379,0.25888206877851516,-0.24622984482524823,1.4945429415479783,2.0622299506080024,0.902136392677685,0.5863192182410424
2024-01-01T00:00:00.000000,2024-01-01T00:00:00.000000,breakout,correlation_filtered,None,alpha,100000000,234189379.8942247,134189379.8942247,1.3681784451970187,0.4134487792667849,0.25889307838646247,-0.2459715782354056,1.497446397601338,2.069275627873437,0.9025852351199115,0.5863192182410424
2024-01-01T00:00:00.000000,2024-01-01T00:00:00.000000,breakout,correlation_filtered,None,alpha_volatility,100000000,208331513.5616853,108331513.5616853,1.1094192882717624,0.34930597608313274,0.23081728919019787,-0.22949421207813814,1.4437592582262098,1.9572786538164257,0.8705382697409775,0.5928338762214984
2024-01-01T00:00:00.000000,2024-01-01T00:00:00.000000,breakout,correlation_filtered,None,inverse_volatility,100000000,208190900.5553363,108190900.5553363,1.1082458971469427,0.3490046675117078,0.23104693042082897,-0.23066341755202446,1.4415726485491267,1.9498561370275607,0.8761626232692783,0.5912052117263844
2024-01-01T00:00:00.000000,2024-01-01T00:00:00.000000,breakout,correlation_filtered,0.7,equal,100000000,233713458.00457016,133713458.00457016,1.3637587684076453,0.4123894090348379,0.25888206877851516,-0.24622984482524823,1.4945429415479783,2.0622299506080024,0.902136392677685,0.5863192182410424
2024-01-01T00:00:00.000000,2024-01-01T00:00:00.000000,breakout,correlation_filtered,0.7,alpha,100000000,234189379.8942247,134189379.8942247,1.3681784451970187,0.4134487792667849,0.25889307838646247,-0.2459715782354056,1.497446397601338,2.069275627873437,0.9025852351199115,0.5863192182410424
2024-01-01T00:00:00.000000,2024-01-01T00:00:00.000000,breakout,correlation_filtered,0.7,alpha_volatility,100000000,208331513.5616853,108331513.5616853,1.1094192882717624,0.34930597608313274,0.23081728919019787,-0.22949421207813814,1.4437592582262098,1.9572786538164257,0.8705382697409775,0.5928338762214984
2024-01-01T00:00:00.000000,2024-01-01T00:00:00.000000,breakout,correlation_filtered,0.7,inverse_volatility,100000000,208190900.5553363,108190900.5553363,1.1082458971469427,0.3490046675117078,0.23104693042082897,-0.23066341755202446,1.4415726485491267,1.9498561370275607,0.8761626232692783,0.5912052117263844
2024-01-01T00:00:00.000000,2024-01-01T00:00:00.000000,breakout,correlation_filtered,0.75,equal,100000000,233713458.00457016,133713458.00457016,1.3637587684076453,0.4123894090348379,0.25888206877851516,-0.24622984482524823,1.4945429415479783,2.0622299506080024,0.902136392677685,0.5863192182410424
2024-01-01T00:00:00.000000,2024-01-01T00:00:00.000000,breakout,correlation_filtered,0.75,alpha,100000000,234189379.8942247,134189379.8942247,1.3681784451970187,0.4134487792667849,0.25889307838646247,-0.2459715782354056,1.497446397601338,2.069275627873437,0.9025852351199115,0.5863192182410424
2024-01-01T00:00:00.000000,2024-01-01T00:00:00.000000,breakout,correlation_filtered,0.75,alpha_volatility,100000000,208331513.5616853,108331513.5616853,1.1094192882717624,0.34930597608313274,0.23081728919019787,-0.22949421207813814,1.4437592582262098,1.9572786538164257,0.8705382697409775,0.5928338762214984
2024-01-01T00:00:00.000000,2024-01-01T00:00:00.000000,breakout,correlation_filtered,0.75,inverse_volatility,100000000,208190900.5553363,108190900.5553363,1.1082458971469427,0.3490046675117078,0.23104693042082897,-0.23066341755202446,1.4415726485491267,1.9498561370275607,0.8761626232692783,0.5912052117263844
2024-01-01T00:00:00.000000,2024-01-01T00:00:00.000000,breakout,correlation_filtered,0.8,equal,100000000,233713458.00457016,133713458.00457016,1.3637587684076453,0.4123894090348379,0.25888206877851516,-0.24622984482524823,1.4945429415479783,2.0622299506080024,0.902136392677685,0.5863192182410424
2024-01-01T00:00:00.000000,2024-01-01T00:00:00.000000,breakout,correlation_filtered,0.8,alpha,100000000,234189379.8942247,134189379.8942247,1.3681784451970187,0.4134487792667849,0.25889307838646247,-0.2459715782354056,1.497446397601338,2.069275627873437,0.9025852351199115,0.5863192182410424
2024-01-01T00:00:00.000000,2024-01-01T00:00:00.000000,breakout,correlation_filtered,0.8,alpha_volatility,100000000,208331513.5616853,108331513.5616853,1.1094192882717624,0.34930597608313274,0.23081728919019787,-0.22949421207813814,1.4437592582262098,1.9572786538164257,0.8705382697409775,0.5928338762214984
2024-01-01T00:00:00.000000,2024-01-01T00:00:00.000000,breakout,correlation_filtered,0.8,inverse_volatility,100000000,208190900.5553363,108190900.5553363,1.1082458971469427,0.3490046675117078,0.23104693042082897,-0.23066341755202446,1.4415726485491267,1.9498561370275607,0.8761626232692783,0.5912052117263844
2024-01-01T00:00:00.000000,2024-01-01T00:00:00.000000,breakout,correlation_filtered,0.85,equal,100000000,233713458.00457016,133713458.00457016,1.3637587684076453,0.4123894090348379,0.25888206877851516,-0.24622984482524823,1.4945429415479783,2.0622299506080024,0.902136392677685,0.5863192182410424
2024-01-01T00:00:00.000000,2024-01-01T00:00:00.000000,breakout,correlation_filtered,0.85,alpha,100000000,234189379.8942247,134189379.8942247,1.3681784451970187,0.4134487792667849,0.25889307838646247,-0.2459715782354056,1.497446397601338,2.069275627873437,0.9025852351199115,0.5863192182410424
2024-01-01T00:00:00.000000,2024-01-01T00:00:00.000000,breakout,correlation_filtered,0.85,alpha_volatility,100000000,208331513.5616853,108331513.5616853,1.1094192882717624,0.34930597608313274,0.23081728919019787,-0.22949421207813814,1.4437592582262098,1.9572786538164257,0.8705382697409775,0.5928338762214984
2024-01-01T00:00:00.000000,2024-01-01T00:00:00.000000,breakout,correlation_filtered,0.85,inverse_volatility,100000000,208190900.5553363,108190900.5553363,1.1082458971469427,0.3490046675117078,0.23104693042082897,-0.23066341755202446,1.4415726485491267,1.9498561370275607,0.8761626232692783,0.5912052117263844
2024-01-01T00:00:00.000000,2024-01-01T00:00:00.000000,volume_confirmation,top_n,None,equal,100000000,177169418.3117158,77169418.31171581,0.7798115039488513,0.26035684435156226,0.2811577151666819,-0.2836271134151911,0.982355141555832,1.2404855311150746,0.9454493998778939,0.5560975609756098
2024-01-01T00:00:00.000000,2024-01-01T00:00:00.000000,volume_confirmation,top_n,None,alpha,100000000,176476742.5680399,76476742.5680399,0.7729543400022298,0.258405587505218,0.2811328447792232,-0.2850249712553371,0.9767925601696141,1.2327037238607792,0.9570793938475224,0.5528455284552846
2024-01-01T00:00:00.000000,2024-01-01T00:00:00.000000,volume_confirmation,top_n,None,alpha_volatility,100000000,181649074.03731894,81649074.03731894,0.8234254479865752,0.2726634371919763,0.26943803297055136,-0.2661388705605142,1.049821992746493,1.3183772070788782,0.9503945069191715,0.5577235772357724
2024-01-01T00:00:00.000000,2024-01-01T00:00:00.000000,volume_confirmation,top_n,None,inverse_volatility,100000000,182395012.26375192,82395012.26375192,0.8308289655498897,0.2747349400146406,0.2693960561042882,-0.2646626357552925,1.056104942249434,1.3273189306604076,0.9451629322394219,0.5593495934959349
2024-01-01T00:00:00.000000,2024-01-01T00:00:00.000000,volume_confirmation,correlation_filtered,None,equal,100000000,177169418.3117158,77169418.31171581,0.7798115039488513,0.26035684435156226,0.2811577151666819,-0.2836271134151911,0.982355141555832,1.2404855311150746,0.9454493998778939,0.5560975609756098
2024-01-01T00:00:00.000000,2024-01-01T00:00:00.000000,volume_confirmation,correlation_filtered,None,alpha,100000000,176476742.5680399,76476742.5680399,0.7729543400022298,0.258405587505218,0.2811328447792232,-0.2850249712553371,0.9767925601696141,1.2327037238607792,0.9570793938475224,0.5528455284552846
2024-01-01T00:00:00.000000,2024-01-01T00:00:00.000000,volume_confirmation,correlation_filtered,None,alpha_volatility,100000000,181649074.03731894,81649074.03731894,0.8234254479865752,0.2726634371919763,0.26943803297055136,-0.2661388705605142,1.049821992746493,1.3183772070788782,0.9503945069191715,0.5577235772357724
2024-01-01T00:00:00.000000,2024-01-01T00:00:00.000000,volume_confirmation,correlation_filtered,None,inverse_volatility,100000000,182395012.26375192,82395012.26375192,0.8308289655498897,0.2747349400146406,0.2693960561042882,-0.2646626357552925,1.056104942249434,1.3273189306604076,0.9451629322394219,0.5593495934959349
2024-01-01T00:00:00.000000,2024-01-01T00:00:00.000000,volume_confirmation,correlation_filtered,0.7,equal,100000000,177169418.3117158,77169418.31171581,0.7798115039488513,0.26035684435156226,0.2811577151666819,-0.2836271134151911,0.982355141555832,1.2404855311150746,0.9454493998778939,0.5560975609756098
2024-01-01T00:00:00.000000,2024-01-01T00:00:00.000000,volume_confirmation,correlation_filtered,0.7,alpha,100000000,176476742.5680399,76476742.5680399,0.7729543400022298,0.258405587505218,0.2811328447792232,-0.2850249712553371,0.9767925601696141,1.2327037238607792,0.9570793938475224,0.5528455284552846
2024-01-01T00:00:00.000000,2024-01-01T00:00:00.000000,volume_confirmation,correlation_filtered,0.7,alpha_volatility,100000000,181649074.03731894,81649074.03731894,0.8234254479865752,0.2726634371919763,0.26943803297055136,-0.2661388705605142,1.049821992746493,1.3183772070788782,0.9503945069191715,0.5577235772357724
2024-01-01T00:00:00.000000,2024-01-01T00:00:00.000000,volume_confirmation,correlation_filtered,0.7,inverse_volatility,100000000,182395012.26375192,82395012.26375192,0.8308289655498897,0.2747349400146406,0.2693960561042882,-0.2646626357552925,1.056104942249434,1.3273189306604076,0.9451629322394219,0.5593495934959349
2024-01-01T00:00:00.000000,2024-01-01T00:00:00.000000,volume_confirmation,correlation_filtered,0.75,equal,100000000,177169418.3117158,77169418.31171581,0.7798115039488513,0.26035684435156226,0.2811577151666819,-0.2836271134151911,0.982355141555832,1.2404855311150746,0.9454493998778939,0.5560975609756098
2024-01-01T00:00:00.000000,2024-01-01T00:00:00.000000,volume_confirmation,correlation_filtered,0.75,alpha,100000000,176476742.5680399,76476742.5680399,0.7729543400022298,0.258405587505218,0.2811328447792232,-0.2850249712553371,0.9767925601696141,1.2327037238607792,0.9570793938475224,0.5528455284552846
2024-01-01T00:00:00.000000,2024-01-01T00:00:00.000000,volume_confirmation,correlation_filtered,0.75,alpha_volatility,100000000,181649074.03731894,81649074.03731894,0.8234254479865752,0.2726634371919763,0.26943803297055136,-0.2661388705605142,1.049821992746493,1.3183772070788782,0.9503945069191715,0.5577235772357724
2024-01-01T00:00:00.000000,2024-01-01T00:00:00.000000,volume_confirmation,correlation_filtered,0.75,inverse_volatility,100000000,182395012.26375192,82395012.26375192,0.8308289655498897,0.2747349400146406,0.2693960561042882,-0.2646626357552925,1.056104942249434,1.3273189306604076,0.9451629322394219,0.5593495934959349
2024-01-01T00:00:00.000000,2024-01-01T00:00:00.000000,volume_confirmation,correlation_filtered,0.8,equal,100000000,177169418.3117158,77169418.31171581,0.7798115039488513,0.26035684435156226,0.2811577151666819,-0.2836271134151911,0.982355141555832,1.2404855311150746,0.9454493998778939,0.5560975609756098
2024-01-01T00:00:00.000000,2024-01-01T00:00:00.000000,volume_confirmation,correlation_filtered,0.8,alpha,100000000,176476742.5680399,76476742.5680399,0.7729543400022298,0.258405587505218,0.2811328447792232,-0.2850249712553371,0.9767925601696141,1.2327037238607792,0.9570793938475224,0.5528455284552846
2024-01-01T00:00:00.000000,2024-01-01T00:00:00.000000,volume_confirmation,correlation_filtered,0.8,alpha_volatility,100000000,181649074.03731894,81649074.03731894,0.8234254479865752,0.2726634371919763,0.26943803297055136,-0.2661388705605142,1.049821992746493,1.3183772070788782,0.9503945069191715,0.5577235772357724
2024-01-01T00:00:00.000000,2024-01-01T00:00:00.000000,volume_confirmation,correlation_filtered,0.8,inverse_volatility,100000000,182395012.26375192,82395012.26375192,0.8308289655498897,0.2747349400146406,0.2693960561042882,-0.2646626357552925,1.056104942249434,1.3273189306604076,0.9451629322394219,0.5593495934959349
2024-01-01T00:00:00.000000,2024-01-01T00:00:00.000000,volume_confirmation,correlation_filtered,0.85,equal,100000000,177169418.3117158,77169418.31171581,0.7798115039488513,0.26035684435156226,0.2811577151666819,-0.2836271134151911,0.982355141555832,1.2404855311150746,0.9454493998778939,0.5560975609756098
2024-01-01T00:00:00.000000,2024-01-01T00:00:00.000000,volume_confirmation,correlation_filtered,0.85,alpha,100000000,176476742.5680399,76476742.5680399,0.7729543400022298,0.258405587505218,0.2811328447792232,-0.2850249712553371,0.9767925601696141,1.2327037238607792,0.9570793938475224,0.5528455284552846
2024-01-01T00:00:00.000000,2024-01-01T00:00:00.000000,volume_confirmation,correlation_filtered,0.85,alpha_volatility,100000000,181649074.03731894,81649074.03731894,0.8234254479865752,0.2726634371919763,0.26943803297055136,-0.2661388705605142,1.049821992746493,1.3183772070788782,0.9503945069191715,0.5577235772357724
2024-01-01T00:00:00.000000,2024-01-01T00:00:00.000000,volume_confirmation,correlation_filtered,0.85,inverse_volatility,100000000,182395012.26375192,82395012.26375192,0.8308289655498897,0.2747349400146406,0.2693960561042882,-0.2646626357552925,1.056104942249434,1.3273189306604076,0.9451629322394219,0.5593495934959349
2024-01-01T00:00:00.000000,2024-01-01T00:00:00.000000,technical_composite,top_n,None,equal,100000000,242100934.24822915,142100934.24822915,1.4243792904628783,0.4268178165223875,0.30835929590538613,-0.2913275245658332,1.334877165839215,1.7297773370997747,0.965023269026269,0.5651465798045603
2024-01-01T00:00:00.000000,2024-01-01T00:00:00.000000,technical_composite,top_n,None,alpha,100000000,238810315.66737497,138810315.66737497,1.3916990528173607,0.4190667161190229,0.3083813884835772,-0.2915241855812072,1.316727578769887,1.7043327456827737,0.949387186834977,0.5684039087947883
2024-01-01T00:00:00.000000,2024-01-01T00:00:00.000000,technical_composite,top_n,None,alpha_volatility,100000000,245856875.9598832,145856875.9598832,1.459700729339695,0.4351253443470158,0.30541518060363937,-0.29047672429074534,1.3642186926033637,1.7693901523105824,0.9374507248635702,0.5732899022801303
2024-01-01T00:00:00.000000,2024-01-01T00:00:00.000000,technical_composite,top_n,None,inverse_volatility,100000000,248860658.91387412,148860658.91387412,1.48935814446369,0.44204571814441485,0.305387512696156,-0.2902006954456926,1.380432054796801,1.7932731100729882,0.9399380771803525,0.5732899022801303
2024-01-01T00:00:00.000000,2024-01-01T00:00:00.000000,technical_composite,correlation_filtered,None,equal,100000000,242100934.24822915,142100934.24822915,1.4243792904628783,0.4268178165223875,0.30835929590538613,-0.2913275245658332,1.334877165839215,1.7297773370997747,0.965023269026269,0.5651465798045603
2024-01-01T00:00:00.000000,2024-01-01T00:00:00.000000,technical_composite,correlation_filtered,None,alpha,100000000,238810315.66737497,138810315.66737497,1.3916990528173607,0.4190667161190229,0.3083813884835772,-0.2915241855812072,1.316727578769887,1.7043327456827737,0.949387186834977,0.5684039087947883
2024-01-01T00:00:00.000000,2024-01-01T00:00:00.000000,technical_composite,correlation_filtered,None,alpha_volatility,100000000,245856875.9598832,145856875.9598832,1.459700729339695,0.4351253443470158,0.30541518060363937,-0.29047672429074534,1.3642186926033637,1.7693901523105824,0.9374507248635702,0.5732899022801303
2024-01-01T00:00:00.000000,2024-01-01T00:00:00.000000,technical_composite,correlation_filtered,None,inverse_volatility,100000000,248860658.91387412,148860658.91387412,1.48935814446369,0.44204571814441485,0.305387512696156,-0.2902006954456926,1.380432054796801,1.7932731100729882,0.9399380771803525,0.5732899022801303
2024-01-01T00:00:00.000000,2024-01-01T00:00:00.000000,technical_composite,correlation_filtered,0.7,equal,100000000,242100934.24822915,142100934.24822915,1.4243792904628783,0.4268178165223875,0.30835929590538613,-0.2913275245658332,1.334877165839215,1.7297773370997747,0.965023269026269,0.5651465798045603
2024-01-01T00:00:00.000000,2024-01-01T00:00:00.000000,technical_composite,correlation_filtered,0.7,alpha,100000000,238810315.66737497,138810315.66737497,1.3916990528173607,0.4190667161190229,0.3083813884835772,-0.2915241855812072,1.316727578769887,1.7043327456827737,0.949387186834977,0.5684039087947883
2024-01-01T00:00:00.000000,2024-01-01T00:00:00.000000,technical_composite,correlation_filtered,0.7,alpha_volatility,100000000,245856875.9598832,145856875.9598832,1.459700729339695,0.4351253443470158,0.30541518060363937,-0.29047672429074534,1.3642186926033637,1.7693901523105824,0.9374507248635702,0.5732899022801303
2024-01-01T00:00:00.000000,2024-01-01T00:00:00.000000,technical_composite,correlation_filtered,0.7,inverse_volatility,100000000,248860658.91387412,148860658.91387412,1.48935814446369,0.44204571814441485,0.305387512696156,-0.2902006954456926,1.380432054796801,1.7932731100729882,0.9399380771803525,0.5732899022801303
2024-01-01T00:00:00.000000,2024-01-01T00:00:00.000000,technical_composite,correlation_filtered,0.75,equal,100000000,242100934.24822915,142100934.24822915,1.4243792904628783,0.4268178165223875,0.30835929590538613,-0.2913275245658332,1.334877165839215,1.7297773370997747,0.965023269026269,0.5651465798045603
2024-01-01T00:00:00.000000,2024-01-01T00:00:00.000000,technical_composite,correlation_filtered,0.75,alpha,100000000,238810315.66737497,138810315.66737497,1.3916990528173607,0.4190667161190229,0.3083813884835772,-0.2915241855812072,1.316727578769887,1.7043327456827737,0.949387186834977,0.5684039087947883
2024-01-01T00:00:00.000000,2024-01-01T00:00:00.000000,technical_composite,correlation_filtered,0.75,alpha_volatility,100000000,245856875.9598832,145856875.9598832,1.459700729339695,0.4351253443470158,0.30541518060363937,-0.29047672429074534,1.3642186926033637,1.7693901523105824,0.9374507248635702,0.5732899022801303
2024-01-01T00:00:00.000000,2024-01-01T00:00:00.000000,technical_composite,correlation_filtered,0.75,inverse_volatility,100000000,248860658.91387412,148860658.91387412,1.48935814446369,0.44204571814441485,0.305387512696156,-0.2902006954456926,1.380432054796801,1.7932731100729882,0.9399380771803525,0.5732899022801303
2024-01-01T00:00:00.000000,2024-01-01T00:00:00.000000,technical_composite,correlation_filtered,0.8,equal,100000000,242100934.24822915,142100934.24822915,1.4243792904628783,0.4268178165223875,0.30835929590538613,-0.2913275245658332,1.334877165839215,1.7297773370997747,0.965023269026269,0.5651465798045603
2024-01-01T00:00:00.000000,2024-01-01T00:00:00.000000,technical_composite,correlation_filtered,0.8,alpha,100000000,238810315.66737497,138810315.66737497,1.3916990528173607,0.4190667161190229,0.3083813884835772,-0.2915241855812072,1.316727578769887,1.7043327456827737,0.949387186834977,0.5684039087947883
2024-01-01T00:00:00.000000,2024-01-01T00:00:00.000000,technical_composite,correlation_filtered,0.8,alpha_volatility,100000000,245856875.9598832,145856875.9598832,1.459700729339695,0.4351253443470158,0.30541518060363937,-0.29047672429074534,1.3642186926033637,1.7693901523105824,0.9374507248635702,0.5732899022801303
2024-01-01T00:00:00.000000,2024-01-01T00:00:00.000000,technical_composite,correlation_filtered,0.8,inverse_volatility,100000000,248860658.91387412,148860658.91387412,1.48935814446369,0.44204571814441485,0.305387512696156,-0.2902006954456926,1.380432054796801,1.7932731100729882,0.9399380771803525,0.5732899022801303
2024-01-01T00:00:00.000000,2024-01-01T00:00:00.000000,technical_composite,correlation_filtered,0.85,equal,100000000,242100934.24822915,142100934.24822915,1.4243792904628783,0.4268178165223875,0.30835929590538613,-0.2913275245658332,1.334877165839215,1.7297773370997747,0.965023269026269,0.5651465798045603
2024-01-01T00:00:00.000000,2024-01-01T00:00:00.000000,technical_composite,correlation_filtered,0.85,alpha,100000000,238810315.66737497,138810315.66737497,1.3916990528173607,0.4190667161190229,0.3083813884835772,-0.2915241855812072,1.316727578769887,1.7043327456827737,0.949387186834977,0.5684039087947883
2024-01-01T00:00:00.000000,2024-01-01T00:00:00.000000,technical_composite,correlation_filtered,0.85,alpha_volatility,100000000,245856875.9598832,145856875.9598832,1.459700729339695,0.4351253443470158,0.30541518060363937,-0.29047672429074534,1.3642186926033637,1.7693901523105824,0.9374507248635702,0.5732899022801303
2024-01-01T00:00:00.000000,2024-01-01T00:00:00.000000,technical_composite,correlation_filtered,0.85,inverse_volatility,100000000,248860658.91387412,148860658.91387412,1.48935814446369,0.44204571814441485,0.305387512696156,-0.2902006954456926,1.380432054796801,1.7932731100729882,0.9399380771803525,0.5732899022801303
2024-07-01T00:00:00.000000,2024-07-01T00:00:00.000000,momentum_12_1,top_n,None,equal,100000000,161613659.44991577,61613659.44991577,0.6292722858143547,0.2774997834767732,0.28947027297058875,-0.2532734278855403,1.0102747591978958,1.56570459792714,0.9667887152171766,0.5498981670061099
2024-07-01T00:00:00.000000,2024-07-01T00:00:00.000000,momentum_12_1,top_n,None,alpha,100000000,161643630.59702653,61643630.59702653,0.6294033324463233,0.2775513351981316,0.2894025968999592,-0.2530462679080845,1.0105873222889925,1.5625658194486796,0.9828720608790463,0.5458248472505092
2024-07-01T00:00:00.000000,2024-07-01T00:00:00.000000,momentum_12_1,top_n,None,alpha_volatility,100000000,176673887.35263234,76673887.35263234,0.780383217746146,0.3356322159828229,0.27739514595423453,-0.25214576981270775,1.206253585025536,1.8592346324763938,1.0063479301809979,0.5478615071283096
2024-07-01T00:00:00.000000,2024-07-01T00:00:00.000000,momentum_12_1,top_n,None,inverse_volatility,100000000,176639962.3596281,76639962.35962811,0.7802071536002542,0.3355659464568608,0.27755795546576556,-0.25239145367783977,1.2055231585327102,1.859099532500871,1.0062308311310884,0.5478615071283096
2024-07-01T00:00:00.000000,2024-07-01T00:00:00.000000,momentum_12_1,correlation_filtered,None,equal,100000000,161613659.44991577,61613659.44991577,0.6292722858143547,0.2774997834767732,0.28947027297058875,-0.2532734278855403,1.0102747591978958,1.56570459792714,0.9667887152171766,0.5498981670061099
2024-07-01T00:00:00.000000,2024-07-01T00:00:00.000000,momentum_12_1,correlation_filtered,None,alpha,100000000,161643630.59702653,61643630.59702653,0.6294033324463233,0.2775513351981316,0.2894025968999592,-0.2530462679080845,1.0105873222889925,1.5625658194486796,0.9828720608790463,0.5458248472505092
2024-07-01T00:00:00.000000,2024-07-01T00:00:00.000000,momentum_12_1,correlation_filtered,None,alpha_volatility,100000000,176673887.35263234,76673887.35263234,0.780383217746146,0.3356322159828229,0.27739514595423453,-0.25214576981270775,1.206253585025536,1.8592346324763938,1.0063479301809979,0.5478615071283096
2024-07-01T00:00:00.000000,2024-07-01T00:00:00.000000,momentum_12_1,correlation_filtered,None,inverse_volatility,100000000,176639962.3596281,76639962.35962811,0.7802071536002542,0.3355659464568608,0.27755795546576556,-0.25239145367783977,1.2055231585327102,1.859099532500871,1.0062308311310884,0.5478615071283096
2024-07-01T00:00:00.000000,2024-07-01T00:00:00.000000,momentum_12_1,correlation_filtered,0.7,equal,100000000,164356719.9987107,64356719.99871069,0.6492851816231644,0.28534875867419074,0.2899848475053138,-0.25052960161332016,1.0306354797002197,1.600466353281464,1.0265907094975946,0.5356415478615071
2024-07-01T00:00:00.000000,2024-07-01T00:00:00.000000,momentum_12_1,correlation_filtered,0.7,alpha,100000000,164469637.23177838,64469637.23177838,0.6503757356452267,0.28577510225347114,0.28990767305983595,-0.25026650521771254,1.0320052583126063,1.6018531469328268,1.0268339284962464,0.5356415478615071
2024-07-01T00:00:00.000000,2024-07-01T00:00:00.000000,momentum_12_1,correlation_filtered,0.7,alpha_volatility,100000000,178093223.11200923,78093223.11200923,0.7878736105862383,0.33844853813141884,0.27772436622966823,-0.25074299875731254,1.2129307173395596,1.8735736066048068,1.0237518398062775,0.5437881873727087
2024-07-01T00:00:00.000000,2024-07-01T00:00:00.000000,momentum_12_1,correlation_filtered,0.7,inverse_volatility,100000000,177964305.44254047,77964305.44254047,0.7866277562449593,0.3379805159929963,0.2778903097607809,-0.2509754849286774,1.211080966694868,1.871942623189717,1.0234364392763828,0.5437881873727087
2024-07-01T00:00:00.000000,2024-07-01T00:00:00.000000,momentum_12_1,correlation_filtered,0.75,equal,100000000,161613659.44991577,61613659.44991577,0.6292722858143547,0.2774997834767732,0.28947027297058875,-0.2532734278855403,1.0102747591978958,1.56570459792714,0.9667887152171766,0.5498981670061099
2024-07-01T00:00:00.000000,2024-07-01T00:00:00.000000,momentum_12_1,correlation_filtered,0.75,alpha,100000000,161643630.59702653,61643630.59702653,0.6294033324463233,0.2775513351981316,0.2894025968999592,-0.2530462679080845,1.0105873222889925,1.5625658194486796,0.9828720608790463,0.5458248472505092
2024-07-01T00:00:00.000000,2024-07-01T00:00:00.000000,momentum_12_1,correlation_filtered,0.75,alpha_volatility,100000000,176673887.35263234,76673887.35263234,0.780383217746146,0.3356322159828229,0.27739514595423453,-0.25214576981270775,1.206253585025536,1.8592346324763938,1.0063479301809979,0.5478615071283096
2024-07-01T00:00:00.000000,2024-07-01T00:00:00.000000,momentum_12_1,correlation_filtered,0.75,inverse_volatility,100000000,176639962.3596281,76639962.35962811,0.7802071536002542,0.3355659464568608,0.27755795546576556,-0.25239145367783977,1.2055231585327102,1.859099532500871,1.0062308311310884,0.5478615071283096
2024-07-01T00:00:00.000000,2024-07-01T00:00:00.000000,momentum_12_1,correlation_filtered,0.8,equal,100000000,161613659.44991577,61613659.44991577,0.6292722858143547,0.2774997834767732,0.28947027297058875,-0.2532734278855403,1.0102747591978958,1.56570459792714,0.9667887152171766,0.5498981670061099
2024-07-01T00:00:00.000000,2024-07-01T00:00:00.000000,momentum_12_1,correlation_filtered,0.8,alpha,100000000,161643630.59702653,61643630.59702653,0.6294033324463233,0.2775513351981316,0.2894025968999592,-0.2530462679080845,1.0105873222889925,1.5625658194486796,0.9828720608790463,0.5458248472505092
2024-07-01T00:00:00.000000,2024-07-01T00:00:00.000000,momentum_12_1,correlation_filtered,0.8,alpha_volatility,100000000,176673887.35263234,76673887.35263234,0.780383217746146,0.3356322159828229,0.27739514595423453,-0.25214576981270775,1.206253585025536,1.8592346324763938,1.0063479301809979,0.5478615071283096
2024-07-01T00:00:00.000000,2024-07-01T00:00:00.000000,momentum_12_1,correlation_filtered,0.8,inverse_volatility,100000000,176639962.3596281,76639962.35962811,0.7802071536002542,0.3355659464568608,0.27755795546576556,-0.25239145367783977,1.2055231585327102,1.859099532500871,1.0062308311310884,0.5478615071283096
2024-07-01T00:00:00.000000,2024-07-01T00:00:00.000000,momentum_12_1,correlation_filtered,0.85,equal,100000000,161613659.44991577,61613659.44991577,0.6292722858143547,0.2774997834767732,0.28947027297058875,-0.2532734278855403,1.0102747591978958,1.56570459792714,0.9667887152171766,0.5498981670061099
2024-07-01T00:00:00.000000,2024-07-01T00:00:00.000000,momentum_12_1,correlation_filtered,0.85,alpha,100000000,161643630.59702653,61643630.59702653,0.6294033324463233,0.2775513351981316,0.2894025968999592,-0.2530462679080845,1.0105873222889925,1.5625658194486796,0.9828720608790463,0.5458248472505092
2024-07-01T00:00:00.000000,2024-07-01T00:00:00.000000,momentum_12_1,correlation_filtered,0.85,alpha_volatility,100000000,176673887.35263234,76673887.35263234,0.780383217746146,0.3356322159828229,0.27739514595423453,-0.25214576981270775,1.206253585025536,1.8592346324763938,1.0063479301809979,0.5478615071283096
2024-07-01T00:00:00.000000,2024-07-01T00:00:00.000000,momentum_12_1,correlation_filtered,0.85,inverse_volatility,100000000,176639962.3596281,76639962.35962811,0.7802071536002542,0.3355659464568608,0.27755795546576556,-0.25239145367783977,1.2055231585327102,1.859099532500871,1.0062308311310884,0.5478615071283096
2024-07-01T00:00:00.000000,2024-07-01T00:00:00.000000,momentum_6m,top_n,None,equal,100000000,148014858.0872233,48014858.08722329,0.48999643314686137,0.22149017791535774,0.29543098370218973,-0.32977073047874983,0.8405168659728119,1.2780369178930193,0.8950226304070784,0.5621181262729125
2024-07-01T00:00:00.000000,2024-07-01T00:00:00.000000,momentum_6m,top_n,None,alpha,100000000,147991568.8736029,47991568.8736029,0.48967694270559536,0.2213587629976328,0.2955254684718093,-0.3307592455184416,0.8399720830384393,1.277466339100846,0.8949198950222819,0.5621181262729125
2024-07-01T00:00:00.000000,2024-07-01T00:00:00.000000,momentum_6m,top_n,None,alpha_volatility,100000000,155806584.07162067,55806584.07162067,0.5686424501808598,0.25342312484036467,0.29282943973143105,-0.312510068359249,0.9356637787971097,1.4123536479221324,0.9013849113724555,0.5641547861507128
2024-07-01T00:00:00.000000,2024-07-01T00:00:00.000000,momentum_6m,top_n,None,inverse_volatility,100000000,155761334.35570762,55761334.355707616,0.5682711265594371,0.25327425361018086,0.2927559452097969,-0.3115243494405123,0.935406968195016,1.411806375271795,0.9013741787037903,0.5641547861507128
2024-07-01T00:00:00.000000,2024-07-01T00:00:00.000000,momentum_6m,correlation_filtered,None,equal,100000000,148014858.0872233,48014858.08722329,0.48999643314686137,0.22149017791535774,0.29543098370218973,-0.32977073047874983,0.8405168659728119,1.2780369178930193,0.8950226304070784,0.5621181262729125
2024-07-01T00:00:00.000000,2024-07-01T00:00:00.000000,momentum_6m,correlation_filtered,None,alpha,100000000,147991568.8736029,47991568.8736029,0.48967694270559536,0.2213587629976328,0.2955254684718093,-0.3307592455184416,0.8399720830384393,1.277466339100846,0.8949198950222819,0.5621181262729125
2024-07-01T00:00:00.000000,2024-07-01T00:00:00.000000,momentum_6m,correlation_filtered,None,alpha_volatility,100000000,155806584.07162067,55806584.07162067,0.5686424501808598,0.25342312484036467,0.29282943973143105,-0.312510068359249,0.9356637787971097,1.4123536479221324,0.9013849113724555,0.5641547861507128
2024-07-01T00:00:00.000000,2024-07-01T00:00:00.000000,momentum_6m,correlation_filtered,None,inverse_volatility,100000000,155761334.35570762,55761334.355707616,0.5682711265594371,0.25327425361018086,0.2927559452097969,-0.3115243494405123,0.935406968195016,1.411806375271795,0.9013741787037903,0.5641547861507128
2024-07-01T00:00:00.000000,2024-07-01T00:00:00.000000,momentum_6m,correlation_filtered,0.7,equal,100000000,148014858.0872233,48014858.08722329,0.48999643314686137,0.22149017791535774,0.29543098370218973,-0.32977073047874983,0.8405168659728119,1.2780369178930193,0.8950226304070784,0.5621181262729125
2024-07-01T00:00:00.000000,2024-07-01T00:00:00.000000,momentum_6m,correlation_filtered,0.7,alpha,100000000,147991568.8736029,47991568.8736029,0.48967694270559536,0.2213587629976328,0.2955254684718093,-0.3307592455184416,0.8399720830384393,1.277466339100846,0.8949198950222819,0.5621181262729125
2024-07-01T00:00:00.000000,2024-07-01T00:00:00.000000,momentum_6m,correlation_filtered,0.7,alpha_volatility,100000000,155806584.07162067,55806584.07162067,0.5686424501808598,0.25342312484036467,0.29282943973143105,-0.312510068359249,0.9356637787971097,1.4123536479221324,0.9013849113724555,0.5641547861507128
2024-07-01T00:00:00.000000,2024-07-01T00:00:00.000000,momentum_6m,correlation_filtered,0.7,inverse_volatility,100000000,155761334.35570762,55761334.355707616,0.5682711265594371,0.25327425361018086,0.2927559452097969,-0.3115243494405123,0.935406968195016,1.411806375271795,0.9013741787037903,0.5641547861507128
2024-07-01T00:00:00.000000,2024-07-01T00:00:00.000000,momentum_6m,correlation_filtered,0.75,equal,100000000,148014858.0872233,48014858.08722329,0.48999643314686137,0.22149017791535774,0.29543098370218973,-0.32977073047874983,0.8405168659728119,1.2780369178930193,0.8950226304070784,0.5621181262729125
2024-07-01T00:00:00.000000,2024-07-01T00:00:00.000000,momentum_6m,correlation_filtered,0.75,alpha,100000000,147991568.8736029,47991568.8736029,0.48967694270559536,0.2213587629976328,0.2955254684718093,-0.3307592455184416,0.8399720830384393,1.277466339100846,0.8949198950222819,0.5621181262729125
2024-07-01T00:00:00.000000,2024-07-01T00:00:00.000000,momentum_6m,correlation_filtered,0.75,alpha_volatility,100000000,155806584.07162067,55806584.07162067,0.5686424501808598,0.25342312484036467,0.29282943973143105,-0.312510068359249,0.9356637787971097,1.4123536479221324,0.9013849113724555,0.5641547861507128
2024-07-01T00:00:00.000000,2024-07-01T00:00:00.000000,momentum_6m,correlation_filtered,0.75,inverse_volatility,100000000,155761334.35570762,55761334.355707616,0.5682711265594371,0.25327425361018086,0.2927559452097969,-0.3115243494405123,0.935406968195016,1.411806375271795,0.9013741787037903,0.5641547861507128
2024-07-01T00:00:00.000000,2024-07-01T00:00:00.000000,momentum_6m,correlation_filtered,0.8,equal,100000000,148014858.0872233,48014858.08722329,0.48999643314686137,0.22149017791535774,0.29543098370218973,-0.32977073047874983,0.8405168659728119,1.2780369178930193,0.8950226304070784,0.5621181262729125
2024-07-01T00:00:00.000000,2024-07-01T00:00:00.000000,momentum_6m,correlation_filtered,0.8,alpha,100000000,147991568.8736029,47991568.8736029,0.48967694270559536,0.2213587629976328,0.2955254684718093,-0.3307592455184416,0.8399720830384393,1.277466339100846,0.8949198950222819,0.5621181262729125
2024-07-01T00:00:00.000000,2024-07-01T00:00:00.000000,momentum_6m,correlation_filtered,0.8,alpha_volatility,100000000,155806584.07162067,55806584.07162067,0.5686424501808598,0.25342312484036467,0.29282943973143105,-0.312510068359249,0.9356637787971097,1.4123536479221324,0.9013849113724555,0.5641547861507128
2024-07-01T00:00:00.000000,2024-07-01T00:00:00.000000,momentum_6m,correlation_filtered,0.8,inverse_volatility,100000000,155761334.35570762,55761334.355707616,0.5682711265594371,0.25327425361018086,0.2927559452097969,-0.3115243494405123,0.935406968195016,1.411806375271795,0.9013741787037903,0.5641547861507128
2024-07-01T00:00:00.000000,2024-07-01T00:00:00.000000,momentum_6m,correlation_filtered,0.85,equal,100000000,148014858.0872233,48014858.08722329,0.48999643314686137,0.22149017791535774,0.29543098370218973,-0.32977073047874983,0.8405168659728119,1.2780369178930193,0.8950226304070784,0.5621181262729125
2024-07-01T00:00:00.000000,2024-07-01T00:00:00.000000,momentum_6m,correlation_filtered,0.85,alpha,100000000,147991568.8736029,47991568.8736029,0.48967694270559536,0.2213587629976328,0.2955254684718093,-0.3307592455184416,0.8399720830384393,1.277466339100846,0.8949198950222819,0.5621181262729125
2024-07-01T00:00:00.000000,2024-07-01T00:00:00.000000,momentum_6m,correlation_filtered,0.85,alpha_volatility,100000000,155806584.07162067,55806584.07162067,0.5686424501808598,0.25342312484036467,0.29282943973143105,-0.312510068359249,0.9356637787971097,1.4123536479221324,0.9013849113724555,0.5641547861507128
2024-07-01T00:00:00.000000,2024-07-01T00:00:00.000000,momentum_6m,correlation_filtered,0.85,inverse_volatility,100000000,155761334.35570762,55761334.355707616,0.5682711265594371,0.25327425361018086,0.2927559452097969,-0.3115243494405123,0.935406968195016,1.411806375271795,0.9013741787037903,0.5641547861507128
2024-07-01T00:00:00.000000,2024-07-01T00:00:00.000000,momentum_3m,top_n,None,equal,100000000,126827007.05617145,26827007.056171447,0.28191209247492455,0.13269848157498298,0.28968994971783246,-0.24189838339654068,0.584773745164238,0.8782609025231843,1.0032094375256368,0.5234215885947047
2024-07-01T00:00:00.000000,2024-07-01T00:00:00.000000,momentum_3m,top_n,None,alpha,100000000,126355788.6905685,26355788.690568507,0.2770789345025526,0.13055384141706505,0.2896170466398297,-0.2444562788111998,0.5781442968586608,0.8699266584858383,0.9939614998775258,0.5254582484725051
2024-07-01T00:00:00.000000,2024-07-01T00:00:00.000000,momentum_3m,top_n,None,alpha_volatility,100000000,130853946.75941943,30853946.759419426,0.3243541025619694,0.15136108266495407,0.28274493093849906,-0.2306601534232312,0.6514128087366388,0.9600480510328876,0.9654161846395102,0.5356415478615071
2024-07-01T00:00:00.000000,2024-07-01T00:00:00.000000,momentum_3m,top_n,None,inverse_volatility,100000000,131342154.04096842,31342154.040968418,0.32936345454870075,0.1535440092485867,0.2829128339340585,-0.2309085974162549,0.6580511162113157,0.9690441707525085,0.9664714645529006,0.5356415478615071
2024-07-01T00:00:00.000000,2024-07-01T00:00:00.000000,momentum_3m,correlation_filtered,None,equal,100000000,126827007.05617145,26827007.056171447,0.28191209247492455,0.13269848157498298,0.28968994971783246,-0.24189838339654068,0.584773745164238,0.8782609025231843,1.0032094375256368,0.5234215885947047
2024-07-01T00:00:00.000000,2024-07-01T00:00:00.000000,momentum_3m,correlation_filtered,None,alpha,100000000,126355788.6905685,26355788.690568507,0.2770789345025526,0.13055384141706505,0.2896170466398297,-0.2444562788111998,0.5781442968586608,0.8699266584858383,0.9939614998775258,0.5254582484725051
2024-07-01T00:00:00.000000,2024-07-01T00:00:00.000000,momentum_3m,correlation_filtered,None,alpha_volatility,100000000,130853946.75941943,30853946.759419426,0.3243541025619694,0.15136108266495407,0.28274493093849906,-0.2306601534232312,0.6514128087366388,0.9600480510328876,0.9654161846395102,0.5356415478615071
2024-07-01T00:00:00.000000,2024-07-01T00:00:00.000000,momentum_3m,correlation_filtered,None,inverse_volatility,100000000,131342154.04096842,31342154.040968418,0.32936345454870075,0.1535440092485867,0.2829128339340585,-0.2309085974162549,0.6580511162113157,0.9690441707525085,0.9664714645529006,0.5356415478615071
2024-07-01T00:00:00.000000,2024-07-01T00:00:00.000000,momentum_3m,correlation_filtered,0.7,equal,100000000,120071996.80790281,20071996.807902813,0.21983445647676092,0.10483806811692897,0.27334691136743994,-0.22904016669099203,0.5098808187334039,0.74304388502326,0.9431976980450053,0.5356415478615071
2024-07-01T00:00:00.000000,2024-07-01T00:00:00.000000,momentum_3m,correlation_filtered,0.7,alpha,100000000,119747518.83874698,19747518.83874698,0.21648498698444518,0.10331496252299699,0.2732011883305054,-0.22895676613490934,0.504835436545847,0.7361622867709794,0.9424204078415808,0.5356415478615071
2024-07-01T00:00:00.000000,2024-07-01T00:00:00.000000,momentum_3m,correlation_filtered,0.7,alpha_volatility,100000000,124078678.91584171,24078678.915841714,0.26097793398153946,0.12337993228719824,0.2704617068701359,-0.22889710830146437,0.5754638439585842,0.8280137760570614,0.9378710337744688,0.539714867617108
2024-07-01T00:00:00.000000,2024-07-01T00:00:00.000000,momentum_3m,correlation_filtered,0.7,inverse_volatility,100000000,124411381.04807115,24411381.048071146,0.26440717374429035,0.12491166122556274,0.27067017034104207,-0.22923559834502216,0.5803835021794416,0.8347458492712143,0.9386335156149187,0.539714867617108
2024-07-01T00:00:00.000000,2024-07-01T00:00:00.000000,momentum_3m,correlation_filtered,0.75,equal,100000000,120071996.80790281,20071996.807902813,0.21983445647676092,0.10483806811692897,0.27334691136743994,-0.22904016669099203,0.5098808187334039,0.74304388502326,0.9431976980450053,0.5356415478615071
2024-07-01T00:00:00.000000,2024-07-01T00:00:00.000000,momentum_3m,correlation_filtered,0.75,alpha,100000000,119747518.83874698,19747518.83874698,0.21648498698444518,0.10331496252299699,0.2732011883305054,-0.22895676613490934,0.504835436545847,0.7361622867709794,0.9424204078415808,0.5356415478615071
2024-07-01T00:00:00.000000,2024-07-01T00:00:00.000000,momentum_3m,correlation_filtered,0.75,alpha_volatility,100000000,124078678.91584171,24078678.915841714,0.26097793398153946,0.12337993228719824,0.2704617068701359,-0.22889710830146437,0.5754638439585842,0.8280137760570614,0.9378710337744688,0.539714867617108
2024-07-01T00:00:00.000000,2024-07-01T00:00:00.000000,momentum_3m,correlation_filtered,0.75,inverse_volatility,100000000,124411381.04807115,24411381.048071146,0.26440717374429035,0.12491166122556274,0.27067017034104207,-0.22923559834502216,0.5803835021794416,0.8347458492712143,0.9386335156149187,0.539714867617108
2024-07-01T00:00:00.000000,2024-07-01T00:00:00.000000,momentum_3m,correlation_filtered,0.8,equal,100000000,126827007.05617145,26827007.056171447,0.28191209247492455,0.13269848157498298,0.28968994971783246,-0.24189838339654068,0.584773745164238,0.8782609025231843,1.0032094375256368,0.5234215885947047
2024-07-01T00:00:00.000000,2024-07-01T00:00:00.000000,momentum_3m,correlation_filtered,0.8,alpha,100000000,126355788.6905685,26355788.690568507,0.2770789345025526,0.13055384141706505,0.2896170466398297,-0.2444562788111998,0.5781442968586608,0.8699266584858383,0.9939614998775258,0.5254582484725051
2024-07-01T00:00:00.000000,2024-07-01T00:00:00.000000,momentum_3m,correlation_filtered,0.8,alpha_volatility,100000000,130853946.75941943,30853946.759419426,0.3243541025619694,0.15136108266495407,0.28274493093849906,-0.2306601534232312,0.6514128087366388,0.9600480510328876,0.9654161846395102,0.5356415478615071
2024-07-01T00:00:00.000000,2024-07-01T00:00:00.000000,momentum_3m,correlation_filtered,0.8,inverse_volatility,100000000,131342154.04096842,31342154.040968418,0.32936345454870075,0.1535440092485867,0.2829128339340585,-0.2309085974162549,0.6580511162113157,0.9690441707525085,0.9664714645529006,0.5356415478615071
2024-07-01T00:00:00.000000,2024-07-01T00:00:00.000000,momentum_3m,correlation_filtered,0.85,equal,100000000,126827007.05617145,26827007.056171447,0.28191209247492455,0.13269848157498298,0.28968994971783246,-0.24189838339654068,0.584773745164238,0.8782609025231843,1.0032094375256368,0.5234215885947047
2024-07-01T00:00:00.000000,2024-07-01T00:00:00.000000,momentum_3m,correlation_filtered,0.85,alpha,100000000,126355788.6905685,26355788.690568507,0.2770789345025526,0.13055384141706505,0.2896170466398297,-0.2444562788111998,0.5781442968586608,0.8699266584858383,0.9939614998775258,0.5254582484725051
2024-07-01T00:00:00.000000,2024-07-01T00:00:00.000000,momentum_3m,correlation_filtered,0.85,alpha_volatility,100000000,130853946.75941943,30853946.759419426,0.3243541025619694,0.15136108266495407,0.28274493093849906,-0.2306601534232312,0.6514128087366388,0.9600480510328876,0.9654161846395102,0.5356415478615071
2024-07-01T00:00:00.000000,2024-07-01T00:00:00.000000,momentum_3m,correlation_filtered,0.85,inverse_volatility,100000000,131342154.04096842,31342154.040968418,0.32936345454870075,0.1535440092485867,0.2829128339340585,-0.2309085974162549,0.6580511162113157,0.9690441707525085,0.9664714645529006,0.5356415478615071
2024-07-01T00:00:00.000000,2024-07-01T00:00:00.000000,multi_horizon_momentum,top_n,None,equal,100000000,135670766.59680623,35670766.59680623,0.3722408550474483,0.17206350954575034,0.2962640460318042,-0.33397074023612205,0.696233962653986,1.0614498782048427,1.0052316128345435,0.5274949083503055
2024-07-01T00:00:00.000000,2024-07-01T00:00:00.000000,multi_horizon_momentum,top_n,None,alpha,100000000,135694925.36023107,35694925.36023107,0.3725015079009737,0.1721752014198108,0.29674922713462065,-0.3362776852577396,0.69590740301824,1.061095159098959,1.005220535318995,0.5274949083503055
2024-07-01T00:00:00.000000,2024-07-01T00:00:00.000000,multi_horizon_momentum,top_n,None,alpha_volatility,100000000,142059124.0003137,42059124.0003137,0.4365089442715251,0.19929016120409537,0.29412885767851427,-0.3242530077565674,0.7791289395086523,1.1843396113962716,0.9859642235360313,0.5356415478615071
2024-07-01T00:00:00.000000,2024-07-01T00:00:00.000000,multi_horizon_momentum,top_n,None,inverse_volatility,100000000,141810804.85636964,41810804.856369644,0.4339830496365775,0.198231686720179,0.2936389511844441,-0.3226920329103703,0.7768608335922121,1.1811302755920812,0.9855343953641953,0.5356415478615071
2024-07-01T00:00:00.000000,2024-07-01T00:00:00.000000,multi_horizon_momentum,correlation_filtered,None,equal,100000000,135670766.59680623,35670766.59680623,0.3722408550474483,0.17206350954575034,0.2962640460318042,-0.33397074023612205,0.696233962653986,1.0614498782048427,1.0052316128345435,0.5274949083503055
2024-07-01T00:00:00.000000,2024-07-01T00:00:00.000000,multi_horizon_momentum,correlation_filtered,None,alpha,100000000,135694925.36023107,35694925.36023107,0.3725015079009737,0.1721752014198108,0.29674922713462065,-0.3362776852577396,0.69590740301824,1.061095159098959,1.005220535318995,0.5274949083503055
2024-07-01T00:00:00.000000,2024-07-01T00:00:00.000000,multi_horizon_momentum,correlation_filtered,None,alpha_volatility,100000000,142059124.0003137,42059124.0003137,0.4365089442715251,0.19929016120409537,0.29412885767851427,-0.3242530077565674,0.7791289395086523,1.1843396113962716,0.9859642235360313,0.5356415478615071
2024-07-01T00:00:00.000000,2024-07-01T00:00:00.000000,multi_horizon_momentum,correlation_filtered,None,inverse_volatility,100000000,141810804.85636964,41810804.856369644,0.4339830496365775,0.198231686720179,0.2936389511844441,-0.3226920329103703,0.7768608335922121,1.1811302755920812,0.9855343953641953,0.5356415478615071
2024-07-01T00:00:00.000000,2024-07-01T00:00:00.000000,multi_horizon_momentum,correlation_filtered,0.7,equal,100000000,135670766.59680623,35670766.59680623,0.3722408550474483,0.17206350954575034,0.2962640460318042,-0.33397074023612205,0.696233962653986,1.0614498782048427,1.0052316128345435,0.5274949083503055
2024-07-01T00:00:00.000000,2024-07-01T00:00:00.000000,multi_horizon_momentum,correlation_filtered,0.7,alpha,100000000,135694925.36023107,35694925.36023107,0.3725015079009737,0.1721752014198108,0.29674922713462065,-0.3362776852577396,0.69590740301824,1.061095159098959,1.005220535318995,0.5274949083503055
2024-07-01T00:00:00.000000,2024-07-01T00:00:00.000000,multi_horizon_momentum,correlation_filtered,0.7,alpha_volatility,100000000,142059124.0003137,42059124.0003137,0.4365089442715251,0.19929016120409537,0.29412885767851427,-0.3242530077565674,0.7791289395086523,1.1843396113962716,0.9859642235360313,0.5356415478615071
2024-07-01T00:00:00.000000,2024-07-01T00:00:00.000000,multi_horizon_momentum,correlation_filtered,0.7,inverse_volatility,100000000,141810804.85636964,41810804.856369644,0.4339830496365775,0.198231686720179,0.2936389511844441,-0.3226920329103703,0.7768608335922121,1.1811302755920812,0.9855343953641953,0.5356415478615071
2024-07-01T00:00:00.000000,2024-07-01T00:00:00.000000,multi_horizon_momentum,correlation_filtered,0.75,equal,100000000,135670766.59680623,35670766.59680623,0.3722408550474483,0.17206350954575034,0.2962640460318042,-0.33397074023612205,0.696233962653986,1.0614498782048427,1.0052316128345435,0.5274949083503055
2024-07-01T00:00:00.000000,2024-07-01T00:00:00.000000,multi_horizon_momentum,correlation_filtered,0.75,alpha,100000000,135694925.36023107,35694925.36023107,0.3725015079009737,0.1721752014198108,0.29674922713462065,-0.3362776852577396,0.69590740301824,1.061095159098959,1.005220535318995,0.5274949083503055
2024-07-01T00:00:00.000000,2024-07-01T00:00:00.000000,multi_horizon_momentum,correlation_filtered,0.75,alpha_volatility,100000000,142059124.0003137,42059124.0003137,0.4365089442715251,0.19929016120409537,0.29412885767851427,-0.3242530077565674,0.7791289395086523,1.1843396113962716,0.9859642235360313,0.5356415478615071
2024-07-01T00:00:00.000000,2024-07-01T00:00:00.000000,multi_horizon_momentum,correlation_filtered,0.75,inverse_volatility,100000000,141810804.85636964,41810804.856369644,0.4339830496365775,0.198231686720179,0.2936389511844441,-0.3226920329103703,0.7768608335922121,1.1811302755920812,0.9855343953641953,0.5356415478615071
2024-07-01T00:00:00.000000,2024-07-01T00:00:00.000000,multi_horizon_momentum,correlation_filtered,0.8,equal,100000000,135670766.59680623,35670766.59680623,0.3722408550474483,0.17206350954575034,0.2962640460318042,-0.33397074023612205,0.696233962653986,1.0614498782048427,1.0052316128345435,0.5274949083503055
2024-07-01T00:00:00.000000,2024-07-01T00:00:00.000000,multi_horizon_momentum,correlation_filtered,0.8,alpha,100000000,135694925.36023107,35694925.36023107,0.3725015079009737,0.1721752014198108,0.29674922713462065,-0.3362776852577396,0.69590740301824,1.061095159098959,1.005220535318995,0.5274949083503055
2024-07-01T00:00:00.000000,2024-07-01T00:00:00.000000,multi_horizon_momentum,correlation_filtered,0.8,alpha_volatility,100000000,142059124.0003137,42059124.0003137,0.4365089442715251,0.19929016120409537,0.29412885767851427,-0.3242530077565674,0.7791289395086523,1.1843396113962716,0.9859642235360313,0.5356415478615071
2024-07-01T00:00:00.000000,2024-07-01T00:00:00.000000,multi_horizon_momentum,correlation_filtered,0.8,inverse_volatility,100000000,141810804.85636964,41810804.856369644,0.4339830496365775,0.198231686720179,0.2936389511844441,-0.3226920329103703,0.7768608335922121,1.1811302755920812,0.9855343953641953,0.5356415478615071
2024-07-01T00:00:00.000000,2024-07-01T00:00:00.000000,multi_horizon_momentum,correlation_filtered,0.85,equal,100000000,135670766.59680623,35670766.59680623,0.3722408550474483,0.17206350954575034,0.2962640460318042,-0.33397074023612205,0.696233962653986,1.0614498782048427,1.0052316128345435,0.5274949083503055
2024-07-01T00:00:00.000000,2024-07-01T00:00:00.000000,multi_horizon_momentum,correlation_filtered,0.85,alpha,100000000,135694925.36023107,35694925.36023107,0.3725015079009737,0.1721752014198108,0.29674922713462065,-0.3362776852577396,0.69590740301824,1.061095159098959,1.005220535318995,0.5274949083503055
2024-07-01T00:00:00.000000,2024-07-01T00:00:00.000000,multi_horizon_momentum,correlation_filtered,0.85,alpha_volatility,100000000,142059124.0003137,42059124.0003137,0.4365089442715251,0.19929016120409537,0.29412885767851427,-0.3242530077565674,0.7791289395086523,1.1843396113962716,0.9859642235360313,0.5356415478615071
2024-07-01T00:00:00.000000,2024-07-01T00:00:00.000000,multi_horizon_momentum,correlation_filtered,0.85,inverse_volatility,100000000,141810804.85636964,41810804.856369644,0.4339830496365775,0.198231686720179,0.2936389511844441,-0.3226920329103703,0.7768608335922121,1.1811302755920812,0.9855343953641953,0.5356415478615071
2024-07-01T00:00:00.000000,2024-07-01T00:00:00.000000,relative_strength,top_n,None,equal,100000000,150488559.02440292,50488559.02440292,0.5021040999073534,0.22646007602288876,0.2950010282277027,-0.3607137002939501,0.8554120477940883,1.343842247843253,1.0282635504114275,0.5274949083503055
2024-07-01T00:00:00.000000,2024-07-01T00:00:00.000000,relative_strength,top_n,None,alpha,100000000,150570972.20642957,50570972.20642957,0.5029180559195847,0.22679346753980822,0.2950158779836644,-0.3608942107900327,0.8563262270569756,1.3446059045876941,1.0368426188313153,0.5254582484725051
2024-07-01T00:00:00.000000,2024-07-01T00:00:00.000000,relative_strength,top_n,None,alpha_volatility,100000000,158770354.42822763,58770354.42822763,0.5856522411062286,0.2602239719385573,0.29328961925399755,-0.3500534630291876,0.953556158219641,1.4871145267521064,1.0194160508700119,0.5336048879837068
2024-07-01T00:00:00.000000,2024-07-01T00:00:00.000000,relative_strength,top_n,None,inverse_volatility,100000000,158598175.93424326,58598175.93424326,0.5839505157676266,0.2595452306483397,0.29326352759849106,-0.35006783737709635,0.9517344389719472,1.4838172699801278,1.0191217300708324,0.5336048879837068
2024-07-01T00:00:00.000000,2024-07-01T00:00:00.000000,relative_strength,correlation_filtered,None,equal,100000000,150488559.02440292,50488559.02440292,0.5021040999073534,0.22646007602288876,0.2950010282277027,-0.3607137002939501,0.8554120477940883,1.343842247843253,1.0282635504114275,0.5274949083503055
2024-07-01T00:00:00.000000,2024-07-01T00:00:00.000000,relative_strength,correlation_filtered,None,alpha,100000000,150570972.20642957,50570972.20642957,0.5029180559195847,0.22679346753980822,0.2950158779836644,-0.3608942107900327,0.8563262270569756,1.3446059045876941,1.0368426188313153,0.5254582484725051
2024-07-01T00:00:00.000000,2024-07-01T00:00:00.000000,relative_strength,correlation_filtered,None,alpha_volatility,100000000,158770354.42822763,58770354.42822763,0.5856522411062286,0.2602239719385573,0.29328961925399755,-0.3500534630291876,0.953556158219641,1.4871145267521064,1.0194160508700119,0.5336048879837068
2024-07-01T00:00:00.000000,2024-07-01T00:00:00.000000,relative_strength,correlation_filtered,None,inverse_volatility,100000000,158598175.93424326,58598175.93424326,0.5839505157676266,0.2595452306483397,0.29326352759849106,-0.35006783737709635,0.9517344389719472,1.4838172699801278,1.0191217300708324,0.5336048879837068
2024-07-01T00:00:00.000000,2024-07-01T00:00:00.000000,relative_strength,correlation_filtered,0.7,equal,100000000,151061896.0307576,51061896.030757606,0.5152967352300362,0.23185265603829475,0.2944949649126605,-0.34915157081945425,0.8716106912171752,1.3465180624154516,0.9439843025154483,0.5498981670061099
2024-07-01T00:00:00.000000,2024-07-01T00:00:00.000000,relative_strength,correlation_filtered,0.7,alpha,100000000,151236294.0389638,51236294.038963795,0.5170256094874526,0.23255760866185704,0.2942061772897654,-0.3486595208996337,0.8741739816514585,1.3503378470542984,0.9443211721428081,0.5498981670061099
2024-07-01T00:00:00.000000,2024-07-01T00:00:00.000000,relative_strength,correlation_filtered,0.7,alpha_volatility,100000000,159561610.89042133,59561610.89042133,0.6003247123167572,0.26606116618987086,0.29258130772172514,-0.33374940397905695,0.9713168990300692,1.4811758155733685,0.9994210717759009,0.539714867617108
2024-07-01T00:00:00.000000,2024-07-01T00:00:00.000000,relative_strength,correlation_filtered,0.7,inverse_volatility,100000000,159289251.3808274,59289251.3808274,0.5976182634633902,0.264986463466093,0.29277359036727457,-0.334394352215611,0.9678969463729395,1.4760863351405993,0.9989128684799468,0.539714867617108
2024-07-01T00:00:00.000000,2024-07-01T00:00:00.000000,relative_strength,correlation_filtered,0.75,equal,100000000,151061896.0307576,51061896.030757606,0.5152967352300362,0.23185265603829475,0.2944949649126605,-0.34915157081945425,0.8716106912171752,1.3465180624154516,0.9439843025154483,0.5498981670061099
2024-07-01T00:00:00.000000,2024-07-01T00:00:00.000000,relative_strength,correlation_filtered,0.75,alpha,100000000,151236294.0389638,51236294.038963795,0.5170256094874526,0.23255760866185704,0.2942061772897654,-0.3486595208996337,0.8741739816514585,1.3503378470542984,0.9443211721428081,0.5498981670061099
2024-07-01T00:00:00.000000,2024-07-01T00:00:00.000000,relative_strength,correlation_filtered,0.75,alpha_volatility,100000000,159561610.89042133,59561610.89042133,0.6003247123167572,0.26606116618987086,0.29258130772172514,-0.33374940397905695,0.9713168990300692,1.4811758155733685,0.9994210717759009,0.539714867617108
2024-07-01T00:00:00.000000,2024-07-01T00:00:00.000000,relative_strength,correlation_filtered,0.75,inverse_volatility,100000000,159289251.3808274,59289251.3808274,0.5976182634633902,0.264986463466093,0.29277359036727457,-0.334394352215611,0.9678969463729395,1.4760863351405993,0.9989128684799468,0.539714867617108
2024-07-01T00:00:00.000000,2024-07-01T00:00:00.000000,relative_strength,correlation_filtered,0.8,equal,100000000,151061896.0307576,51061896.030757606,0.5152967352300362,0.23185265603829475,0.2944949649126605,-0.34915157081945425,0.8716106912171752,1.3465180624154516,0.9439843025154483,0.5498981670061099
2024-07-01T00:00:00.000000,2024-07-01T00:00:00.000000,relative_strength,correlation_filtered,0.8,alpha,100000000,151236294.0389638,51236294.038963795,0.5170256094874526,0.23255760866185704,0.2942061772897654,-0.3486595208996337,0.8741739816514585,1.3503378470542984,0.9443211721428081,0.5498981670061099
2024-07-01T00:00:00.000000,2024-07-01T00:00:00.000000,relative_strength,correlation_filtered,0.8,alpha_volatility,100000000,159561610.89042133,59561610.89042133,0.6003247123167572,0.26606116618987086,0.29258130772172514,-0.33374940397905695,0.9713168990300692,1.4811758155733685,0.9994210717759009,0.539714867617108
2024-07-01T00:00:00.000000,2024-07-01T00:00:00.000000,relative_strength,correlation_filtered,0.8,inverse_volatility,100000000,159289251.3808274,59289251.3808274,0.5976182634633902,0.264986463466093,0.29277359036727457,-0.334394352215611,0.9678969463729395,1.4760863351405993,0.9989128684799468,0.539714867617108
2024-07-01T00:00:00.000000,2024-07-01T00:00:00.000000,relative_strength,correlation_filtered,0.85,equal,100000000,150488559.02440292,50488559.02440292,0.5021040999073534,0.22646007602288876,0.2950010282277027,-0.3607137002939501,0.8554120477940883,1.343842247843253,1.0282635504114275,0.5274949083503055
2024-07-01T00:00:00.000000,2024-07-01T00:00:00.000000,relative_strength,correlation_filtered,0.85,alpha,100000000,150570972.20642957,50570972.20642957,0.5029180559195847,0.22679346753980822,0.2950158779836644,-0.3608942107900327,0.8563262270569756,1.3446059045876941,1.0368426188313153,0.5254582484725051
2024-07-01T00:00:00.000000,2024-07-01T00:00:00.000000,relative_strength,correlation_filtered,0.85,alpha_volatility,100000000,158770354.42822763,58770354.42822763,0.5856522411062286,0.2602239719385573,0.29328961925399755,-0.3500534630291876,0.953556158219641,1.4871145267521064,1.0194160508700119,0.5336048879837068
2024-07-01T00:00:00.000000,2024-07-01T00:00:00.000000,relative_strength,correlation_filtered,0.85,inverse_volatility,100000000,158598175.93424326,58598175.93424326,0.5839505157676266,0.2595452306483397,0.29326352759849106,-0.35006783737709635,0.9517344389719472,1.4838172699801278,1.0191217300708324,0.5336048879837068
2024-07-01T00:00:00.000000,2024-07-01T00:00:00.000000,trend_strength,top_n,None,equal,100000000,153404660.45140642,53404660.45140642,0.5394372147257904,0.24166001906176038,0.2598994705244541,-0.2830427516182258,0.9821728763124531,1.5228494858819477,0.9816796934083201,0.5437881873727087
2024-07-01T00:00:00.000000,2024-07-01T00:00:00.000000,trend_strength,top_n,None,alpha,100000000,153655579.06768864,53655579.067688644,0.5418560365360605,0.24263845755080804,0.2599835769250648,-0.2838241575960394,0.9850426972533276,1.5272257159670515,0.9820878246252612,0.5437881873727087
2024-07-01T00:00:00.000000,2024-07-01T00:00:00.000000,trend_strength,top_n,None,alpha_volatility,100000000,150660754.31945866,50660754.31945866,0.5150093854091622,0.23173544962592296,0.2540867886040392,-0.290703266108546,0.9664180206719674,1.4982707576313494,0.948331463542388,0.5519348268839104
2024-07-01T00:00:00.000000,2024-07-01T00:00:00.000000,trend_strength,top_n,None,inverse_volatility,100000000,150344944.8036576,50344944.80365759,0.5119287970963262,0.2304782194185373,0.25400881862103114,-0.29019000676284934,0.962519148250867,1.4926489217423837,0.9477583608251721,0.5519348268839104
2024-07-01T00:00:00.000000,2024-07-01T00:00:00.000000,trend_strength,correlation_filtered,None,equal,100000000,153404660.45140642,53404660.45140642,0.5394372147257904,0.24166001906176038,0.2598994705244541,-0.2830427516182258,0.9821728763124531,1.5228494858819477,0.9816796934083201,0.5437881873727087
2024-07-01T00:00:00.000000,2024-07-01T00:00:00.000000,trend_strength,correlation_filtered,None,alpha,100000000,153655579.06768864,53655579.067688644,0.5418560365360605,0.24263845755080804,0.2599835769250648,-0.2838241575960394,0.9850426972533276,1.5272257159670515,0.9820878246252612,0.5437881873727087
2024-07-01T00:00:00.000000,2024-07-01T00:00:00.000000,trend_strength,correlation_filtered,None,alpha_volatility,100000000,150660754.31945866,50660754.31945866,0.5150093854091622,0.23173544962592296,0.2540867886040392,-0.290703266108546,0.9664180206719674,1.4982707576313494,0.948331463542388,0.5519348268839104
2024-07-01T00:00:00.000000,2024-07-01T00:00:00.000000,trend_strength,correlation_filtered,None,inverse_volatility,100000000,150344944.8036576,50344944.80365759,0.5119287970963262,0.2304782194185373,0.25400881862103114,-0.29019000676284934,0.962519148250867,1.4926489217423837,0.9477583608251721,0.5519348268839104
2024-07-01T00:00:00.000000,2024-07-01T00:00:00.000000,trend_strength,correlation_filtered,0.7,equal,100000000,162100277.3424274,62100277.3424274,0.6260652595658338,0.27623754427999936,0.2651946510240536,-0.29084644413573235,1.073878893347206,1.6726231049133218,0.9794430924814882,0.5478615071283096
2024-07-01T00:00:00.000000,2024-07-01T00:00:00.000000,trend_strength,correlation_filtered,0.7,alpha,100000000,162262680.17105842,62262680.17105842,0.6275903624581223,0.27683795728185245,0.26516464850523225,-0.29106401821218963,1.0757877692388267,1.6749279065098948,0.9797369692051525,0.5478615071283096
2024-07-01T00:00:00.000000,2024-07-01T00:00:00.000000,trend_strength,correlation_filtered,0.7,alpha_volatility,100000000,160839215.161258,60839215.16125801,0.6165896955996171,0.2725008345925417,0.2593878234109157,-0.28977400543724485,1.0804661888651543,1.6659775102174608,1.0141227015634628,0.539714867617108
2024-07-01T00:00:00.000000,2024-07-01T00:00:00.000000,trend_strength,correlation_filtered,0.7,inverse_volatility,100000000,160608113.18896806,60608113.18896806,0.6143656102672543,0.2716221813843247,0.25942622820897787,-0.289423581051944,1.0776171189396864,1.661300921839564,1.0137234018204941,0.539714867617108
2024-07-01T00:00:00.000000,2024-07-01T00:00:00.000000,trend_strength,correlation_filtered,0.75,equal,100000000,153404660.45140642,53404660.45140642,0.5394372147257904,0.24166001906176038,0.2598994705244541,-0.2830427516182258,0.9821728763124531,1.5228494858819477,0.9816796934083201,0.5437881873727087
2024-07-01T00:00:00.000000,2024-07-01T00:00:00.000000,trend_strength,correlation_filtered,0.75,alpha,100000000,153655579.06768864,53655579.067688644,0.5418560365360605,0.24263845755080804,0.2599835769250648,-0.2838241575960394,0.9850426972533276,1.5272257159670515,0.9820878246252612,0.5437881873727087
2024-07-01T00:00:00.000000,2024-07-01T00:00:00.000000,trend_strength,correlation_filtered,0.75,alpha_volatility,100000000,150660754.31945866,50660754.31945866,0.5150093854091622,0.23173544962592296,0.2540867886040392,-0.290703266108546,0.9664180206719674,1.4982707576313494,0.948331463542388,0.5519348268839104
2024-07-01T00:00:00.000000,2024-07-01T00:00:00.000000,trend_strength,correlation_filtered,0.75,inverse_volatility,100000000,150344944.8036576,50344944.80365759,0.5119287970963262,0.2304782194185373,0.25400881862103114,-0.29019000676284934,0.962519148250867,1.4926489217423837,0.9477583608251721,0.5519348268839104
2024-07-01T00:00:00.000000,2024-07-01T00:00:00.000000,trend_strength,correlation_filtered,0.8,equal,100000000,153404660.45140642,53404660.45140642,0.5394372147257904,0.24166001906176038,0.2598994705244541,-0.2830427516182258,0.9821728763124531,1.5228494858819477,0.9816796934083201,0.5437881873727087
2024-07-01T00:00:00.000000,2024-07-01T00:00:00.000000,trend_strength,correlation_filtered,0.8,alpha,100000000,153655579.06768864,53655579.067688644,0.5418560365360605,0.24263845755080804,0.2599835769250648,-0.2838241575960394,0.9850426972533276,1.5272257159670515,0.9820878246252612,0.5437881873727087
2024-07-01T00:00:00.000000,2024-07-01T00:00:00.000000,trend_strength,correlation_filtered,0.8,alpha_volatility,100000000,150660754.31945866,50660754.31945866,0.5150093854091622,0.23173544962592296,0.2540867886040392,-0.290703266108546,0.9664180206719674,1.4982707576313494,0.948331463542388,0.5519348268839104
2024-07-01T00:00:00.000000,2024-07-01T00:00:00.000000,trend_strength,correlation_filtered,0.8,inverse_volatility,100000000,150344944.8036576,50344944.80365759,0.5119287970963262,0.2304782194185373,0.25400881862103114,-0.29019000676284934,0.962519148250867,1.4926489217423837,0.9477583608251721,0.5519348268839104
2024-07-01T00:00:00.000000,2024-07-01T00:00:00.000000,trend_strength,correlation_filtered,0.85,equal,100000000,153404660.45140642,53404660.45140642,0.5394372147257904,0.24166001906176038,0.2598994705244541,-0.2830427516182258,0.9821728763124531,1.5228494858819477,0.9816796934083201,0.5437881873727087
2024-07-01T00:00:00.000000,2024-07-01T00:00:00.000000,trend_strength,correlation_filtered,0.85,alpha,100000000,153655579.06768864,53655579.067688644,0.5418560365360605,0.24263845755080804,0.2599835769250648,-0.2838241575960394,0.9850426972533276,1.5272257159670515,0.9820878246252612,0.5437881873727087
2024-07-01T00:00:00.000000,2024-07-01T00:00:00.000000,trend_strength,correlation_filtered,0.85,alpha_volatility,100000000,150660754.31945866,50660754.31945866,0.5150093854091622,0.23173544962592296,0.2540867886040392,-0.290703266108546,0.9664180206719674,1.4982707576313494,0.948331463542388,0.5519348268839104
2024-07-01T00:00:00.000000,2024-07-01T00:00:00.000000,trend_strength,correlation_filtered,0.85,inverse_volatility,100000000,150344944.8036576,50344944.80365759,0.5119287970963262,0.2304782194185373,0.25400881862103114,-0.29019000676284934,0.962519148250867,1.4926489217423837,0.9477583608251721,0.5519348268839104
2024-07-01T00:00:00.000000,2024-07-01T00:00:00.000000,high_52w,top_n,None,equal,100000000,114360436.78807408,14360436.788074076,0.15015428889379234,0.0727101053171697,0.2553452405890241,-0.33245962297209875,0.40808188804338297,0.5965727174693825,0.9723682736512024,0.524390243902439
2024-07-01T00:00:00.000000,2024-07-01T00:00:00.000000,high_52w,top_n,None,alpha,100000000,114683760.98113473,14683760.981134728,0.15335231312298436,0.0742055361221885,0.2561938533460915,-0.33214853710166437,0.4131263468150655,0.6042671916651104,0.9732064087141269,0.524390243902439
2024-07-01T00:00:00.000000,2024-07-01T00:00:00.000000,high_52w,top_n,None,alpha_volatility,100000000,108184367.88046771,8184367.880467713,0.08962456567139299,0.04400468741340635,0.23750287462083683,-0.3244603648608281,0.30365067177088817,0.43966565123314777,0.9632027709220269,0.5223577235772358
2024-07-01T00:00:00.000000,2024-07-01T00:00:00.000000,high_52w,top_n,None,inverse_volatility,100000000,107922880.51169938,7922880.5116993785,0.08702573450503137,0.04275465644657994,0.2368343308260877,-0.32456036057407567,0.2986755903055013,0.4322007935644494,0.9623960000353581,0.5223577235772358
2024-07-01T00:00:00.000000,2024-07-01T00:00:00.000000,high_52w,correlation_filtered,None,equal,100000000,114360436.78807408,14360436.788074076,0.15015428889379234,0.0727101053171697,0.2553452405890241,-0.33245962297209875,0.40808188804338297,0.5965727174693825,0.9723682736512024,0.524390243902439
2024-07-01T00:00:00.000000,2024-07-01T00:00:00.000000,high_52w,correlation_filtered,None,alpha,100000000,114683760.98113473,14683760.981134728,0.15335231312298436,0.0742055361221885,0.2561938533460915,-0.33214853710166437,0.4131263468150655,0.6042671916651104,0.9732064087141269,0.524390243902439
2024-07-01T00:00:00.000000,2024-07-01T00:00:00.000000,high_52w,correlation_filtered,None,alpha_volatility,100000000,108184367.88046771,8184367.880467713,0.08962456567139299,0.04400468741340635,0.23750287462083683,-0.3244603648608281,0.30365067177088817,0.43966565123314777,0.9632027709220269,0.5223577235772358
2024-07-01T00:00:00.000000,2024-07-01T00:00:00.000000,high_52w,correlation_filtered,None,inverse_volatility,100000000,107922880.51169938,7922880.5116993785,0.08702573450503137,0.04275465644657994,0.2368343308260877,-0.32456036057407567,0.2986755903055013,0.4322007935644494,0.9623960000353581,0.5223577235772358
2024-07-01T00:00:00.000000,2024-07-01T00:00:00.000000,high_52w,correlation_filtered,0.7,equal,100000000,114360436.78807408,14360436.788074076,0.15015428889379234,0.0727101053171697,0.2553452405890241,-0.33245962297209875,0.40808188804338297,0.5965727174693825,0.9723682736512024,0.524390243902439
2024-07-01T00:00:00.000000,2024-07-01T00:00:00.000000,high_52w,correlation_filtered,0.7,alpha,100000000,114683760.98113473,14683760.981134728,0.15335231312298436,0.0742055361221885,0.2561938533460915,-0.33214853710166437,0.4131263468150655,0.6042671916651104,0.9732064087141269,0.524390243902439
2024-07-01T00:00:00.000000,2024-07-01T00:00:00.000000,high_52w,correlation_filtered,0.7,alpha_volatility,100000000,108184367.88046771,8184367.880467713,0.08962456567139299,0.04400468741340635,0.23750287462083683,-0.3244603648608281,0.30365067177088817,0.43966565123314777,0.9632027709220269,0.5223577235772358
2024-07-01T00:00:00.000000,2024-07-01T00:00:00.000000,high_52w,correlation_filtered,0.7,inverse_volatility,100000000,107922880.51169938,7922880.5116993785,0.08702573450503137,0.04275465644657994,0.2368343308260877,-0.32456036057407567,0.2986755903055013,0.4322007935644494,0.9623960000353581,0.5223577235772358
2024-07-01T00:00:00.000000,2024-07-01T00:00:00.000000,high_52w,correlation_filtered,0.75,equal,100000000,114360436.78807408,14360436.788074076,0.15015428889379234,0.0727101053171697,0.2553452405890241,-0.33245962297209875,0.40808188804338297,0.5965727174693825,0.9723682736512024,0.524390243902439
2024-07-01T00:00:00.000000,2024-07-01T00:00:00.000000,high_52w,correlation_filtered,0.75,alpha,100000000,114683760.98113473,14683760.981134728,0.15335231312298436,0.0742055361221885,0.2561938533460915,-0.33214853710166437,0.4131263468150655,0.6042671916651104,0.9732064087141269,0.524390243902439
2024-07-01T00:00:00.000000,2024-07-01T00:00:00.000000,high_52w,correlation_filtered,0.75,alpha_volatility,100000000,108184367.88046771,8184367.880467713,0.08962456567139299,0.04400468741340635,0.23750287462083683,-0.3244603648608281,0.30365067177088817,0.43966565123314777,0.9632027709220269,0.5223577235772358
2024-07-01T00:00:00.000000,2024-07-01T00:00:00.000000,high_52w,correlation_filtered,0.75,inverse_volatility,100000000,107922880.51169938,7922880.5116993785,0.08702573450503137,0.04275465644657994,0.2368343308260877,-0.32456036057407567,0.2986755903055013,0.4322007935644494,0.9623960000353581,0.5223577235772358
2024-07-01T00:00:00.000000,2024-07-01T00:00:00.000000,high_52w,correlation_filtered,0.8,equal,100000000,114360436.78807408,14360436.788074076,0.15015428889379234,0.0727101053171697,0.2553452405890241,-0.33245962297209875,0.40808188804338297,0.5965727174693825,0.9723682736512024,0.524390243902439
2024-07-01T00:00:00.000000,2024-07-01T00:00:00.000000,high_52w,correlation_filtered,0.8,alpha,100000000,114683760.98113473,14683760.981134728,0.15335231312298436,0.0742055361221885,0.2561938533460915,-0.33214853710166437,0.4131263468150655,0.6042671916651104,0.9732064087141269,0.524390243902439
2024-07-01T00:00:00.000000,2024-07-01T00:00:00.000000,high_52w,correlation_filtered,0.8,alpha_volatility,100000000,108184367.88046771,8184367.880467713,0.08962456567139299,0.04400468741340635,0.23750287462083683,-0.3244603648608281,0.30365067177088817,0.43966565123314777,0.9632027709220269,0.5223577235772358
2024-07-01T00:00:00.000000,2024-07-01T00:00:00.000000,high_52w,correlation_filtered,0.8,inverse_volatility,100000000,107922880.51169938,7922880.5116993785,0.08702573450503137,0.04275465644657994,0.2368343308260877,-0.32456036057407567,0.2986755903055013,0.4322007935644494,0.9623960000353581,0.5223577235772358
2024-07-01T00:00:00.000000,2024-07-01T00:00:00.000000,high_52w,correlation_filtered,0.85,equal,100000000,114360436.78807408,14360436.788074076,0.15015428889379234,0.0727101053171697,0.2553452405890241,-0.33245962297209875,0.40808188804338297,0.5965727174693825,0.9723682736512024,0.524390243902439
2024-07-01T00:00:00.000000,2024-07-01T00:00:00.000000,high_52w,correlation_filtered,0.85,alpha,100000000,114683760.98113473,14683760.981134728,0.15335231312298436,0.0742055361221885,0.2561938533460915,-0.33214853710166437,0.4131263468150655,0.6042671916651104,0.9732064087141269,0.524390243902439
2024-07-01T00:00:00.000000,2024-07-01T00:00:00.000000,high_52w,correlation_filtered,0.85,alpha_volatility,100000000,108184367.88046771,8184367.880467713,0.08962456567139299,0.04400468741340635,0.23750287462083683,-0.3244603648608281,0.30365067177088817,0.43966565123314777,0.9632027709220269,0.5223577235772358
2024-07-01T00:00:00.000000,2024-07-01T00:00:00.000000,high_52w,correlation_filtered,0.85,inverse_volatility,100000000,107922880.51169938,7922880.5116993785,0.08702573450503137,0.04275465644657994,0.2368343308260877,-0.32456036057407567,0.2986755903055013,0.4322007935644494,0.9623960000353581,0.5223577235772358
2024-07-01T00:00:00.000000,2024-07-01T00:00:00.000000,breakout,top_n,None,equal,100000000,113351250.08356184,13351250.083561838,0.14031865288171796,0.06809782355682925,0.24664873916924956,-0.3073687906628564,0.3958210268890944,0.5839648183627888,0.9311603089047015,0.5345528455284553
2024-07-01T00:00:00.000000,2024-07-01T00:00:00.000000,breakout,top_n,None,alpha,100000000,113649835.39081055,13649835.39081055,0.1432971685481721,0.06949664148973911,0.2475585974764535,-0.3076826207264496,0.4006685399098163,0.591793417653149,0.9243499085384357,0.5365853658536586
2024-07-01T00:00:00.000000,2024-07-01T00:00:00.000000,breakout,top_n,None,alpha_volatility,100000000,106526191.21498966,6526191.214989662,0.07306780993634754,0.0360153052450809,0.22316989180538685,-0.2992509967652345,0.2732812325882378,0.39863441177818015,0.8827588582099,0.5426829268292683
2024-07-01T00:00:00.000000,2024-07-01T00:00:00.000000,breakout,top_n,None,inverse_volatility,100000000,106303094.1927158,6303094.192715794,0.07083419184717132,0.034932794623393715,0.22244829743312644,-0.2990018863660391,0.2686493543118435,0.39170183856780827,0.8820650781938011,0.5426829268292683
2024-07-01T00:00:00.000000,2024-07-01T00:00:00.000000,breakout,correlation_filtered,None,equal,100000000,113351250.08356184,13351250.083561838,0.14031865288171796,0.06809782355682925,0.24664873916924956,-0.3073687906628564,0.3958210268890944,0.5839648183627888,0.9311603089047015,0.5345528455284553
2024-07-01T00:00:00.000000,2024-07-01T00:00:00.000000,breakout,correlation_filtered,None,alpha,100000000,113649835.39081055,13649835.39081055,0.1432971685481721,0.06949664148973911,0.2475585974764535,-0.3076826207264496,0.4006685399098163,0.591793417653149,0.9243499085384357,0.5365853658536586
2024-07-01T00:00:00.000000,2024-07-01T00:00:00.000000,breakout,correlation_filtered,None,alpha_volatility,100000000,106526191.21498966,6526191.214989662,0.07306780993634754,0.0360153052450809,0.22316989180538685,-0.2992509967652345,0.2732812325882378,0.39863441177818015,0.8827588582099,0.5426829268292683
2024-07-01T00:00:00.000000,2024-07-01T00:00:00.000000,breakout,correlation_filtered,None,inverse_volatility,100000000,106303094.1927158,6303094.192715794,0.07083419184717132,0.034932794623393715,0.22244829743312644,-0.2990018863660391,0.2686493543118435,0.39170183856780827,0.8820650781938011,0.5426829268292683
2024-07-01T00:00:00.000000,2024-07-01T00:00:00.000000,breakout,correlation_filtered,0.7,equal,100000000,113351250.08356184,13351250.083561838,0.14031865288171796,0.06809782355682925,0.24664873916924956,-0.3073687906628564,0.3958210268890944,0.5839648183627888,0.9311603089047015,0.5345528455284553
2024-07-01T00:00:00.000000,2024-07-01T00:00:00.000000,breakout,correlation_filtered,0.7,alpha,100000000,113649835.39081055,13649835.39081055,0.1432971685481721,0.06949664148973911,0.2475585974764535,-0.3076826207264496,0.4006685399098163,0.591793417653149,0.9243499085384357,0.5365853658536586
2024-07-01T00:00:00.000000,2024-07-01T00:00:00.000000,breakout,correlation_filtered,0.7,alpha_volatility,100000000,106526191.21498966,6526191.214989662,0.07306780993634754,0.0360153052450809,0.22316989180538685,-0.2992509967652345,0.2732812325882378,0.39863441177818015,0.8827588582099,0.5426829268292683
2024-07-01T00:00:00.000000,2024-07-01T00:00:00.000000,breakout,correlation_filtered,0.7,inverse_volatility,100000000,106303094.1927158,6303094.192715794,0.07083419184717132,0.034932794623393715,0.22244829743312644,-0.2990018863660391,0.2686493543118435,0.39170183856780827,0.8820650781938011,0.5426829268292683
2024-07-01T00:00:00.000000,2024-07-01T00:00:00.000000,breakout,correlation_filtered,0.75,equal,100000000,113351250.08356184,13351250.083561838,0.14031865288171796,0.06809782355682925,0.24664873916924956,-0.3073687906628564,0.3958210268890944,0.5839648183627888,0.9311603089047015,0.5345528455284553
2024-07-01T00:00:00.000000,2024-07-01T00:00:00.000000,breakout,correlation_filtered,0.75,alpha,100000000,113649835.39081055,13649835.39081055,0.1432971685481721,0.06949664148973911,0.2475585974764535,-0.3076826207264496,0.4006685399098163,0.591793417653149,0.9243499085384357,0.5365853658536586
2024-07-01T00:00:00.000000,2024-07-01T00:00:00.000000,breakout,correlation_filtered,0.75,alpha_volatility,100000000,106526191.21498966,6526191.214989662,0.07306780993634754,0.0360153052450809,0.22316989180538685,-0.2992509967652345,0.2732812325882378,0.39863441177818015,0.8827588582099,0.5426829268292683
2024-07-01T00:00:00.000000,2024-07-01T00:00:00.000000,breakout,correlation_filtered,0.75,inverse_volatility,100000000,106303094.1927158,6303094.192715794,0.07083419184717132,0.034932794623393715,0.22244829743312644,-0.2990018863660391,0.2686493543118435,0.39170183856780827,0.8820650781938011,0.5426829268292683
2024-07-01T00:00:00.000000,2024-07-01T00:00:00.000000,breakout,correlation_filtered,0.8,equal,100000000,113351250.08356184,13351250.083561838,0.14031865288171796,0.06809782355682925,0.24664873916924956,-0.3073687906628564,0.3958210268890944,0.5839648183627888,0.9311603089047015,0.5345528455284553
2024-07-01T00:00:00.000000,2024-07-01T00:00:00.000000,breakout,correlation_filtered,0.8,alpha,100000000,113649835.39081055,13649835.39081055,0.1432971685481721,0.06949664148973911,0.2475585974764535,-0.3076826207264496,0.4006685399098163,0.591793417653149,0.9243499085384357,0.5365853658536586
2024-07-01T00:00:00.000000,2024-07-01T00:00:00.000000,breakout,correlation_filtered,0.8,alpha_volatility,100000000,106526191.21498966,6526191.214989662,0.07306780993634754,0.0360153052450809,0.22316989180538685,-0.2992509967652345,0.2732812325882378,0.39863441177818015,0.8827588582099,0.5426829268292683
2024-07-01T00:00:00.000000,2024-07-01T00:00:00.000000,breakout,correlation_filtered,0.8,inverse_volatility,100000000,106303094.1927158,6303094.192715794,0.07083419184717132,0.034932794623393715,0.22244829743312644,-0.2990018863660391,0.2686493543118435,0.39170183856780827,0.8820650781938011,0.5426829268292683
2024-07-01T00:00:00.000000,2024-07-01T00:00:00.000000,breakout,correlation_filtered,0.85,equal,100000000,113351250.08356184,13351250.083561838,0.14031865288171796,0.06809782355682925,0.24664873916924956,-0.3073687906628564,0.3958210268890944,0.5839648183627888,0.9311603089047015,0.5345528455284553
2024-07-01T00:00:00.000000,2024-07-01T00:00:00.000000,breakout,correlation_filtered,0.85,alpha,100000000,113649835.39081055,13649835.39081055,0.1432971685481721,0.06949664148973911,0.2475585974764535,-0.3076826207264496,0.4006685399098163,0.591793417653149,0.9243499085384357,0.5365853658536586
2024-07-01T00:00:00.000000,2024-07-01T00:00:00.000000,breakout,correlation_filtered,0.85,alpha_volatility,100000000,106526191.21498966,6526191.214989662,0.07306780993634754,0.0360153052450809,0.22316989180538685,-0.2992509967652345,0.2732812325882378,0.39863441177818015,0.8827588582099,0.5426829268292683
2024-07-01T00:00:00.000000,2024-07-01T00:00:00.000000,breakout,correlation_filtered,0.85,inverse_volatility,100000000,106303094.1927158,6303094.192715794,0.07083419184717132,0.034932794623393715,0.22244829743312644,-0.2990018863660391,0.2686493543118435,0.39170183856780827,0.8820650781938011,0.5426829268292683
2024-07-01T00:00:00.000000,2024-07-01T00:00:00.000000,volume_confirmation,top_n,None,equal,100000000,120290576.63079847,20290576.630798474,0.20695047050776716,0.09896785054573032,0.2815972584663774,-0.3088368059752732,0.4826396913318478,0.7558835889446893,1.0312136277920982,0.5121951219512195
2024-07-01T00:00:00.000000,2024-07-01T00:00:00.000000,volume_confirmation,top_n,None,alpha,100000000,120534129.64488778,20534129.644887775,0.2093357637915194,0.10005698749348091,0.2817736179371933,-0.30812384342544974,0.48609903395631543,0.7615628903641545,1.0402095949463646,0.5101626016260162
2024-07-01T00:00:00.000000,2024-07-01T00:00:00.000000,volume_confirmation,top_n,None,alpha_volatility,100000000,118114786.82709433,18114786.82709433,0.18400495273187545,0.0884355296156154,0.2744798687817964,-0.2970129729941591,0.4521517216866527,0.6950488017419525,1.0606902449181363,0.5040650406504065
2024-07-01T00:00:00.000000,2024-07-01T00:00:00.000000,volume_confirmation,top_n,None,inverse_volatility,100000000,117880939.78246373,17880939.78246373,0.1816842972323125,0.0873646739454852,0.27439232535836594,-0.2978498264574052,0.4485520810274103,0.689283649586654,1.042974584080593,0.508130081300813
2024-07-01T00:00:00.000000,2024-07-01T00:00:00.000000,volume_confirmation,correlation_filtered,None,equal,100000000,120290576.63079847,20290576.630798474,0.20695047050776716,0.09896785054573032,0.2815972584663774,-0.3088368059752732,0.4826396913318478,0.7558835889446893,1.0312136277920982,0.5121951219512195
2024-07-01T00:00:00.000000,2024-07-01T00:00:00.000000,volume_confirmation,correlation_filtered,None,alpha,100000000,120534129.64488778,20534129.644887775,0.2093357637915194,0.10005698749348091,0.2817736179371933,-0.30812384342544974,0.48609903395631543,0.7615628903641545,1.0402095949463646,0.5101626016260162
2024-07-01T00:00:00.000000,2024-07-01T00:00:00.000000,volume_confirmation,correlation_filtered,None,alpha_volatility,100000000,118114786.82709433,18114786.82709433,0.18400495273187545,0.0884355296156154,0.2744798687817964,-0.2970129729941591,0.4521517216866527,0.6950488017419525,1.0606902449181363,0.5040650406504065
2024-07-01T00:00:00.000000,2024-07-01T00:00:00.000000,volume_confirmation,correlation_filtered,None,inverse_volatility,100000000,117880939.78246373,17880939.78246373,0.1816842972323125,0.0873646739454852,0.27439232535836594,-0.2978498264574052,0.4485520810274103,0.689283649586654,1.042974584080593,0.508130081300813
2024-07-01T00:00:00.000000,2024-07-01T00:00:00.000000,volume_confirmation,correlation_filtered,0.7,equal,100000000,124324225.86877538,24324225.868775383,0.24960820352099788,0.11828654023930874,0.28010493245627366,-0.329880224123033,0.5473455379413018,0.8425576925247605,1.008844318492073,0.5203252032520326
2024-07-01T00:00:00.000000,2024-07-01T00:00:00.000000,volume_confirmation,correlation_filtered,0.7,alpha,100000000,124571976.01153639,24571976.01153639,0.2519908482102069,0.11935581963429898,0.2802592616962398,-0.32857159775371236,0.5506748857436908,0.8495119789668778,1.0011968244143328,0.5223577235772358
2024-07-01T00:00:00.000000,2024-07-01T00:00:00.000000,volume_confirmation,correlation_filtered,0.7,alpha_volatility,100000000,120357424.29478085,20357424.29478085,0.20886378628410163,0.09984156518785614,0.27425160854852826,-0.3214109233855096,0.4911917153745644,0.7495391535706364,0.9680734763592531,0.5284552845528455
2024-07-01T00:00:00.000000,2024-07-01T00:00:00.000000,volume_confirmation,correlation_filtered,0.7,inverse_volatility,100000000,120121371.27460545,20121371.274605453,0.20656403752017716,0.0987913023740945,0.2742107853745647,-0.32279939945067104,0.48767342474548797,0.7424051792363267,0.9754389489385522,0.5264227642276422
2024-07-01T00:00:00.000000,2024-07-01T00:00:00.000000,volume_confirmation,correlation_filtered,0.75,equal,100000000,124324225.86877538,24324225.868775383,0.24960820352099788,0.11828654023930874,0.28010493245627366,-0.329880224123033,0.5473455379413018,0.8425576925247605,1.008844318492073,0.5203252032520326
2024-07-01T00:00:00.000000,2024-07-01T00:00:00.000000,volume_confirmation,correlation_filtered,0.75,alpha,100000000,124571976.01153639,24571976.01153639,0.2519908482102069,0.11935581963429898,0.2802592616962398,-0.32857159775371236,0.5506748857436908,0.8495119789668778,1.0011968244143328,0.5223577235772358
2024-07-01T00:00:00.000000,2024-07-01T00:00:00.000000,volume_confirmation,correlation_filtered,0.75,alpha_volatility,100000000,120357424.29478085,20357424.29478085,0.20886378628410163,0.09984156518785614,0.27425160854852826,-0.3214109233855096,0.4911917153745644,0.7495391535706364,0.9680734763592531,0.5284552845528455
2024-07-01T00:00:00.000000,2024-07-01T00:00:00.000000,volume_confirmation,correlation_filtered,0.75,inverse_volatility,100000000,120121371.27460545,20121371.274605453,0.20656403752017716,0.0987913023740945,0.2742107853745647,-0.32279939945067104,0.48767342474548797,0.7424051792363267,0.9754389489385522,0.5264227642276422
2024-07-01T00:00:00.000000,2024-07-01T00:00:00.000000,volume_confirmation,correlation_filtered,0.8,equal,100000000,124324225.86877538,24324225.868775383,0.24960820352099788,0.11828654023930874,0.28010493245627366,-0.329880224123033,0.5473455379413018,0.8425576925247605,1.008844318492073,0.5203252032520326
2024-07-01T00:00:00.000000,2024-07-01T00:00:00.000000,volume_confirmation,correlation_filtered,0.8,alpha,100000000,124571976.01153639,24571976.01153639,0.2519908482102069,0.11935581963429898,0.2802592616962398,-0.32857159775371236,0.5506748857436908,0.8495119789668778,1.0011968244143328,0.5223577235772358
2024-07-01T00:00:00.000000,2024-07-01T00:00:00.000000,volume_confirmation,correlation_filtered,0.8,alpha_volatility,100000000,120357424.29478085,20357424.29478085,0.20886378628410163,0.09984156518785614,0.27425160854852826,-0.3214109233855096,0.4911917153745644,0.7495391535706364,0.9680734763592531,0.5284552845528455
2024-07-01T00:00:00.000000,2024-07-01T00:00:00.000000,volume_confirmation,correlation_filtered,0.8,inverse_volatility,100000000,120121371.27460545,20121371.274605453,0.20656403752017716,0.0987913023740945,0.2742107853745647,-0.32279939945067104,0.48767342474548797,0.7424051792363267,0.9754389489385522,0.5264227642276422
2024-07-01T00:00:00.000000,2024-07-01T00:00:00.000000,volume_confirmation,correlation_filtered,0.85,equal,100000000,120290576.63079847,20290576.630798474,0.20695047050776716,0.09896785054573032,0.2815972584663774,-0.3088368059752732,0.4826396913318478,0.7558835889446893,1.0312136277920982,0.5121951219512195
2024-07-01T00:00:00.000000,2024-07-01T00:00:00.000000,volume_confirmation,correlation_filtered,0.85,alpha,100000000,120534129.64488778,20534129.644887775,0.2093357637915194,0.10005698749348091,0.2817736179371933,-0.30812384342544974,0.48609903395631543,0.7615628903641545,1.0402095949463646,0.5101626016260162
2024-07-01T00:00:00.000000,2024-07-01T00:00:00.000000,volume_confirmation,correlation_filtered,0.85,alpha_volatility,100000000,118114786.82709433,18114786.82709433,0.18400495273187545,0.0884355296156154,0.2744798687817964,-0.2970129729941591,0.4521517216866527,0.6950488017419525,1.0606902449181363,0.5040650406504065
2024-07-01T00:00:00.000000,2024-07-01T00:00:00.000000,volume_confirmation,correlation_filtered,0.85,inverse_volatility,100000000,117880939.78246373,17880939.78246373,0.1816842972323125,0.0873646739454852,0.27439232535836594,-0.2978498264574052,0.4485520810274103,0.689283649586654,1.042974584080593,0.508130081300813
2024-07-01T00:00:00.000000,2024-07-01T00:00:00.000000,technical_composite,top_n,None,equal,100000000,125187936.6993424,25187936.6993424,0.2508964114150316,0.11886478609865603,0.2912979806549047,-0.3221950161701328,0.5398876413998854,0.8355983528249815,0.9710967048635414,0.5295315682281059
2024-07-01T00:00:00.000000,2024-07-01T00:00:00.000000,technical_composite,top_n,None,alpha,100000000,125673372.08472344,25673372.084723443,0.2554693717526759,0.12091508663479456,0.2918482715035937,-0.3218440943610451,0.5458295655497593,0.8481388952084802,0.9640560098023242,0.5315682281059063
2024-07-01T00:00:00.000000,2024-07-01T00:00:00.000000,technical_composite,top_n,None,alpha_volatility,100000000,125798654.34390844,25798654.343908444,0.25477833371048897,0.12060549660767084,0.2832143595779783,-0.2993712535621563,0.5529326349882445,0.8196214800264526,0.9656255094913869,0.5315682281059063
2024-07-01T00:00:00.000000,2024-07-01T00:00:00.000000,technical_composite,top_n,None,inverse_volatility,100000000,125304961.19276139,25304961.19276139,0.25003760367135497,0.1184793207345276,0.2827929130825469,-0.3004909500917159,0.5464710353041616,0.8085568050185843,0.9568081788991587,0.5336048879837068
2024-07-01T00:00:00.000000,2024-07-01T00:00:00.000000,technical_composite,correlation_filtered,None,equal,100000000,125187936.6993424,25187936.6993424,0.2508964114150316,0.11886478609865603,0.2912979806549047,-0.3221950161701328,0.5398876413998854,0.8355983528249815,0.9710967048635414,0.5295315682281059
2024-07-01T00:00:00.000000,2024-07-01T00:00:00.000000,technical_composite,correlation_filtered,None,alpha,100000000,125673372.08472344,25673372.084723443,0.2554693717526759,0.12091508663479456,0.2918482715035937,-0.3218440943610451,0.5458295655497593,0.8481388952084802,0.9640560098023242,0.5315682281059063
2024-07-01T00:00:00.000000,2024-07-01T00:00:00.000000,technical_composite,correlation_filtered,None,alpha_volatility,100000000,125798654.34390844,25798654.343908444,0.25477833371048897,0.12060549660767084,0.2832143595779783,-0.2993712535621563,0.5529326349882445,0.8196214800264526,0.9656255094913869,0.5315682281059063
2024-07-01T00:00:00.000000,2024-07-01T00:00:00.000000,technical_composite,correlation_filtered,None,inverse_volatility,100000000,125304961.19276139,25304961.19276139,0.25003760367135497,0.1184793207345276,0.2827929130825469,-0.3004909500917159,0.5464710353041616,0.8085568050185843,0.9568081788991587,0.5336048879837068
2024-07-01T00:00:00.000000,2024-07-01T00:00:00.000000,technical_composite,correlation_filtered,0.7,equal,100000000,132195413.48519486,32195413.485194862,0.32131555443086346,0.15003496867909605,0.27803476108216346,-0.2823900620628361,0.6532991762904609,0.9869222872334705,0.9816470544649525,0.5315682281059063
2024-07-01T00:00:00.000000,2024-07-01T00:00:00.000000,technical_composite,correlation_filtered,0.7,alpha,100000000,132810092.7227307,32810092.722730696,0.32709326042091513,0.152555234948061,0.278719517272449,-0.2817842619658847,0.6604137171884571,1.000574311800141,0.9746828720754173,0.5336048879837068
2024-07-01T00:00:00.000000,2024-07-01T00:00:00.000000,technical_composite,correlation_filtered,0.7,alpha_volatility,100000000,131058360.98042768,31058360.980427682,0.3076698303488956,0.14406074181522377,0.2733738789059439,-0.265265758422506,0.6404156756143095,0.940713154294366,0.9250566343944558,0.5458248472505092
2024-07-01T00:00:00.000000,2024-07-01T00:00:00.000000,technical_composite,correlation_filtered,0.7,inverse_volatility,100000000,130485036.67105627,30485036.67105627,0.3022056160424784,0.14165975163018607,0.2727918570601898,-0.2661635846282038,0.6333210774143689,0.9271687789136337,0.9393530142016926,0.5417515274949084
2024-07-01T00:00:00.000000,2024-07-01T00:00:00.000000,technical_composite,correlation_filtered,0.75,equal,100000000,132195413.48519486,32195413.485194862,0.32131555443086346,0.15003496867909605,0.27803476108216346,-0.2823900620628361,0.6532991762904609,0.9869222872334705,0.9816470544649525,0.5315682281059063
2024-07-01T00:00:00.000000,2024-07-01T00:00:00.000000,technical_composite,correlation_filtered,0.75,alpha,100000000,132810092.7227307,32810092.722730696,0.32709326042091513,0.152555234948061,0.278719517272449,-0.2817842619658847,0.6604137171884571,1.000574311800141,0.9746828720754173,0.5336048879837068
2024-07-01T00:00:00.000000,2024-07-01T00:00:00.000000,technical_composite,correlation_filtered,0.75,alpha_volatility,100000000,131058360.98042768,31058360.980427682,0.3076698303488956,0.14406074181522377,0.2733738789059439,-0.265265758422506,0.6404156756143095,0.940713154294366,0.9250566343944558,0.5458248472505092
2024-07-01T00:00:00.000000,2024-07-01T00:00:00.000000,technical_composite,correlation_filtered,0.75,inverse_volatility,100000000,130485036.67105627,30485036.67105627,0.3022056160424784,0.14165975163018607,0.2727918570601898,-0.2661635846282038,0.6333210774143689,0.9271687789136337,0.9393530142016926,0.5417515274949084
2024-07-01T00:00:00.000000,2024-07-01T00:00:00.000000,technical_composite,correlation_filtered,0.8,equal,100000000,125187936.6993424,25187936.6993424,0.2508964114150316,0.11886478609865603,0.2912979806549047,-0.3221950161701328,0.5398876413998854,0.8355983528249815,0.9710967048635414,0.5295315682281059
2024-07-01T00:00:00.000000,2024-07-01T00:00:00.000000,technical_composite,correlation_filtered,0.8,alpha,100000000,125673372.08472344,25673372.084723443,0.2554693717526759,0.12091508663479456,0.2918482715035937,-0.3218440943610451,0.5458295655497593,0.8481388952084802,0.9640560098023242,0.5315682281059063
2024-07-01T00:00:00.000000,2024-07-01T00:00:00.000000,technical_composite,correlation_filtered,0.8,alpha_volatility,100000000,125798654.34390844,25798654.343908444,0.25477833371048897,0.12060549660767084,0.2832143595779783,-0.2993712535621563,0.5529326349882445,0.8196214800264526,0.9656255094913869,0.5315682281059063
2024-07-01T00:00:00.000000,2024-07-01T00:00:00.000000,technical_composite,correlation_filtered,0.8,inverse_volatility,100000000,125304961.19276139,25304961.19276139,0.25003760367135497,0.1184793207345276,0.2827929130825469,-0.3004909500917159,0.5464710353041616,0.8085568050185843,0.9568081788991587,0.5336048879837068
2024-07-01T00:00:00.000000,2024-07-01T00:00:00.000000,technical_composite,correlation_filtered,0.85,equal,100000000,125187936.6993424,25187936.6993424,0.2508964114150316,0.11886478609865603,0.2912979806549047,-0.3221950161701328,0.5398876413998854,0.8355983528249815,0.9710967048635414,0.5295315682281059
2024-07-01T00:00:00.000000,2024-07-01T00:00:00.000000,technical_composite,correlation_filtered,0.85,alpha,100000000,125673372.08472344,25673372.084723443,0.2554693717526759,0.12091508663479456,0.2918482715035937,-0.3218440943610451,0.5458295655497593,0.8481388952084802,0.9640560098023242,0.5315682281059063
2024-07-01T00:00:00.000000,2024-07-01T00:00:00.000000,technical_composite,correlation_filtered,0.85,alpha_volatility,100000000,125798654.34390844,25798654.343908444,0.25477833371048897,0.12060549660767084,0.2832143595779783,-0.2993712535621563,0.5529326349882445,0.8196214800264526,0.9656255094913869,0.5315682281059063
2024-07-01T00:00:00.000000,2024-07-01T00:00:00.000000,technical_composite,correlation_filtered,0.85,inverse_volatility,100000000,125304961.19276139,25304961.19276139,0.25003760367135497,0.1184793207345276,0.2827929130825469,-0.3004909500917159,0.5464710353041616,0.8085568050185843,0.9568081788991587,0.5336048879837068
2025-01-01T00:00:00.000000,2025-01-01T00:00:00.000000,momentum_12_1,top_n,None,equal,100000000,106366201.48556238,6366201.485562384,0.060065854433467125,0.039941390491056605,0.2787483345914029,-0.2733167107547535,0.28280809462262113,0.42862111376070705,1.0656768309785105,0.49591280653950953
2025-01-01T00:00:00.000000,2025-01-01T00:00:00.000000,momentum_12_1,top_n,None,alpha,100000000,106770211.23313065,6770211.233130649,0.06421701521451917,0.04267387610315132,0.27896293911419734,-0.27191956028249487,0.2924248175907152,0.4427901883845567,1.0909153814542922,0.4904632152588556
2025-01-01T00:00:00.000000,2025-01-01T00:00:00.000000,momentum_12_1,top_n,None,alpha_volatility,100000000,106805755.61010444,6805755.610104442,0.06386974429179348,0.04244542075682656,0.2723597532259256,-0.27745038616237705,0.29207583636423756,0.43840201675008184,1.0217419891925554,0.5068119891008175
2025-01-01T00:00:00.000000,2025-01-01T00:00:00.000000,momentum_12_1,top_n,None,inverse_volatility,100000000,106366090.47698717,6366090.476987168,0.0593622779530798,0.039477915799615904,0.2720959774485188,-0.27736774967769706,0.2813804468706756,0.4221649577246932,1.0199332643080092,0.5068119891008175
2025-01-01T00:00:00.000000,2025-01-01T00:00:00.000000,momentum_12_1,correlation_filtered,None,equal,100000000,106366201.48556238,6366201.485562384,0.060065854433467125,0.039941390491056605,0.2787483345914029,-0.2733167107547535,0.28280809462262113,0.42862111376070705,1.0656768309785105,0.49591280653950953
2025-01-01T00:00:00.000000,2025-01-01T00:00:00.000000,momentum_12_1,correlation_filtered,None,alpha,100000000,106770211.23313065,6770211.233130649,0.06421701521451917,0.04267387610315132,0.27896293911419734,-0.27191956028249487,0.2924248175907152,0.4427901883845567,1.0909153814542922,0.4904632152588556
2025-01-01T00:00:00.000000,2025-01-01T00:00:00.000000,momentum_12_1,correlation_filtered,None,alpha_volatility,100000000,106805755.61010444,6805755.610104442,0.06386974429179348,0.04244542075682656,0.2723597532259256,-0.27745038616237705,0.29207583636423756,0.43840201675008184,1.0217419891925554,0.5068119891008175
2025-01-01T00:00:00.000000,2025-01-01T00:00:00.000000,momentum_12_1,correlation_filtered,None,inverse_volatility,100000000,106366090.47698717,6366090.476987168,0.0593622779530798,0.039477915799615904,0.2720959774485188,-0.27736774967769706,0.2813804468706756,0.4221649577246932,1.0199332643080092,0.5068119891008175
2025-01-01T00:00:00.000000,2025-01-01T00:00:00.000000,momentum_12_1,correlation_filtered,0.7,equal,100000000,106366201.48556238,6366201.485562384,0.060065854433467125,0.039941390491056605,0.2787483345914029,-0.2733167107547535,0.28280809462262113,0.42862111376070705,1.0656768309785105,0.49591280653950953
2025-01-01T00:00:00.000000,2025-01-01T00:00:00.000000,momentum_12_1,correlation_filtered,0.7,alpha,100000000,106770211.23313065,6770211.233130649,0.06421701521451917,0.04267387610315132,0.27896293911419734,-0.27191956028249487,0.2924248175907152,0.4427901883845567,1.0909153814542922,0.4904632152588556
2025-01-01T00:00:00.000000,2025-01-01T00:00:00.000000,momentum_12_1,correlation_filtered,0.7,alpha_volatility,100000000,106805755.61010444,6805755.610104442,0.06386974429179348,0.04244542075682656,0.2723597532259256,-0.27745038616237705,0.29207583636423756,0.43840201675008184,1.0217419891925554,0.5068119891008175
2025-01-01T00:00:00.000000,2025-01-01T00:00:00.000000,momentum_12_1,correlation_filtered,0.7,inverse_volatility,100000000,106366090.47698717,6366090.476987168,0.0593622779530798,0.039477915799615904,0.2720959774485188,-0.27736774967769706,0.2813804468706756,0.4221649577246932,1.0199332643080092,0.5068119891008175
2025-01-01T00:00:00.000000,2025-01-01T00:00:00.000000,momentum_12_1,correlation_filtered,0.75,equal,100000000,106366201.48556238,6366201.485562384,0.060065854433467125,0.039941390491056605,0.2787483345914029,-0.2733167107547535,0.28280809462262113,0.42862111376070705,1.0656768309785105,0.49591280653950953
2025-01-01T00:00:00.000000,2025-01-01T00:00:00.000000,momentum_12_1,correlation_filtered,0.75,alpha,100000000,106770211.23313065,6770211.233130649,0.06421701521451917,0.04267387610315132,0.27896293911419734,-0.27191956028249487,0.2924248175907152,0.4427901883845567,1.0909153814542922,0.4904632152588556
2025-01-01T00:00:00.000000,2025-01-01T00:00:00.000000,momentum_12_1,correlation_filtered,0.75,alpha_volatility,100000000,106805755.61010444,6805755.610104442,0.06386974429179348,0.04244542075682656,0.2723597532259256,-0.27745038616237705,0.29207583636423756,0.43840201675008184,1.0217419891925554,0.5068119891008175
2025-01-01T00:00:00.000000,2025-01-01T00:00:00.000000,momentum_12_1,correlation_filtered,0.75,inverse_volatility,100000000,106366090.47698717,6366090.476987168,0.0593622779530798,0.039477915799615904,0.2720959774485188,-0.27736774967769706,0.2813804468706756,0.4221649577246932,1.0199332643080092,0.5068119891008175
2025-01-01T00:00:00.000000,2025-01-01T00:00:00.000000,momentum_12_1,correlation_filtered,0.8,equal,100000000,106366201.48556238,6366201.485562384,0.060065854433467125,0.039941390491056605,0.2787483345914029,-0.2733167107547535,0.28280809462262113,0.42862111376070705,1.0656768309785105,0.49591280653950953
2025-01-01T00:00:00.000000,2025-01-01T00:00:00.000000,momentum_12_1,correlation_filtered,0.8,alpha,100000000,106770211.23313065,6770211.233130649,0.06421701521451917,0.04267387610315132,0.27896293911419734,-0.27191956028249487,0.2924248175907152,0.4427901883845567,1.0909153814542922,0.4904632152588556
2025-01-01T00:00:00.000000,2025-01-01T00:00:00.000000,momentum_12_1,correlation_filtered,0.8,alpha_volatility,100000000,106805755.61010444,6805755.610104442,0.06386974429179348,0.04244542075682656,0.2723597532259256,-0.27745038616237705,0.29207583636423756,0.43840201675008184,1.0217419891925554,0.5068119891008175
2025-01-01T00:00:00.000000,2025-01-01T00:00:00.000000,momentum_12_1,correlation_filtered,0.8,inverse_volatility,100000000,106366090.47698717,6366090.476987168,0.0593622779530798,0.039477915799615904,0.2720959774485188,-0.27736774967769706,0.2813804468706756,0.4221649577246932,1.0199332643080092,0.5068119891008175
2025-01-01T00:00:00.000000,2025-01-01T00:00:00.000000,momentum_12_1,correlation_filtered,0.85,equal,100000000,106366201.48556238,6366201.485562384,0.060065854433467125,0.039941390491056605,0.2787483345914029,-0.2733167107547535,0.28280809462262113,0.42862111376070705,1.0656768309785105,0.49591280653950953
2025-01-01T00:00:00.000000,2025-01-01T00:00:00.000000,momentum_12_1,correlation_filtered,0.85,alpha,100000000,106770211.23313065,6770211.233130649,0.06421701521451917,0.04267387610315132,0.27896293911419734,-0.27191956028249487,0.2924248175907152,0.4427901883845567,1.0909153814542922,0.4904632152588556
2025-01-01T00:00:00.000000,2025-01-01T00:00:00.000000,momentum_12_1,correlation_filtered,0.85,alpha_volatility,100000000,106805755.61010444,6805755.610104442,0.06386974429179348,0.04244542075682656,0.2723597532259256,-0.27745038616237705,0.29207583636423756,0.43840201675008184,1.0217419891925554,0.5068119891008175
2025-01-01T00:00:00.000000,2025-01-01T00:00:00.000000,momentum_12_1,correlation_filtered,0.85,inverse_volatility,100000000,106366090.47698717,6366090.476987168,0.0593622779530798,0.039477915799615904,0.2720959774485188,-0.27736774967769706,0.2813804468706756,0.4221649577246932,1.0199332643080092,0.5068119891008175
2025-01-01T00:00:00.000000,2025-01-01T00:00:00.000000,momentum_6m,top_n,None,equal,100000000,105105692.2634885,5105692.263488501,0.060422619710250425,0.04017636779222111,0.2800052682092579,-0.23800623133369536,0.28339743346702323,0.4386600744452188,1.0090135328054313,0.5095367847411444
2025-01-01T00:00:00.000000,2025-01-01T00:00:00.000000,momentum_6m,top_n,None,alpha,100000000,105240408.68221283,5240408.68221283,0.06177109136879899,0.04106428087777747,0.28015600997898005,-0.2377457915627773,0.2865086522631168,0.4433619818027987,1.00954611296226,0.5095367847411444
2025-01-01T00:00:00.000000,2025-01-01T00:00:00.000000,momentum_6m,top_n,None,alpha_volatility,100000000,104083320.89298555,4083320.8929855525,0.049733275362868756,0.03312469322953149,0.277270258633894,-0.240139377509755,0.2583539832689617,0.3971424298435865,1.0049720906218764,0.5095367847411444
2025-01-01T00:00:00.000000,2025-01-01T00:00:00.000000,momentum_6m,top_n,None,inverse_volatility,100000000,103935889.71978578,3935889.7197857797,0.04825422840590243,0.03214712371823225,0.27711591776527184,-0.2404453466137334,0.2548513328025895,0.3918698316695566,1.0043755021312026,0.5095367847411444
2025-01-01T00:00:00.000000,2025-01-01T00:00:00.000000,momentum_6m,correlation_filtered,None,equal,100000000,105105692.2634885,5105692.263488501,0.060422619710250425,0.04017636779222111,0.2800052682092579,-0.23800623133369536,0.28339743346702323,0.4386600744452188,1.0090135328054313,0.5095367847411444
2025-01-01T00:00:00.000000,2025-01-01T00:00:00.000000,momentum_6m,correlation_filtered,None,alpha,100000000,105240408.68221283,5240408.68221283,0.06177109136879899,0.04106428087777747,0.28015600997898005,-0.2377457915627773,0.2865086522631168,0.4433619818027987,1.00954611296226,0.5095367847411444
2025-01-01T00:00:00.000000,2025-01-01T00:00:00.000000,momentum_6m,correlation_filtered,None,alpha_volatility,100000000,104083320.89298555,4083320.8929855525,0.049733275362868756,0.03312469322953149,0.277270258633894,-0.240139377509755,0.2583539832689617,0.3971424298435865,1.0049720906218764,0.5095367847411444
2025-01-01T00:00:00.000000,2025-01-01T00:00:00.000000,momentum_6m,correlation_filtered,None,inverse_volatility,100000000,103935889.71978578,3935889.7197857797,0.04825422840590243,0.03214712371823225,0.27711591776527184,-0.2404453466137334,0.2548513328025895,0.3918698316695566,1.0043755021312026,0.5095367847411444
2025-01-01T00:00:00.000000,2025-01-01T00:00:00.000000,momentum_6m,correlation_filtered,0.7,equal,100000000,105105692.2634885,5105692.263488501,0.060422619710250425,0.04017636779222111,0.2800052682092579,-0.23800623133369536,0.28339743346702323,0.4386600744452188,1.0090135328054313,0.5095367847411444
2025-01-01T00:00:00.000000,2025-01-01T00:00:00.000000,momentum_6m,correlation_filtered,0.7,alpha,100000000,105240408.68221283,5240408.68221283,0.06177109136879899,0.04106428087777747,0.28015600997898005,-0.2377457915627773,0.2865086522631168,0.4433619818027987,1.00954611296226,0.5095367847411444
2025-01-01T00:00:00.000000,2025-01-01T00:00:00.000000,momentum_6m,correlation_filtered,0.7,alpha_volatility,100000000,104083320.89298555,4083320.8929855525,0.049733275362868756,0.03312469322953149,0.277270258633894,-0.240139377509755,0.2583539832689617,0.3971424298435865,1.0049720906218764,0.5095367847411444
2025-01-01T00:00:00.000000,2025-01-01T00:00:00.000000,momentum_6m,correlation_filtered,0.7,inverse_volatility,100000000,103935889.71978578,3935889.7197857797,0.04825422840590243,0.03214712371823225,0.27711591776527184,-0.2404453466137334,0.2548513328025895,0.3918698316695566,1.0043755021312026,0.5095367847411444
2025-01-01T00:00:00.000000,2025-01-01T00:00:00.000000,momentum_6m,correlation_filtered,0.75,equal,100000000,105105692.2634885,5105692.263488501,0.060422619710250425,0.04017636779222111,0.2800052682092579,-0.23800623133369536,0.28339743346702323,0.4386600744452188,1.0090135328054313,0.5095367847411444
2025-01-01T00:00:00.000000,2025-01-01T00:00:00.000000,momentum_6m,correlation_filtered,0.75,alpha,100000000,105240408.68221283,5240408.68221283,0.06177109136879899,0.04106428087777747,0.28015600997898005,-0.2377457915627773,0.2865086522631168,0.4433619818027987,1.00954611296226,0.5095367847411444
2025-01-01T00:00:00.000000,2025-01-01T00:00:00.000000,momentum_6m,correlation_filtered,0.75,alpha_volatility,100000000,104083320.89298555,4083320.8929855525,0.049733275362868756,0.03312469322953149,0.277270258633894,-0.240139377509755,0.2583539832689617,0.3971424298435865,1.0049720906218764,0.5095367847411444
2025-01-01T00:00:00.000000,2025-01-01T00:00:00.000000,momentum_6m,correlation_filtered,0.75,inverse_volatility,100000000,103935889.71978578,3935889.7197857797,0.04825422840590243,0.03214712371823225,0.27711591776527184,-0.2404453466137334,0.2548513328025895,0.3918698316695566,1.0043755021312026,0.5095367847411444
2025-01-01T00:00:00.000000,2025-01-01T00:00:00.000000,momentum_6m,correlation_filtered,0.8,equal,100000000,105105692.2634885,5105692.263488501,0.060422619710250425,0.04017636779222111,0.2800052682092579,-0.23800623133369536,0.28339743346702323,0.4386600744452188,1.0090135328054313,0.5095367847411444
2025-01-01T00:00:00.000000,2025-01-01T00:00:00.000000,momentum_6m,correlation_filtered,0.8,alpha,100000000,105240408.68221283,5240408.68221283,0.06177109136879899,0.04106428087777747,0.28015600997898005,-0.2377457915627773,0.2865086522631168,0.4433619818027987,1.00954611296226,0.5095367847411444
2025-01-01T00:00:00.000000,2025-01-01T00:00:00.000000,momentum_6m,correlation_filtered,0.8,alpha_volatility,100000000,104083320.89298555,4083320.8929855525,0.049733275362868756,0.03312469322953149,0.277270258633894,-0.240139377509755,0.2583539832689617,0.3971424298435865,1.0049720906218764,0.5095367847411444
2025-01-01T00:00:00.000000,2025-01-01T00:00:00.000000,momentum_6m,correlation_filtered,0.8,inverse_volatility,100000000,103935889.71978578,3935889.7197857797,0.04825422840590243,0.03214712371823225,0.27711591776527184,-0.2404453466137334,0.2548513328025895,0.3918698316695566,1.0043755021312026,0.5095367847411444
2025-01-01T00:00:00.000000,2025-01-01T00:00:00.000000,momentum_6m,correlation_filtered,0.85,equal,100000000,105105692.2634885,5105692.263488501,0.060422619710250425,0.04017636779222111,0.2800052682092579,-0.23800623133369536,0.28339743346702323,0.4386600744452188,1.0090135328054313,0.5095367847411444
2025-01-01T00:00:00.000000,2025-01-01T00:00:00.000000,momentum_6m,correlation_filtered,0.85,alpha,100000000,105240408.68221283,5240408.68221283,0.06177109136879899,0.04106428087777747,0.28015600997898005,-0.2377457915627773,0.2865086522631168,0.4433619818027987,1.00954611296226,0.5095367847411444
2025-01-01T00:00:00.000000,2025-01-01T00:00:00.000000,momentum_6m,correlation_filtered,0.85,alpha_volatility,100000000,104083320.89298555,4083320.8929855525,0.049733275362868756,0.03312469322953149,0.277270258633894,-0.240139377509755,0.2583539832689617,0.3971424298435865,1.0049720906218764,0.5095367847411444
2025-01-01T00:00:00.000000,2025-01-01T00:00:00.000000,momentum_6m,correlation_filtered,0.85,inverse_volatility,100000000,103935889.71978578,3935889.7197857797,0.04825422840590243,0.03214712371823225,0.27711591776527184,-0.2404453466137334,0.2548513328025895,0.3918698316695566,1.0043755021312026,0.5095367847411444
2025-01-01T00:00:00.000000,2025-01-01T00:00:00.000000,momentum_3m,top_n,None,equal,100000000,130016978.0402609,30016978.040260896,0.3027527249897115,0.19431837428458132,0.2766667339105408,-0.2444199967283578,0.7946539841448826,1.1785719244593693,0.9548280030665919,0.5449591280653951
2025-01-01T00:00:00.000000,2025-01-01T00:00:00.000000,momentum_3m,top_n,None,alpha,100000000,130036390.92226645,30036390.922266454,0.30305885755681006,0.1945068008866564,0.2767331479869865,-0.24432554165075038,0.7951141408460505,1.1783670781828133,0.9549356917702488,0.5449591280653951
2025-01-01T00:00:00.000000,2025-01-01T00:00:00.000000,momentum_3m,top_n,None,alpha_volatility,100000000,131199676.29271972,31199676.29271972,0.31359901308159777,0.20098549492319928,0.26822188932229507,-0.23733045414203013,0.8324532738275253,1.202669245834833,0.9000549621171529,0.5613079019073569
2025-01-01T00:00:00.000000,2025-01-01T00:00:00.000000,momentum_3m,top_n,None,inverse_volatility,100000000,131127810.36402707,31127810.364027068,0.3127716802305651,0.2004775793936433,0.26815235096068735,-0.23741640383007834,0.8309847331180731,1.200194754768399,0.9098087483039228,0.55858310626703
2025-01-01T00:00:00.000000,2025-01-01T00:00:00.000000,momentum_3m,correlation_filtered,None,equal,100000000,130016978.0402609,30016978.040260896,0.3027527249897115,0.19431837428458132,0.2766667339105408,-0.2444199967283578,0.7946539841448826,1.1785719244593693,0.9548280030665919,0.5449591280653951
2025-01-01T00:00:00.000000,2025-01-01T00:00:00.000000,momentum_3m,correlation_filtered,None,alpha,100000000,130036390.92226645,30036390.922266454,0.30305885755681006,0.1945068008866564,0.2767331479869865,-0.24432554165075038,0.7951141408460505,1.1783670781828133,0.9549356917702488,0.5449591280653951
2025-01-01T00:00:00.000000,2025-01-01T00:00:00.000000,momentum_3m,correlation_filtered,None,alpha_volatility,100000000,131199676.29271972,31199676.29271972,0.31359901308159777,0.20098549492319928,0.26822188932229507,-0.23733045414203013,0.8324532738275253,1.202669245834833,0.9000549621171529,0.5613079019073569
2025-01-01T00:00:00.000000,2025-01-01T00:00:00.000000,momentum_3m,correlation_filtered,None,inverse_volatility,100000000,131127810.36402707,31127810.364027068,0.3127716802305651,0.2004775793936433,0.26815235096068735,-0.23741640383007834,0.8309847331180731,1.200194754768399,0.9098087483039228,0.55858310626703
2025-01-01T00:00:00.000000,2025-01-01T00:00:00.000000,momentum_3m,correlation_filtered,0.7,equal,100000000,130016978.0402609,30016978.040260896,0.3027527249897115,0.19431837428458132,0.2766667339105408,-0.2444199967283578,0.7946539841448826,1.1785719244593693,0.9548280030665919,0.5449591280653951
2025-01-01T00:00:00.000000,2025-01-01T00:00:00.000000,momentum_3m,correlation_filtered,0.7,alpha,100000000,130036390.92226645,30036390.922266454,0.30305885755681006,0.1945068008866564,0.2767331479869865,-0.24432554165075038,0.7951141408460505,1.1783670781828133,0.9549356917702488,0.5449591280653951
2025-01-01T00:00:00.000000,2025-01-01T00:00:00.000000,momentum_3m,correlation_filtered,0.7,alpha_volatility,100000000,131199676.29271972,31199676.29271972,0.31359901308159777,0.20098549492319928,0.26822188932229507,-0.23733045414203013,0.8324532738275253,1.202669245834833,0.9000549621171529,0.5613079019073569
2025-01-01T00:00:00.000000,2025-01-01T00:00:00.000000,momentum_3m,correlation_filtered,0.7,inverse_volatility,100000000,131127810.36402707,31127810.364027068,0.3127716802305651,0.2004775793936433,0.26815235096068735,-0.23741640383007834,0.8309847331180731,1.200194754768399,0.9098087483039228,0.55858310626703
2025-01-01T00:00:00.000000,2025-01-01T00:00:00.000000,momentum_3m,correlation_filtered,0.75,equal,100000000,130016978.0402609,30016978.040260896,0.3027527249897115,0.19431837428458132,0.2766667339105408,-0.2444199967283578,0.7946539841448826,1.1785719244593693,0.9548280030665919,0.5449591280653951
2025-01-01T00:00:00.000000,2025-01-01T00:00:00.000000,momentum_3m,correlation_filtered,0.75,alpha,100000000,130036390.92226645,30036390.922266454,0.30305885755681006,0.1945068008866564,0.2767331479869865,-0.24432554165075038,0.7951141408460505,1.1783670781828133,0.9549356917702488,0.5449591280653951
2025-01-01T00:00:00.000000,2025-01-01T00:00:00.000000,momentum_3m,correlation_filtered,0.75,alpha_volatility,100000000,131199676.29271972,31199676.29271972,0.31359901308159777,0.20098549492319928,0.26822188932229507,-0.23733045414203013,0.8324532738275253,1.202669245834833,0.9000549621171529,0.5613079019073569
2025-01-01T00:00:00.000000,2025-01-01T00:00:00.000000,momentum_3m,correlation_filtered,0.75,inverse_volatility,100000000,131127810.36402707,31127810.364027068,0.3127716802305651,0.2004775793936433,0.26815235096068735,-0.23741640383007834,0.8309847331180731,1.200194754768399,0.9098087483039228,0.55858310626703
2025-01-01T00:00:00.000000,2025-01-01T00:00:00.000000,momentum_3m,correlation_filtered,0.8,equal,100000000,130016978.0402609,30016978.040260896,0.3027527249897115,0.19431837428458132,0.2766667339105408,-0.2444199967283578,0.7946539841448826,1.1785719244593693,0.9548280030665919,0.5449591280653951
2025-01-01T00:00:00.000000,2025-01-01T00:00:00.000000,momentum_3m,correlation_filtered,0.8,alpha,100000000,130036390.92226645,30036390.922266454,0.30305885755681006,0.1945068008866564,0.2767331479869865,-0.24432554165075038,0.7951141408460505,1.1783670781828133,0.9549356917702488,0.5449591280653951
2025-01-01T00:00:00.000000,2025-01-01T00:00:00.000000,momentum_3m,correlation_filtered,0.8,alpha_volatility,100000000,131199676.29271972,31199676.29271972,0.31359901308159777,0.20098549492319928,0.26822188932229507,-0.23733045414203013,0.8324532738275253,1.202669245834833,0.9000549621171529,0.5613079019073569
2025-01-01T00:00:00.000000,2025-01-01T00:00:00.000000,momentum_3m,correlation_filtered,0.8,inverse_volatility,100000000,131127810.36402707,31127810.364027068,0.3127716802305651,0.2004775793936433,0.26815235096068735,-0.23741640383007834,0.8309847331180731,1.200194754768399,0.9098087483039228,0.55858310626703
2025-01-01T00:00:00.000000,2025-01-01T00:00:00.000000,momentum_3m,correlation_filtered,0.85,equal,100000000,130016978.0402609,30016978.040260896,0.3027527249897115,0.19431837428458132,0.2766667339105408,-0.2444199967283578,0.7946539841448826,1.1785719244593693,0.9548280030665919,0.5449591280653951
2025-01-01T00:00:00.000000,2025-01-01T00:00:00.000000,momentum_3m,correlation_filtered,0.85,alpha,100000000,130036390.92226645,30036390.922266454,0.30305885755681006,0.1945068008866564,0.2767331479869865,-0.24432554165075038,0.7951141408460505,1.1783670781828133,0.9549356917702488,0.5449591280653951
2025-01-01T00:00:00.000000,2025-01-01T00:00:00.000000,momentum_3m,correlation_filtered,0.85,alpha_volatility,100000000,131199676.29271972,31199676.29271972,0.31359901308159777,0.20098549492319928,0.26822188932229507,-0.23733045414203013,0.8324532738275253,1.202669245834833,0.9000549621171529,0.5613079019073569
2025-01-01T00:00:00.000000,2025-01-01T00:00:00.000000,momentum_3m,correlation_filtered,0.85,inverse_volatility,100000000,131127810.36402707,31127810.364027068,0.3127716802305651,0.2004775793936433,0.26815235096068735,-0.23741640383007834,0.8309847331180731,1.200194754768399,0.9098087483039228,0.55858310626703
2025-01-01T00:00:00.000000,2025-01-01T00:00:00.000000,multi_horizon_momentum,top_n,None,equal,100000000,98998189.95674264,-1001810.0432573557,-0.005096175363865751,-0.003424522134230057,0.30043909822582743,-0.2981303469757358,0.13815688233150797,0.21380925303176126,1.006662507274184,0.5040871934604905
2025-01-01T00:00:00.000000,2025-01-01T00:00:00.000000,multi_horizon_momentum,top_n,None,alpha,100000000,99256924.10599415,-743075.89400585,-0.0024459558415942384,-0.0016429131782662587,0.3006417143751393,-0.29884665838634394,0.144336121755111,0.22347330579792515,1.0077017244006428,0.5040871934604905
2025-01-01T00:00:00.000000,2025-01-01T00:00:00.000000,multi_horizon_momentum,top_n,None,alpha_volatility,100000000,95416138.56520495,-4583861.434795052,-0.04287571043575944,-0.028994146226821615,0.29756844370128976,-0.3086442513538239,0.047345050186639794,0.07226000140917582,0.9702400205372765,0.5095367847411444
2025-01-01T00:00:00.000000,2025-01-01T00:00:00.000000,multi_horizon_momentum,top_n,None,inverse_volatility,100000000,95131481.95747313,-4868518.042526871,-0.04579755726953527,-0.030985371234582337,0.29739689306691847,-0.30805165113968314,0.040148848056009837,0.06117610697154196,0.9796931944739542,0.5068119891008175
2025-01-01T00:00:00.000000,2025-01-01T00:00:00.000000,multi_horizon_momentum,correlation_filtered,None,equal,100000000,98998189.95674264,-1001810.0432573557,-0.005096175363865751,-0.003424522134230057,0.30043909822582743,-0.2981303469757358,0.13815688233150797,0.21380925303176126,1.006662507274184,0.5040871934604905
2025-01-01T00:00:00.000000,2025-01-01T00:00:00.000000,multi_horizon_momentum,correlation_filtered,None,alpha,100000000,99256924.10599415,-743075.89400585,-0.0024459558415942384,-0.0016429131782662587,0.3006417143751393,-0.29884665838634394,0.144336121755111,0.22347330579792515,1.0077017244006428,0.5040871934604905
2025-01-01T00:00:00.000000,2025-01-01T00:00:00.000000,multi_horizon_momentum,correlation_filtered,None,alpha_volatility,100000000,95416138.56520495,-4583861.434795052,-0.04287571043575944,-0.028994146226821615,0.29756844370128976,-0.3086442513538239,0.047345050186639794,0.07226000140917582,0.9702400205372765,0.5095367847411444
2025-01-01T00:00:00.000000,2025-01-01T00:00:00.000000,multi_horizon_momentum,correlation_filtered,None,inverse_volatility,100000000,95131481.95747313,-4868518.042526871,-0.04579755726953527,-0.030985371234582337,0.29739689306691847,-0.30805165113968314,0.040148848056009837,0.06117610697154196,0.9796931944739542,0.5068119891008175
2025-01-01T00:00:00.000000,2025-01-01T00:00:00.000000,multi_horizon_momentum,correlation_filtered,0.7,equal,100000000,98998189.95674264,-1001810.0432573557,-0.005096175363865751,-0.003424522134230057,0.30043909822582743,-0.2981303469757358,0.13815688233150797,0.21380925303176126,1.006662507274184,0.5040871934604905
2025-01-01T00:00:00.000000,2025-01-01T00:00:00.000000,multi_horizon_momentum,correlation_filtered,0.7,alpha,100000000,99256924.10599415,-743075.89400585,-0.0024459558415942384,-0.0016429131782662587,0.3006417143751393,-0.29884665838634394,0.144336121755111,0.22347330579792515,1.0077017244006428,0.5040871934604905
2025-01-01T00:00:00.000000,2025-01-01T00:00:00.000000,multi_horizon_momentum,correlation_filtered,0.7,alpha_volatility,100000000,95416138.56520495,-4583861.434795052,-0.04287571043575944,-0.028994146226821615,0.29756844370128976,-0.3086442513538239,0.047345050186639794,0.07226000140917582,0.9702400205372765,0.5095367847411444
2025-01-01T00:00:00.000000,2025-01-01T00:00:00.000000,multi_horizon_momentum,correlation_filtered,0.7,inverse_volatility,100000000,95131481.95747313,-4868518.042526871,-0.04579755726953527,-0.030985371234582337,0.29739689306691847,-0.30805165113968314,0.040148848056009837,0.06117610697154196,0.9796931944739542,0.5068119891008175
2025-01-01T00:00:00.000000,2025-01-01T00:00:00.000000,multi_horizon_momentum,correlation_filtered,0.75,equal,100000000,98998189.95674264,-1001810.0432573557,-0.005096175363865751,-0.003424522134230057,0.30043909822582743,-0.2981303469757358,0.13815688233150797,0.21380925303176126,1.006662507274184,0.5040871934604905
2025-01-01T00:00:00.000000,2025-01-01T00:00:00.000000,multi_horizon_momentum,correlation_filtered,0.75,alpha,100000000,99256924.10599415,-743075.89400585,-0.0024459558415942384,-0.0016429131782662587,0.3006417143751393,-0.29884665838634394,0.144336121755111,0.22347330579792515,1.0077017244006428,0.5040871934604905
2025-01-01T00:00:00.000000,2025-01-01T00:00:00.000000,multi_horizon_momentum,correlation_filtered,0.75,alpha_volatility,100000000,95416138.56520495,-4583861.434795052,-0.04287571043575944,-0.028994146226821615,0.29756844370128976,-0.3086442513538239,0.047345050186639794,0.07226000140917582,0.9702400205372765,0.5095367847411444
2025-01-01T00:00:00.000000,2025-01-01T00:00:00.000000,multi_horizon_momentum,correlation_filtered,0.75,inverse_volatility,100000000,95131481.95747313,-4868518.042526871,-0.04579755726953527,-0.030985371234582337,0.29739689306691847,-0.30805165113968314,0.040148848056009837,0.06117610697154196,0.9796931944739542,0.5068119891008175
2025-01-01T00:00:00.000000,2025-01-01T00:00:00.000000,multi_horizon_momentum,correlation_filtered,0.8,equal,100000000,98998189.95674264,-1001810.0432573557,-0.005096175363865751,-0.003424522134230057,0.30043909822582743,-0.2981303469757358,0.13815688233150797,0.21380925303176126,1.006662507274184,0.5040871934604905
2025-01-01T00:00:00.000000,2025-01-01T00:00:00.000000,multi_horizon_momentum,correlation_filtered,0.8,alpha,100000000,99256924.10599415,-743075.89400585,-0.0024459558415942384,-0.0016429131782662587,0.3006417143751393,-0.29884665838634394,0.144336121755111,0.22347330579792515,1.0077017244006428,0.5040871934604905
2025-01-01T00:00:00.000000,2025-01-01T00:00:00.000000,multi_horizon_momentum,correlation_filtered,0.8,alpha_volatility,100000000,95416138.56520495,-4583861.434795052,-0.04287571043575944,-0.028994146226821615,0.29756844370128976,-0.3086442513538239,0.047345050186639794,0.07226000140917582,0.9702400205372765,0.5095367847411444
2025-01-01T00:00:00.000000,2025-01-01T00:00:00.000000,multi_horizon_momentum,correlation_filtered,0.8,inverse_volatility,100000000,95131481.95747313,-4868518.042526871,-0.04579755726953527,-0.030985371234582337,0.29739689306691847,-0.30805165113968314,0.040148848056009837,0.06117610697154196,0.9796931944739542,0.5068119891008175
2025-01-01T00:00:00.000000,2025-01-01T00:00:00.000000,multi_horizon_momentum,correlation_filtered,0.85,equal,100000000,98998189.95674264,-1001810.0432573557,-0.005096175363865751,-0.003424522134230057,0.30043909822582743,-0.2981303469757358,0.13815688233150797,0.21380925303176126,1.006662507274184,0.5040871934604905
2025-01-01T00:00:00.000000,2025-01-01T00:00:00.000000,multi_horizon_momentum,correlation_filtered,0.85,alpha,100000000,99256924.10599415,-743075.89400585,-0.0024459558415942384,-0.0016429131782662587,0.3006417143751393,-0.29884665838634394,0.144336121755111,0.22347330579792515,1.0077017244006428,0.5040871934604905
2025-01-01T00:00:00.000000,2025-01-01T00:00:00.000000,multi_horizon_momentum,correlation_filtered,0.85,alpha_volatility,100000000,95416138.56520495,-4583861.434795052,-0.04287571043575944,-0.028994146226821615,0.29756844370128976,-0.3086442513538239,0.047345050186639794,0.07226000140917582,0.9702400205372765,0.5095367847411444
2025-01-01T00:00:00.000000,2025-01-01T00:00:00.000000,multi_horizon_momentum,correlation_filtered,0.85,inverse_volatility,100000000,95131481.95747313,-4868518.042526871,-0.04579755726953527,-0.030985371234582337,0.29739689306691847,-0.30805165113968314,0.040148848056009837,0.06117610697154196,0.9796931944739542,0.5068119891008175
2025-01-01T00:00:00.000000,2025-01-01T00:00:00.000000,relative_strength,top_n,None,equal,100000000,96072074.56658119,-3927925.4334188104,-0.031230529481780622,-0.021077764226314688,0.2956020869743834,-0.2626962965051418,0.07403861091639641,0.1083157757957944,0.9960608040104889,0.5040871934604905
2025-01-01T00:00:00.000000,2025-01-01T00:00:00.000000,relative_strength,top_n,None,alpha,100000000,96116608.65695232,-3883391.3430476785,-0.030678996238713507,-0.02070361043049962,0.2957435527493321,-0.2626936417098056,0.07546505292291243,0.11034610043891478,1.0072164969266506,0.5013623978201635
2025-01-01T00:00:00.000000,2025-01-01T00:00:00.000000,relative_strength,top_n,None,alpha_volatility,100000000,93222262.47844517,-6777737.521554828,-0.060144991509561097,-0.04079232401267674,0.2950499879943364,-0.26713171275436365,0.0031966588418001506,0.0046127936685604436,0.9843120853573785,0.5040871934604905
2025-01-01T00:00:00.000000,2025-01-01T00:00:00.000000,relative_strength,top_n,None,inverse_volatility,100000000,93151288.38524026,-6848711.614759743,-0.0609563341121242,-0.04134836781599438,0.29495052554164647,-0.26716283815117803,0.0010891975063062988,0.0015717368837340612,0.9839637598106398,0.5040871934604905
2025-01-01T00:00:00.000000,2025-01-01T00:00:00.000000,relative_strength,correlation_filtered,None,equal,100000000,96072074.56658119,-3927925.4334188104,-0.031230529481780622,-0.021077764226314688,0.2956020869743834,-0.2626962965051418,0.07403861091639641,0.1083157757957944,0.9960608040104889,0.5040871934604905
2025-01-01T00:00:00.000000,2025-01-01T00:00:00.000000,relative_strength,correlation_filtered,None,alpha,100000000,96116608.65695232,-3883391.3430476785,-0.030678996238713507,-0.02070361043049962,0.2957435527493321,-0.2626936417098056,0.07546505292291243,0.11034610043891478,1.0072164969266506,0.5013623978201635
2025-01-01T00:00:00.000000,2025-01-01T00:00:00.000000,relative_strength,correlation_filtered,None,alpha_volatility,100000000,93222262.47844517,-6777737.521554828,-0.060144991509561097,-0.04079232401267674,0.2950499879943364,-0.26713171275436365,0.0031966588418001506,0.0046127936685604436,0.9843120853573785,0.5040871934604905
2025-01-01T00:00:00.000000,2025-01-01T00:00:00.000000,relative_strength,correlation_filtered,None,inverse_volatility,100000000,93151288.38524026,-6848711.614759743,-0.0609563341121242,-0.04134836781599438,0.29495052554164647,-0.26716283815117803,0.0010891975063062988,0.0015717368837340612,0.9839637598106398,0.5040871934604905
2025-01-01T00:00:00.000000,2025-01-01T00:00:00.000000,relative_strength,correlation_filtered,0.7,equal,100000000,96072074.56658119,-3927925.4334188104,-0.031230529481780622,-0.021077764226314688,0.2956020869743834,-0.2626962965051418,0.07403861091639641,0.1083157757957944,0.9960608040104889,0.5040871934604905
2025-01-01T00:00:00.000000,2025-01-01T00:00:00.000000,relative_strength,correlation_filtered,0.7,alpha,100000000,96116608.65695232,-3883391.3430476785,-0.030678996238713507,-0.02070361043049962,0.2957435527493321,-0.2626936417098056,0.07546505292291243,0.11034610043891478,1.0072164969266506,0.5013623978201635
2025-01-01T00:00:00.000000,2025-01-01T00:00:00.000000,relative_strength,correlation_filtered,0.7,alpha_volatility,100000000,93222262.47844517,-6777737.521554828,-0.060144991509561097,-0.04079232401267674,0.2950499879943364,-0.26713171275436365,0.0031966588418001506,0.0046127936685604436,0.9843120853573785,0.5040871934604905
2025-01-01T00:00:00.000000,2025-01-01T00:00:00.000000,relative_strength,correlation_filtered,0.7,inverse_volatility,100000000,93151288.38524026,-6848711.614759743,-0.0609563341121242,-0.04134836781599438,0.29495052554164647,-0.26716283815117803,0.0010891975063062988,0.0015717368837340612,0.9839637598106398,0.5040871934604905
2025-01-01T00:00:00.000000,2025-01-01T00:00:00.000000,relative_strength,correlation_filtered,0.75,equal,100000000,96072074.56658119,-3927925.4334188104,-0.031230529481780622,-0.021077764226314688,0.2956020869743834,-0.2626962965051418,0.07403861091639641,0.1083157757957944,0.9960608040104889,0.5040871934604905
2025-01-01T00:00:00.000000,2025-01-01T00:00:00.000000,relative_strength,correlation_filtered,0.75,alpha,100000000,96116608.65695232,-3883391.3430476785,-0.030678996238713507,-0.02070361043049962,0.2957435527493321,-0.2626936417098056,0.07546505292291243,0.11034610043891478,1.0072164969266506,0.5013623978201635
2025-01-01T00:00:00.000000,2025-01-01T00:00:00.000000,relative_strength,correlation_filtered,0.75,alpha_volatility,100000000,93222262.47844517,-6777737.521554828,-0.060144991509561097,-0.04079232401267674,0.2950499879943364,-0.26713171275436365,0.0031966588418001506,0.0046127936685604436,0.9843120853573785,0.5040871934604905
2025-01-01T00:00:00.000000,2025-01-01T00:00:00.000000,relative_strength,correlation_filtered,0.75,inverse_volatility,100000000,93151288.38524026,-6848711.614759743,-0.0609563341121242,-0.04134836781599438,0.29495052554164647,-0.26716283815117803,0.0010891975063062988,0.0015717368837340612,0.9839637598106398,0.5040871934604905
2025-01-01T00:00:00.000000,2025-01-01T00:00:00.000000,relative_strength,correlation_filtered,0.8,equal,100000000,96072074.56658119,-3927925.4334188104,-0.031230529481780622,-0.021077764226314688,0.2956020869743834,-0.2626962965051418,0.07403861091639641,0.1083157757957944,0.9960608040104889,0.5040871934604905
2025-01-01T00:00:00.000000,2025-01-01T00:00:00.000000,relative_strength,correlation_filtered,0.8,alpha,100000000,96116608.65695232,-3883391.3430476785,-0.030678996238713507,-0.02070361043049962,0.2957435527493321,-0.2626936417098056,0.07546505292291243,0.11034610043891478,1.0072164969266506,0.5013623978201635
2025-01-01T00:00:00.000000,2025-01-01T00:00:00.000000,relative_strength,correlation_filtered,0.8,alpha_volatility,100000000,93222262.47844517,-6777737.521554828,-0.060144991509561097,-0.04079232401267674,0.2950499879943364,-0.26713171275436365,0.0031966588418001506,0.0046127936685604436,0.9843120853573785,0.5040871934604905
2025-01-01T00:00:00.000000,2025-01-01T00:00:00.000000,relative_strength,correlation_filtered,0.8,inverse_volatility,100000000,93151288.38524026,-6848711.614759743,-0.0609563341121242,-0.04134836781599438,0.29495052554164647,-0.26716283815117803,0.0010891975063062988,0.0015717368837340612,0.9839637598106398,0.5040871934604905
2025-01-01T00:00:00.000000,2025-01-01T00:00:00.000000,relative_strength,correlation_filtered,0.85,equal,100000000,96072074.56658119,-3927925.4334188104,-0.031230529481780622,-0.021077764226314688,0.2956020869743834,-0.2626962965051418,0.07403861091639641,0.1083157757957944,0.9960608040104889,0.5040871934604905
2025-01-01T00:00:00.000000,2025-01-01T00:00:00.000000,relative_strength,correlation_filtered,0.85,alpha,100000000,96116608.65695232,-3883391.3430476785,-0.030678996238713507,-0.02070361043049962,0.2957435527493321,-0.2626936417098056,0.07546505292291243,0.11034610043891478,1.0072164969266506,0.5013623978201635
2025-01-01T00:00:00.000000,2025-01-01T00:00:00.000000,relative_strength,correlation_filtered,0.85,alpha_volatility,100000000,93222262.47844517,-6777737.521554828,-0.060144991509561097,-0.04079232401267674,0.2950499879943364,-0.26713171275436365,0.0031966588418001506,0.0046127936685604436,0.9843120853573785,0.5040871934604905
2025-01-01T00:00:00.000000,2025-01-01T00:00:00.000000,relative_strength,correlation_filtered,0.85,inverse_volatility,100000000,93151288.38524026,-6848711.614759743,-0.0609563341121242,-0.04134836781599438,0.29495052554164647,-0.26716283815117803,0.0010891975063062988,0.0015717368837340612,0.9839637598106398,0.5040871934604905
2025-01-01T00:00:00.000000,2025-01-01T00:00:00.000000,trend_strength,top_n,None,equal,100000000,120652332.32502575,20652332.325025752,0.21183862992587743,0.13769571437082462,0.28211004564849723,-0.2341755238579014,0.6083711882168887,0.9515356433454025,1.1116345378955579,0.4986376021798365
2025-01-01T00:00:00.000000,2025-01-01T00:00:00.000000,trend_strength,top_n,None,alpha,100000000,120611176.11140719,20611176.11140719,0.21142778774808568,0.13743673100547915,0.2822969326257959,-0.23424677577084352,0.6073256893132536,0.9509658861754589,1.11142277105251,0.4986376021798365
2025-01-01T00:00:00.000000,2025-01-01T00:00:00.000000,trend_strength,top_n,None,alpha_volatility,100000000,121704003.85570776,21704003.855707765,0.22075046880592408,0.14330640925013394,0.276945797851486,-0.23525236230384672,0.6327428388972526,0.9863615243720907,1.1278800650526937,0.49591280653950953
2025-01-01T00:00:00.000000,2025-01-01T00:00:00.000000,trend_strength,top_n,None,inverse_volatility,100000000,121790622.19000913,21790622.190009132,0.22160369902783206,0.1438428767733555,0.27685719955394017,-0.23519726391941387,0.6345942508921565,0.9890746002695266,1.1159991314295914,0.4986376021798365
2025-01-01T00:00:00.000000,2025-01-01T00:00:00.000000,trend_strength,correlation_filtered,None,equal,100000000,120652332.32502575,20652332.325025752,0.21183862992587743,0.13769571437082462,0.28211004564849723,-0.2341755238579014,0.6083711882168887,0.9515356433454025,1.1116345378955579,0.4986376021798365
2025-01-01T00:00:00.000000,2025-01-01T00:00:00.000000,trend_strength,correlation_filtered,None,alpha,100000000,120611176.11140719,20611176.11140719,0.21142778774808568,0.13743673100547915,0.2822969326257959,-0.23424677577084352,0.6073256893132536,0.9509658861754589,1.11142277105251,0.4986376021798365
2025-01-01T00:00:00.000000,2025-01-01T00:00:00.000000,trend_strength,correlation_filtered,None,alpha_volatility,100000000,121704003.85570776,21704003.855707765,0.22075046880592408,0.14330640925013394,0.276945797851486,-0.23525236230384672,0.6327428388972526,0.9863615243720907,1.1278800650526937,0.49591280653950953
2025-01-01T00:00:00.000000,2025-01-01T00:00:00.000000,trend_strength,correlation_filtered,None,inverse_volatility,100000000,121790622.19000913,21790622.190009132,0.22160369902783206,0.1438428767733555,0.27685719955394017,-0.23519726391941387,0.6345942508921565,0.9890746002695266,1.1159991314295914,0.4986376021798365
2025-01-01T00:00:00.000000,2025-01-01T00:00:00.000000,trend_strength,correlation_filtered,0.7,equal,100000000,120652332.32502575,20652332.325025752,0.21183862992587743,0.13769571437082462,0.28211004564849723,-0.2341755238579014,0.6083711882168887,0.9515356433454025,1.1116345378955579,0.4986376021798365
2025-01-01T00:00:00.000000,2025-01-01T00:00:00.000000,trend_strength,correlation_filtered,0.7,alpha,100000000,120611176.11140719,20611176.11140719,0.21142778774808568,0.13743673100547915,0.2822969326257959,-0.23424677577084352,0.6073256893132536,0.9509658861754589,1.11142277105251,0.4986376021798365
2025-01-01T00:00:00.000000,2025-01-01T00:00:00.000000,trend_strength,correlation_filtered,0.7,alpha_volatility,100000000,121704003.85570776,21704003.855707765,0.22075046880592408,0.14330640925013394,0.276945797851486,-0.23525236230384672,0.6327428388972526,0.9863615243720907,1.1278800650526937,0.49591280653950953
2025-01-01T00:00:00.000000,2025-01-01T00:00:00.000000,trend_strength,correlation_filtered,0.7,inverse_volatility,100000000,121790622.19000913,21790622.190009132,0.22160369902783206,0.1438428767733555,0.27685719955394017,-0.23519726391941387,0.6345942508921565,0.9890746002695266,1.1159991314295914,0.4986376021798365
2025-01-01T00:00:00.000000,2025-01-01T00:00:00.000000,trend_strength,correlation_filtered,0.75,equal,100000000,120652332.32502575,20652332.325025752,0.21183862992587743,0.13769571437082462,0.28211004564849723,-0.2341755238579014,0.6083711882168887,0.9515356433454025,1.1116345378955579,0.4986376021798365
2025-01-01T00:00:00.000000,2025-01-01T00:00:00.000000,trend_strength,correlation_filtered,0.75,alpha,100000000,120611176.11140719,20611176.11140719,0.21142778774808568,0.13743673100547915,0.2822969326257959,-0.23424677577084352,0.6073256893132536,0.9509658861754589,1.11142277105251,0.4986376021798365
2025-01-01T00:00:00.000000,2025-01-01T00:00:00.000000,trend_strength,correlation_filtered,0.75,alpha_volatility,100000000,121704003.85570776,21704003.855707765,0.22075046880592408,0.14330640925013394,0.276945797851486,-0.23525236230384672,0.6327428388972526,0.9863615243720907,1.1278800650526937,0.49591280653950953
2025-01-01T00:00:00.000000,2025-01-01T00:00:00.000000,trend_strength,correlation_filtered,0.75,inverse_volatility,100000000,121790622.19000913,21790622.190009132,0.22160369902783206,0.1438428767733555,0.27685719955394017,-0.23519726391941387,0.6345942508921565,0.9890746002695266,1.1159991314295914,0.4986376021798365
2025-01-01T00:00:00.000000,2025-01-01T00:00:00.000000,trend_strength,correlation_filtered,0.8,equal,100000000,120652332.32502575,20652332.325025752,0.21183862992587743,0.13769571437082462,0.28211004564849723,-0.2341755238579014,0.6083711882168887,0.9515356433454025,1.1116345378955579,0.4986376021798365
2025-01-01T00:00:00.000000,2025-01-01T00:00:00.000000,trend_strength,correlation_filtered,0.8,alpha,100000000,120611176.11140719,20611176.11140719,0.21142778774808568,0.13743673100547915,0.2822969326257959,-0.23424677577084352,0.6073256893132536,0.9509658861754589,1.11142277105251,0.4986376021798365
2025-01-01T00:00:00.000000,2025-01-01T00:00:00.000000,trend_strength,correlation_filtered,0.8,alpha_volatility,100000000,121704003.85570776,21704003.855707765,0.22075046880592408,0.14330640925013394,0.276945797851486,-0.23525236230384672,0.6327428388972526,0.9863615243720907,1.1278800650526937,0.49591280653950953
2025-01-01T00:00:00.000000,2025-01-01T00:00:00.000000,trend_strength,correlation_filtered,0.8,inverse_volatility,100000000,121790622.19000913,21790622.190009132,0.22160369902783206,0.1438428767733555,0.27685719955394017,-0.23519726391941387,0.6345942508921565,0.9890746002695266,1.1159991314295914,0.4986376021798365
2025-01-01T00:00:00.000000,2025-01-01T00:00:00.000000,trend_strength,correlation_filtered,0.85,equal,100000000,120652332.32502575,20652332.325025752,0.21183862992587743,0.13769571437082462,0.28211004564849723,-0.2341755238579014,0.6083711882168887,0.9515356433454025,1.1116345378955579,0.4986376021798365
2025-01-01T00:00:00.000000,2025-01-01T00:00:00.000000,trend_strength,correlation_filtered,0.85,alpha,100000000,120611176.11140719,20611176.11140719,0.21142778774808568,0.13743673100547915,0.2822969326257959,-0.23424677577084352,0.6073256893132536,0.9509658861754589,1.11142277105251,0.4986376021798365
2025-01-01T00:00:00.000000,2025-01-01T00:00:00.000000,trend_strength,correlation_filtered,0.85,alpha_volatility,100000000,121704003.85570776,21704003.855707765,0.22075046880592408,0.14330640925013394,0.276945797851486,-0.23525236230384672,0.6327428388972526,0.9863615243720907,1.1278800650526937,0.49591280653950953
2025-01-01T00:00:00.000000,2025-01-01T00:00:00.000000,trend_strength,correlation_filtered,0.85,inverse_volatility,100000000,121790622.19000913,21790622.190009132,0.22160369902783206,0.1438428767733555,0.27685719955394017,-0.23519726391941387,0.6345942508921565,0.9890746002695266,1.1159991314295914,0.4986376021798365
2025-01-01T00:00:00.000000,2025-01-01T00:00:00.000000,high_52w,top_n,None,equal,100000000,108601565.9991703,8601565.999170303,0.07564522294602671,0.050178423127233085,0.21267149409934644,-0.1950398551725685,0.34191671291357684,0.4553095274783853,0.9345976718962827,0.5313351498637602
2025-01-01T00:00:00.000000,2025-01-01T00:00:00.000000,high_52w,top_n,None,alpha,100000000,108574255.67984155,8574255.679841548,0.0753175734313225,0.04996363185583319,0.21244540289629366,-0.19446037084703527,0.34106783933606183,0.4543148066939856,0.9344603476609984,0.5313351498637602
2025-01-01T00:00:00.000000,2025-01-01T00:00:00.000000,high_52w,top_n,None,alpha_volatility,100000000,112037545.34659083,12037545.346590832,0.10732816369372311,0.07084798126262482,0.202833683301774,-0.17879471865833063,0.4466966418255151,0.5923137495812102,1.027282931776925,0.5122615803814714
2025-01-01T00:00:00.000000,2025-01-01T00:00:00.000000,high_52w,top_n,None,inverse_volatility,100000000,112065007.2802964,12065007.2802964,0.10764548582821942,0.0710540075912891,0.20287782302241414,-0.1792500400623419,0.4476151904167242,0.5932990753436994,1.0162784771883564,0.5149863760217984
2025-01-01T00:00:00.000000,2025-01-01T00:00:00.000000,high_52w,correlation_filtered,None,equal,100000000,108601565.9991703,8601565.999170303,0.07564522294602671,0.050178423127233085,0.21267149409934644,-0.1950398551725685,0.34191671291357684,0.4553095274783853,0.9345976718962827,0.5313351498637602
2025-01-01T00:00:00.000000,2025-01-01T00:00:00.000000,high_52w,correlation_filtered,None,alpha,100000000,108574255.67984155,8574255.679841548,0.0753175734313225,0.04996363185583319,0.21244540289629366,-0.19446037084703527,0.34106783933606183,0.4543148066939856,0.9344603476609984,0.5313351498637602
2025-01-01T00:00:00.000000,2025-01-01T00:00:00.000000,high_52w,correlation_filtered,None,alpha_volatility,100000000,112037545.34659083,12037545.346590832,0.10732816369372311,0.07084798126262482,0.202833683301774,-0.17879471865833063,0.4466966418255151,0.5923137495812102,1.027282931776925,0.5122615803814714
2025-01-01T00:00:00.000000,2025-01-01T00:00:00.000000,high_52w,correlation_filtered,None,inverse_volatility,100000000,112065007.2802964,12065007.2802964,0.10764548582821942,0.0710540075912891,0.20287782302241414,-0.1792500400623419,0.4476151904167242,0.5932990753436994,1.0162784771883564,0.5149863760217984
2025-01-01T00:00:00.000000,2025-01-01T00:00:00.000000,high_52w,correlation_filtered,0.7,equal,100000000,108601565.9991703,8601565.999170303,0.07564522294602671,0.050178423127233085,0.21267149409934644,-0.1950398551725685,0.34191671291357684,0.4553095274783853,0.9345976718962827,0.5313351498637602
2025-01-01T00:00:00.000000,2025-01-01T00:00:00.000000,high_52w,correlation_filtered,0.7,alpha,100000000,108574255.67984155,8574255.679841548,0.0753175734313225,0.04996363185583319,0.21244540289629366,-0.19446037084703527,0.34106783933606183,0.4543148066939856,0.9344603476609984,0.5313351498637602
2025-01-01T00:00:00.000000,2025-01-01T00:00:00.000000,high_52w,correlation_filtered,0.7,alpha_volatility,100000000,112037545.34659083,12037545.346590832,0.10732816369372311,0.07084798126262482,0.202833683301774,-0.17879471865833063,0.4466966418255151,0.5923137495812102,1.027282931776925,0.5122615803814714
2025-01-01T00:00:00.000000,2025-01-01T00:00:00.000000,high_52w,correlation_filtered,0.7,inverse_volatility,100000000,112065007.2802964,12065007.2802964,0.10764548582821942,0.0710540075912891,0.20287782302241414,-0.1792500400623419,0.4476151904167242,0.5932990753436994,1.0162784771883564,0.5149863760217984
2025-01-01T00:00:00.000000,2025-01-01T00:00:00.000000,high_52w,correlation_filtered,0.75,equal,100000000,108601565.9991703,8601565.999170303,0.07564522294602671,0.050178423127233085,0.21267149409934644,-0.1950398551725685,0.34191671291357684,0.4553095274783853,0.9345976718962827,0.5313351498637602
2025-01-01T00:00:00.000000,2025-01-01T00:00:00.000000,high_52w,correlation_filtered,0.75,alpha,100000000,108574255.67984155,8574255.679841548,0.0753175734313225,0.04996363185583319,0.21244540289629366,-0.19446037084703527,0.34106783933606183,0.4543148066939856,0.9344603476609984,0.5313351498637602
2025-01-01T00:00:00.000000,2025-01-01T00:00:00.000000,high_52w,correlation_filtered,0.75,alpha_volatility,100000000,112037545.34659083,12037545.346590832,0.10732816369372311,0.07084798126262482,0.202833683301774,-0.17879471865833063,0.4466966418255151,0.5923137495812102,1.027282931776925,0.5122615803814714
2025-01-01T00:00:00.000000,2025-01-01T00:00:00.000000,high_52w,correlation_filtered,0.75,inverse_volatility,100000000,112065007.2802964,12065007.2802964,0.10764548582821942,0.0710540075912891,0.20287782302241414,-0.1792500400623419,0.4476151904167242,0.5932990753436994,1.0162784771883564,0.5149863760217984
2025-01-01T00:00:00.000000,2025-01-01T00:00:00.000000,high_52w,correlation_filtered,0.8,equal,100000000,108601565.9991703,8601565.999170303,0.07564522294602671,0.050178423127233085,0.21267149409934644,-0.1950398551725685,0.34191671291357684,0.4553095274783853,0.9345976718962827,0.5313351498637602
2025-01-01T00:00:00.000000,2025-01-01T00:00:00.000000,high_52w,correlation_filtered,0.8,alpha,100000000,108574255.67984155,8574255.679841548,0.0753175734313225,0.04996363185583319,0.21244540289629366,-0.19446037084703527,0.34106783933606183,0.4543148066939856,0.9344603476609984,0.5313351498637602
2025-01-01T00:00:00.000000,2025-01-01T00:00:00.000000,high_52w,correlation_filtered,0.8,alpha_volatility,100000000,112037545.34659083,12037545.346590832,0.10732816369372311,0.07084798126262482,0.202833683301774,-0.17879471865833063,0.4466966418255151,0.5923137495812102,1.027282931776925,0.5122615803814714
2025-01-01T00:00:00.000000,2025-01-01T00:00:00.000000,high_52w,correlation_filtered,0.8,inverse_volatility,100000000,112065007.2802964,12065007.2802964,0.10764548582821942,0.0710540075912891,0.20287782302241414,-0.1792500400623419,0.4476151904167242,0.5932990753436994,1.0162784771883564,0.5149863760217984
2025-01-01T00:00:00.000000,2025-01-01T00:00:00.000000,high_52w,correlation_filtered,0.85,equal,100000000,108601565.9991703,8601565.999170303,0.07564522294602671,0.050178423127233085,0.21267149409934644,-0.1950398551725685,0.34191671291357684,0.4553095274783853,0.9345976718962827,0.5313351498637602
2025-01-01T00:00:00.000000,2025-01-01T00:00:00.000000,high_52w,correlation_filtered,0.85,alpha,100000000,108574255.67984155,8574255.679841548,0.0753175734313225,0.04996363185583319,0.21244540289629366,-0.19446037084703527,0.34106783933606183,0.4543148066939856,0.9344603476609984,0.5313351498637602
2025-01-01T00:00:00.000000,2025-01-01T00:00:00.000000,high_52w,correlation_filtered,0.85,alpha_volatility,100000000,112037545.34659083,12037545.346590832,0.10732816369372311,0.07084798126262482,0.202833683301774,-0.17879471865833063,0.4466966418255151,0.5923137495812102,1.027282931776925,0.5122615803814714
2025-01-01T00:00:00.000000,2025-01-01T00:00:00.000000,high_52w,correlation_filtered,0.85,inverse_volatility,100000000,112065007.2802964,12065007.2802964,0.10764548582821942,0.0710540075912891,0.20287782302241414,-0.1792500400623419,0.4476151904167242,0.5932990753436994,1.0162784771883564,0.5149863760217984
2025-01-01T00:00:00.000000,2025-01-01T00:00:00.000000,breakout,top_n,None,equal,100000000,108601565.9991703,8601565.999170303,0.07564522294602671,0.050178423127233085,0.21267149409934638,-0.1950398551725685,0.34191671291357445,0.4553095274783819,0.9345976718962822,0.5313351498637602
2025-01-01T00:00:00.000000,2025-01-01T00:00:00.000000,breakout,top_n,None,alpha,100000000,108639190.61433053,8639190.61433053,0.0759883927878513,0.050403365730370187,0.21257740693150787,-0.19443381927260373,0.3430022881973779,0.457010837427661,0.9347662749496601,0.5313351498637602
2025-01-01T00:00:00.000000,2025-01-01T00:00:00.000000,breakout,top_n,None,alpha_volatility,100000000,112116020.92797115,12116020.927971154,0.10811784627231114,0.07136065903412359,0.20295349153617248,-0.17869092551535337,0.4489647226201155,0.595452244866331,1.0276830389758227,0.5122615803814714
2025-01-01T00:00:00.000000,2025-01-01T00:00:00.000000,breakout,top_n,None,inverse_volatility,100000000,112065007.28029639,12065007.280296385,0.1076454858282192,0.0710540075912891,0.20287782302241406,-0.1792500400623419,0.44761519041672704,0.5932990753437031,1.0162784771883566,0.5149863760217984
2025-01-01T00:00:00.000000,2025-01-01T00:00:00.000000,breakout,correlation_filtered,None,equal,100000000,108601565.9991703,8601565.999170303,0.07564522294602671,0.050178423127233085,0.21267149409934638,-0.1950398551725685,0.34191671291357445,0.4553095274783819,0.9345976718962822,0.5313351498637602
2025-01-01T00:00:00.000000,2025-01-01T00:00:00.000000,breakout,correlation_filtered,None,alpha,100000000,108639190.61433053,8639190.61433053,0.0759883927878513,0.050403365730370187,0.21257740693150787,-0.19443381927260373,0.3430022881973779,0.457010837427661,0.9347662749496601,0.5313351498637602
2025-01-01T00:00:00.000000,2025-01-01T00:00:00.000000,breakout,correlation_filtered,None,alpha_volatility,100000000,112116020.92797115,12116020.927971154,0.10811784627231114,0.07136065903412359,0.20295349153617248,-0.17869092551535337,0.4489647226201155,0.595452244866331,1.0276830389758227,0.5122615803814714
2025-01-01T00:00:00.000000,2025-01-01T00:00:00.000000,breakout,correlation_filtered,None,inverse_volatility,100000000,112065007.28029639,12065007.280296385,0.1076454858282192,0.0710540075912891,0.20287782302241406,-0.1792500400623419,0.44761519041672704,0.5932990753437031,1.0162784771883566,0.5149863760217984
2025-01-01T00:00:00.000000,2025-01-01T00:00:00.000000,breakout,correlation_filtered,0.7,equal,100000000,108601565.9991703,8601565.999170303,0.07564522294602671,0.050178423127233085,0.21267149409934638,-0.1950398551725685,0.34191671291357445,0.4553095274783819,0.9345976718962822,0.5313351498637602
2025-01-01T00:00:00.000000,2025-01-01T00:00:00.000000,breakout,correlation_filtered,0.7,alpha,100000000,108639190.61433053,8639190.61433053,0.0759883927878513,0.050403365730370187,0.21257740693150787,-0.19443381927260373,0.3430022881973779,0.457010837427661,0.9347662749496601,0.5313351498637602
2025-01-01T00:00:00.000000,2025-01-01T00:00:00.000000,breakout,correlation_filtered,0.7,alpha_volatility,100000000,112116020.92797115,12116020.927971154,0.10811784627231114,0.07136065903412359,0.20295349153617248,-0.17869092551535337,0.4489647226201155,0.595452244866331,1.0276830389758227,0.5122615803814714
2025-01-01T00:00:00.000000,2025-01-01T00:00:00.000000,breakout,correlation_filtered,0.7,inverse_volatility,100000000,112065007.28029639,12065007.280296385,0.1076454858282192,0.0710540075912891,0.20287782302241406,-0.1792500400623419,0.44761519041672704,0.5932990753437031,1.0162784771883566,0.5149863760217984
2025-01-01T00:00:00.000000,2025-01-01T00:00:00.000000,breakout,correlation_filtered,0.75,equal,100000000,108601565.9991703,8601565.999170303,0.07564522294602671,0.050178423127233085,0.21267149409934638,-0.1950398551725685,0.34191671291357445,0.4553095274783819,0.9345976718962822,0.5313351498637602
2025-01-01T00:00:00.000000,2025-01-01T00:00:00.000000,breakout,correlation_filtered,0.75,alpha,100000000,108639190.61433053,8639190.61433053,0.0759883927878513,0.050403365730370187,0.21257740693150787,-0.19443381927260373,0.3430022881973779,0.457010837427661,0.9347662749496601,0.5313351498637602
2025-01-01T00:00:00.000000,2025-01-01T00:00:00.000000,breakout,correlation_filtered,0.75,alpha_volatility,100000000,112116020.92797115,12116020.927971154,0.10811784627231114,0.07136065903412359,0.20295349153617248,-0.17869092551535337,0.4489647226201155,0.595452244866331,1.0276830389758227,0.5122615803814714
2025-01-01T00:00:00.000000,2025-01-01T00:00:00.000000,breakout,correlation_filtered,0.75,inverse_volatility,100000000,112065007.28029639,12065007.280296385,0.1076454858282192,0.0710540075912891,0.20287782302241406,-0.1792500400623419,0.44761519041672704,0.5932990753437031,1.0162784771883566,0.5149863760217984
2025-01-01T00:00:00.000000,2025-01-01T00:00:00.000000,breakout,correlation_filtered,0.8,equal,100000000,108601565.9991703,8601565.999170303,0.07564522294602671,0.050178423127233085,0.21267149409934638,-0.1950398551725685,0.34191671291357445,0.4553095274783819,0.9345976718962822,0.5313351498637602
2025-01-01T00:00:00.000000,2025-01-01T00:00:00.000000,breakout,correlation_filtered,0.8,alpha,100000000,108639190.61433053,8639190.61433053,0.0759883927878513,0.050403365730370187,0.21257740693150787,-0.19443381927260373,0.3430022881973779,0.457010837427661,0.9347662749496601,0.5313351498637602
2025-01-01T00:00:00.000000,2025-01-01T00:00:00.000000,breakout,correlation_filtered,0.8,alpha_volatility,100000000,112116020.92797115,12116020.927971154,0.10811784627231114,0.07136065903412359,0.20295349153617248,-0.17869092551535337,0.4489647226201155,0.595452244866331,1.0276830389758227,0.5122615803814714
2025-01-01T00:00:00.000000,2025-01-01T00:00:00.000000,breakout,correlation_filtered,0.8,inverse_volatility,100000000,112065007.28029639,12065007.280296385,0.1076454858282192,0.0710540075912891,0.20287782302241406,-0.1792500400623419,0.44761519041672704,0.5932990753437031,1.0162784771883566,0.5149863760217984
2025-01-01T00:00:00.000000,2025-01-01T00:00:00.000000,breakout,correlation_filtered,0.85,equal,100000000,108601565.9991703,8601565.999170303,0.07564522294602671,0.050178423127233085,0.21267149409934638,-0.1950398551725685,0.34191671291357445,0.4553095274783819,0.9345976718962822,0.5313351498637602
2025-01-01T00:00:00.000000,2025-01-01T00:00:00.000000,breakout,correlation_filtered,0.85,alpha,100000000,108639190.61433053,8639190.61433053,0.0759883927878513,0.050403365730370187,0.21257740693150787,-0.19443381927260373,0.3430022881973779,0.457010837427661,0.9347662749496601,0.5313351498637602
2025-01-01T00:00:00.000000,2025-01-01T00:00:00.000000,breakout,correlation_filtered,0.85,alpha_volatility,100000000,112116020.92797115,12116020.927971154,0.10811784627231114,0.07136065903412359,0.20295349153617248,-0.17869092551535337,0.4489647226201155,0.595452244866331,1.0276830389758227,0.5122615803814714
2025-01-01T00:00:00.000000,2025-01-01T00:00:00.000000,breakout,correlation_filtered,0.85,inverse_volatility,100000000,112065007.28029639,12065007.280296385,0.1076454858282192,0.0710540075912891,0.20287782302241406,-0.1792500400623419,0.44761519041672704,0.5932990753437031,1.0162784771883566,0.5149863760217984
2025-01-01T00:00:00.000000,2025-01-01T00:00:00.000000,volume_confirmation,top_n,None,equal,100000000,69108802.07765406,-30891197.922345936,-0.30398111444630516,-0.21596883653986487,0.2811678240069441,-0.3730727406933928,-0.7439611905042331,-1.091338523119266,0.9385559036070295,0.48501362397820164
2025-01-01T00:00:00.000000,2025-01-01T00:00:00.000000,volume_confirmation,top_n,None,alpha,100000000,69026800.00369294,-30973199.99630706,-0.3048277623291161,-0.21660929841698262,0.2812470337594893,-0.37339217642069533,-0.7466407916323182,-1.0949333905771925,0.9381161092089982,0.48501362397820164
2025-01-01T00:00:00.000000,2025-01-01T00:00:00.000000,volume_confirmation,top_n,None,alpha_volatility,100000000,67480954.3128017,-32519045.687198296,-0.3213153854317189,-0.22913327635384717,0.27437291606894776,-0.38998961707849944,-0.8323675947197804,-1.233123423647705,0.9251571403839718,0.48501362397820164
2025-01-01T00:00:00.000000,2025-01-01T00:00:00.000000,volume_confirmation,top_n,None,inverse_volatility,100000000,67549681.55015169,-32450318.44984831,-0.3206048860171077,-0.22859153538987664,0.27429702602507605,-0.3898069550935753,-0.8300579976775858,-1.2302961518159743,0.9255458219409125,0.48501362397820164
2025-01-01T00:00:00.000000,2025-01-01T00:00:00.000000,volume_confirmation,correlation_filtered,None,equal,100000000,69108802.07765406,-30891197.922345936,-0.30398111444630516,-0.21596883653986487,0.2811678240069441,-0.3730727406933928,-0.7439611905042331,-1.091338523119266,0.9385559036070295,0.48501362397820164
2025-01-01T00:00:00.000000,2025-01-01T00:00:00.000000,volume_confirmation,correlation_filtered,None,alpha,100000000,69026800.00369294,-30973199.99630706,-0.3048277623291161,-0.21660929841698262,0.2812470337594893,-0.37339217642069533,-0.7466407916323182,-1.0949333905771925,0.9381161092089982,0.48501362397820164
2025-01-01T00:00:00.000000,2025-01-01T00:00:00.000000,volume_confirmation,correlation_filtered,None,alpha_volatility,100000000,67480954.3128017,-32519045.687198296,-0.3213153854317189,-0.22913327635384717,0.27437291606894776,-0.38998961707849944,-0.8323675947197804,-1.233123423647705,0.9251571403839718,0.48501362397820164
2025-01-01T00:00:00.000000,2025-01-01T00:00:00.000000,volume_confirmation,correlation_filtered,None,inverse_volatility,100000000,67549681.55015169,-32450318.44984831,-0.3206048860171077,-0.22859153538987664,0.27429702602507605,-0.3898069550935753,-0.8300579976775858,-1.2302961518159743,0.9255458219409125,0.48501362397820164
2025-01-01T00:00:00.000000,2025-01-01T00:00:00.000000,volume_confirmation,correlation_filtered,0.7,equal,100000000,69108802.07765406,-30891197.922345936,-0.30398111444630516,-0.21596883653986487,0.2811678240069441,-0.3730727406933928,-0.7439611905042331,-1.091338523119266,0.9385559036070295,0.48501362397820164
2025-01-01T00:00:00.000000,2025-01-01T00:00:00.000000,volume_confirmation,correlation_filtered,0.7,alpha,100000000,69026800.00369294,-30973199.99630706,-0.3048277623291161,-0.21660929841698262,0.2812470337594893,-0.37339217642069533,-0.7466407916323182,-1.0949333905771925,0.9381161092089982,0.48501362397820164
2025-01-01T00:00:00.000000,2025-01-01T00:00:00.000000,volume_confirmation,correlation_filtered,0.7,alpha_volatility,100000000,67480954.3128017,-32519045.687198296,-0.3213153854317189,-0.22913327635384717,0.27437291606894776,-0.38998961707849944,-0.8323675947197804,-1.233123423647705,0.9251571403839718,0.48501362397820164
2025-01-01T00:00:00.000000,2025-01-01T00:00:00.000000,volume_confirmation,correlation_filtered,0.7,inverse_volatility,100000000,67549681.55015169,-32450318.44984831,-0.3206048860171077,-0.22859153538987664,0.27429702602507605,-0.3898069550935753,-0.8300579976775858,-1.2302961518159743,0.9255458219409125,0.48501362397820164
2025-01-01T00:00:00.000000,2025-01-01T00:00:00.000000,volume_confirmation,correlation_filtered,0.75,equal,100000000,69108802.07765406,-30891197.922345936,-0.30398111444630516,-0.21596883653986487,0.2811678240069441,-0.3730727406933928,-0.7439611905042331,-1.091338523119266,0.9385559036070295,0.48501362397820164
2025-01-01T00:00:00.000000,2025-01-01T00:00:00.000000,volume_confirmation,correlation_filtered,0.75,alpha,100000000,69026800.00369294,-30973199.99630706,-0.3048277623291161,-0.21660929841698262,0.2812470337594893,-0.37339217642069533,-0.7466407916323182,-1.0949333905771925,0.9381161092089982,0.48501362397820164
2025-01-01T00:00:00.000000,2025-01-01T00:00:00.000000,volume_confirmation,correlation_filtered,0.75,alpha_volatility,100000000,67480954.3128017,-32519045.687198296,-0.3213153854317189,-0.22913327635384717,0.27437291606894776,-0.38998961707849944,-0.8323675947197804,-1.233123423647705,0.9251571403839718,0.48501362397820164
2025-01-01T00:00:00.000000,2025-01-01T00:00:00.000000,volume_confirmation,correlation_filtered,0.75,inverse_volatility,100000000,67549681.55015169,-32450318.44984831,-0.3206048860171077,-0.22859153538987664,0.27429702602507605,-0.3898069550935753,-0.8300579976775858,-1.2302961518159743,0.9255458219409125,0.48501362397820164
2025-01-01T00:00:00.000000,2025-01-01T00:00:00.000000,volume_confirmation,correlation_filtered,0.8,equal,100000000,69108802.07765406,-30891197.922345936,-0.30398111444630516,-0.21596883653986487,0.2811678240069441,-0.3730727406933928,-0.7439611905042331,-1.091338523119266,0.9385559036070295,0.48501362397820164
2025-01-01T00:00:00.000000,2025-01-01T00:00:00.000000,volume_confirmation,correlation_filtered,0.8,alpha,100000000,69026800.00369294,-30973199.99630706,-0.3048277623291161,-0.21660929841698262,0.2812470337594893,-0.37339217642069533,-0.7466407916323182,-1.0949333905771925,0.9381161092089982,0.48501362397820164
2025-01-01T00:00:00.000000,2025-01-01T00:00:00.000000,volume_confirmation,correlation_filtered,0.8,alpha_volatility,100000000,67480954.3128017,-32519045.687198296,-0.3213153854317189,-0.22913327635384717,0.27437291606894776,-0.38998961707849944,-0.8323675947197804,-1.233123423647705,0.9251571403839718,0.48501362397820164
2025-01-01T00:00:00.000000,2025-01-01T00:00:00.000000,volume_confirmation,correlation_filtered,0.8,inverse_volatility,100000000,67549681.55015169,-32450318.44984831,-0.3206048860171077,-0.22859153538987664,0.27429702602507605,-0.3898069550935753,-0.8300579976775858,-1.2302961518159743,0.9255458219409125,0.48501362397820164
2025-01-01T00:00:00.000000,2025-01-01T00:00:00.000000,volume_confirmation,correlation_filtered,0.85,equal,100000000,69108802.07765406,-30891197.922345936,-0.30398111444630516,-0.21596883653986487,0.2811678240069441,-0.3730727406933928,-0.7439611905042331,-1.091338523119266,0.9385559036070295,0.48501362397820164
2025-01-01T00:00:00.000000,2025-01-01T00:00:00.000000,volume_confirmation,correlation_filtered,0.85,alpha,100000000,69026800.00369294,-30973199.99630706,-0.3048277623291161,-0.21660929841698262,0.2812470337594893,-0.37339217642069533,-0.7466407916323182,-1.0949333905771925,0.9381161092089982,0.48501362397820164
2025-01-01T00:00:00.000000,2025-01-01T00:00:00.000000,volume_confirmation,correlation_filtered,0.85,alpha_volatility,100000000,67480954.3128017,-32519045.687198296,-0.3213153854317189,-0.22913327635384717,0.27437291606894776,-0.38998961707849944,-0.8323675947197804,-1.233123423647705,0.9251571403839718,0.48501362397820164
2025-01-01T00:00:00.000000,2025-01-01T00:00:00.000000,volume_confirmation,correlation_filtered,0.85,inverse_volatility,100000000,67549681.55015169,-32450318.44984831,-0.3206048860171077,-0.22859153538987664,0.27429702602507605,-0.3898069550935753,-0.8300579976775858,-1.2302961518159743,0.9255458219409125,0.48501362397820164
2025-01-01T00:00:00.000000,2025-01-01T00:00:00.000000,technical_composite,top_n,None,equal,100000000,66651935.301443264,-33348064.698556736,-0.3327388454023247,-0.23786919556885278,0.29100987230960274,-0.42688771801053416,-0.8082171410525758,-1.1237366046410764,0.8572614884379709,0.5040871934604905
2025-01-01T00:00:00.000000,2025-01-01T00:00:00.000000,technical_composite,top_n,None,alpha,100000000,66377702.88490388,-33622297.11509612,-0.33510296165969355,-0.23968323594696261,0.2928570758006698,-0.427881456463866,-0.8095707099642698,-1.1227279408582453,0.8569697921064706,0.5040871934604905
2025-01-01T00:00:00.000000,2025-01-01T00:00:00.000000,technical_composite,top_n,None,alpha_volatility,100000000,67680026.9771573,-32319973.022842705,-0.3234191535608506,-0.23073844959534007,0.28256145476305594,-0.425473764021822,-0.8073757411926934,-1.1234593701068971,0.8662173176755638,0.5013623978201635
2025-01-01T00:00:00.000000,2025-01-01T00:00:00.000000,technical_composite,top_n,None,inverse_volatility,100000000,67958980.45635948,-32041019.543640524,-0.3209661423783977,-0.22886696254479255,0.2810313903364363,-0.4244696532026955,-0.80449077124962,-1.1213024677115275,0.8761894870010775,0.4986376021798365
2025-01-01T00:00:00.000000,2025-01-01T00:00:00.000000,technical_composite,correlation_filtered,None,equal,100000000,66651935.301443264,-33348064.698556736,-0.3327388454023247,-0.23786919556885278,0.29100987230960274,-0.42688771801053416,-0.8082171410525758,-1.1237366046410764,0.8572614884379709,0.5040871934604905
2025-01-01T00:00:00.000000,2025-01-01T00:00:00.000000,technical_composite,correlation_filtered,None,alpha,100000000,66377702.88490388,-33622297.11509612,-0.33510296165969355,-0.23968323594696261,0.2928570758006698,-0.427881456463866,-0.8095707099642698,-1.1227279408582453,0.8569697921064706,0.5040871934604905
2025-01-01T00:00:00.000000,2025-01-01T00:00:00.000000,technical_composite,correlation_filtered,None,alpha_volatility,100000000,67680026.9771573,-32319973.022842705,-0.3234191535608506,-0.23073844959534007,0.28256145476305594,-0.425473764021822,-0.8073757411926934,-1.1234593701068971,0.8662173176755638,0.5013623978201635
2025-01-01T00:00:00.000000,2025-01-01T00:00:00.000000,technical_composite,correlation_filtered,None,inverse_volatility,100000000,67958980.45635948,-32041019.543640524,-0.3209661423783977,-0.22886696254479255,0.2810313903364363,-0.4244696532026955,-0.80449077124962,-1.1213024677115275,0.8761894870010775,0.4986376021798365
2025-01-01T00:00:00.000000,2025-01-01T00:00:00.000000,technical_composite,correlation_filtered,0.7,equal,100000000,66651935.301443264,-33348064.698556736,-0.3327388454023247,-0.23786919556885278,0.29100987230960274,-0.42688771801053416,-0.8082171410525758,-1.1237366046410764,0.8572614884379709,0.5040871934604905
2025-01-01T00:00:00.000000,2025-01-01T00:00:00.000000,technical_composite,correlation_filtered,0.7,alpha,100000000,66377702.88490388,-33622297.11509612,-0.33510296165969355,-0.23968323594696261,0.2928570758006698,-0.427881456463866,-0.8095707099642698,-1.1227279408582453,0.8569697921064706,0.5040871934604905
2025-01-01T00:00:00.000000,2025-01-01T00:00:00.000000,technical_composite,correlation_filtered,0.7,alpha_volatility,100000000,67680026.9771573,-32319973.022842705,-0.3234191535608506,-0.23073844959534007,0.28256145476305594,-0.425473764021822,-0.8073757411926934,-1.1234593701068971,0.8662173176755638,0.5013623978201635
2025-01-01T00:00:00.000000,2025-01-01T00:00:00.000000,technical_composite,correlation_filtered,0.7,inverse_volatility,100000000,67958980.45635948,-32041019.543640524,-0.3209661423783977,-0.22886696254479255,0.2810313903364363,-0.4244696532026955,-0.80449077124962,-1.1213024677115275,0.8761894870010775,0.4986376021798365
2025-01-01T00:00:00.000000,2025-01-01T00:00:00.000000,technical_composite,correlation_filtered,0.75,equal,100000000,66651935.301443264,-33348064.698556736,-0.3327388454023247,-0.23786919556885278,0.29100987230960274,-0.42688771801053416,-0.8082171410525758,-1.1237366046410764,0.8572614884379709,0.5040871934604905
2025-01-01T00:00:00.000000,2025-01-01T00:00:00.000000,technical_composite,correlation_filtered,0.75,alpha,100000000,66377702.88490388,-33622297.11509612,-0.33510296165969355,-0.23968323594696261,0.2928570758006698,-0.427881456463866,-0.8095707099642698,-1.1227279408582453,0.8569697921064706,0.5040871934604905
2025-01-01T00:00:00.000000,2025-01-01T00:00:00.000000,technical_composite,correlation_filtered,0.75,alpha_volatility,100000000,67680026.9771573,-32319973.022842705,-0.3234191535608506,-0.23073844959534007,0.28256145476305594,-0.425473764021822,-0.8073757411926934,-1.1234593701068971,0.8662173176755638,0.5013623978201635
2025-01-01T00:00:00.000000,2025-01-01T00:00:00.000000,technical_composite,correlation_filtered,0.75,inverse_volatility,100000000,67958980.45635948,-32041019.543640524,-0.3209661423783977,-0.22886696254479255,0.2810313903364363,-0.4244696532026955,-0.80449077124962,-1.1213024677115275,0.8761894870010775,0.4986376021798365
2025-01-01T00:00:00.000000,2025-01-01T00:00:00.000000,technical_composite,correlation_filtered,0.8,equal,100000000,66651935.301443264,-33348064.698556736,-0.3327388454023247,-0.23786919556885278,0.29100987230960274,-0.42688771801053416,-0.8082171410525758,-1.1237366046410764,0.8572614884379709,0.5040871934604905
2025-01-01T00:00:00.000000,2025-01-01T00:00:00.000000,technical_composite,correlation_filtered,0.8,alpha,100000000,66377702.88490388,-33622297.11509612,-0.33510296165969355,-0.23968323594696261,0.2928570758006698,-0.427881456463866,-0.8095707099642698,-1.1227279408582453,0.8569697921064706,0.5040871934604905
2025-01-01T00:00:00.000000,2025-01-01T00:00:00.000000,technical_composite,correlation_filtered,0.8,alpha_volatility,100000000,67680026.9771573,-32319973.022842705,-0.3234191535608506,-0.23073844959534007,0.28256145476305594,-0.425473764021822,-0.8073757411926934,-1.1234593701068971,0.8662173176755638,0.5013623978201635
2025-01-01T00:00:00.000000,2025-01-01T00:00:00.000000,technical_composite,correlation_filtered,0.8,inverse_volatility,100000000,67958980.45635948,-32041019.543640524,-0.3209661423783977,-0.22886696254479255,0.2810313903364363,-0.4244696532026955,-0.80449077124962,-1.1213024677115275,0.8761894870010775,0.4986376021798365
2025-01-01T00:00:00.000000,2025-01-01T00:00:00.000000,technical_composite,correlation_filtered,0.85,equal,100000000,66651935.301443264,-33348064.698556736,-0.3327388454023247,-0.23786919556885278,0.29100987230960274,-0.42688771801053416,-0.8082171410525758,-1.1237366046410764,0.8572614884379709,0.5040871934604905
2025-01-01T00:00:00.000000,2025-01-01T00:00:00.000000,technical_composite,correlation_filtered,0.85,alpha,100000000,66377702.88490388,-33622297.11509612,-0.33510296165969355,-0.23968323594696261,0.2928570758006698,-0.427881456463866,-0.8095707099642698,-1.1227279408582453,0.8569697921064706,0.5040871934604905
2025-01-01T00:00:00.000000,2025-01-01T00:00:00.000000,technical_composite,correlation_filtered,0.85,alpha_volatility,100000000,67680026.9771573,-32319973.022842705,-0.3234191535608506,-0.23073844959534007,0.28256145476305594,-0.425473764021822,-0.8073757411926934,-1.1234593701068971,0.8662173176755638,0.5013623978201635
2025-01-01T00:00:00.000000,2025-01-01T00:00:00.000000,technical_composite,correlation_filtered,0.85,inverse_volatility,100000000,67958980.45635948,-32041019.543640524,-0.3209661423783977,-0.22886696254479255,0.2810313903364363,-0.4244696532026955,-0.80449077124962,-1.1213024677115275,0.8761894870010775,0.4986376021798365
